Customer_ID,Name_and_Surname,Age,Gender,Location,Income_Level,Policy_Type,Premium_Amount,Dependents,Payment_Method,Late_Payments,Missed_Payments,Number_of_Complaints,Claims_Filed,Customer_Tenure,Service_Satisfaction,Churn_Percentage
1,Prince Chibanda,21,Male,Kadoma,High,Family,22,5,Mobile Money,4,0,0,3,7,5,28
2,Tariro Mataruse,51,Male,Victoria Falls,Medium,Family,72,2,Ecocash,3,4,3,0,6,2,100
3,Ashley Mupunga,51,Female,Hwange,Low,Family,56,5,Cash,3,5,1,0,7,2,92
4,Tadiwa Mashava,22,Male,Victoria Falls,Medium,Family,33,0,Cash,8,4,3,2,4,1,100
5,Tonderai Chikafu,30,Female,Masvingo,Low,Individual,44,0,Ecocash,9,1,0,3,4,5,60
6,Blessing Mutsvangwa,32,Male,Bindura,Medium,Family,48,5,Mobile Money,7,1,1,2,3,2,84
7,Melody Nkomo,57,Female,Kariba,High,Family,77,3,Cash,0,5,1,1,5,5,53
8,Tadiwa Chibanda,35,Female,Hwange,High,Family,49,1,Bank Debit,5,2,4,1,4,1,100
9,Natsai Chikore,66,Male,Masvingo,High,Family,91,3,Cash,8,5,1,1,3,1,100
10,Tafadzwa Mupinga,44,Female,Kariba,Low,Individual,58,5,Bank Debit,8,0,1,3,7,3,74
11,Fadzai Mupfudze,51,Female,Hwange,Medium,Family,38,2,Ecocash,9,5,3,0,6,3,100
12,Elton Mataruse,60,Female,Kwekwe,High,Family,16,1,Mobile Money,8,0,0,1,9,3,64
13,Rutendo Chikafu,57,Female,Chitungwiza,Medium,Family,68,2,Ecocash,9,5,2,2,7,2,100
14,Tonderai Mutsvairo,45,Female,Chitungwiza,Medium,Family,72,1,Cash,2,4,4,2,2,4,94
15,Shingirai Chirinda,68,Male,Gweru,Low,Family,39,1,Mobile Money,8,3,0,3,5,2,93
16,Precious Mpofu,19,Male,Norton,High,Family,34,0,Ecocash,6,5,2,3,5,2,100
17,Kundai Mupamhanga,54,Male,Gweru,Medium,Family,19,2,Mobile Money,0,0,1,2,9,4,26
18,Rumbidzai Mupinga,62,Female,Kariba,High,Individual,68,3,Bank Debit,6,0,3,0,7,5,68
19,Kudzai Mupfudze,49,Female,Masvingo,Low,Individual,91,5,Ecocash,7,3,1,0,6,1,100
20,Natsai Mupfudze,34,Female,Mutare,Low,Family,29,2,Bank Debit,9,5,3,2,1,3,100
21,Memory Chiweshe,26,Female,Kadoma,Medium,Family,88,1,Bank Debit,1,2,1,2,3,1,69
22,Tawanda Mupinga,69,Male,Mutare,High,Individual,100,4,Mobile Money,5,5,4,0,3,1,100
23,Blessing Chikwanda,42,Female,Kadoma,High,Family,56,3,Ecocash,2,3,4,2,8,4,87
24,Natsai Chikafu,26,Male,Mutare,High,Individual,46,3,Bank Debit,3,4,2,0,2,1,100
25,Natsai Dube,65,Male,Kariba,Low,Family,114,0,Bank Debit,6,0,2,1,4,4,66
26,Tinotenda Munyoro,38,Female,Chitungwiza,Medium,Family,44,2,Cash,2,2,0,0,8,3,48
27,Farai Chikwanda,26,Female,Mutare,High,Individual,54,2,Ecocash,9,5,0,1,9,3,100
28,Memory Munyoro,66,Male,Hwange,High,Individual,50,5,Bank Debit,2,3,3,2,1,2,95
29,Kudakwashe Moyo,73,Male,Marondera,Low,Family,100,3,Bank Debit,2,3,3,0,6,2,93
30,Fadzai Dube,24,Female,Kadoma,Low,Family,117,5,Mobile Money,4,4,0,2,8,4,64
31,Tendai Mutsvairo,58,Male,Hwange,Medium,Family,116,1,Ecocash,2,2,3,3,8,5,62
32,Memory Mhlanga,35,Male,Marondera,Medium,Individual,11,3,Mobile Money,3,1,1,0,2,4,48
33,Kudzai Chibanda,72,Female,Norton,Low,Family,118,2,Mobile Money,5,2,4,3,2,4,95
34,Shingirai Chirume,55,Male,Chitungwiza,Low,Family,92,3,Bank Debit,0,4,4,2,1,3,94
35,Tonderai Mutasa,28,Male,Kariba,Medium,Individual,27,3,Cash,4,2,1,0,9,2,76
36,Elton Mapfumo,34,Male,Chitungwiza,Medium,Individual,13,4,Cash,6,1,1,2,2,2,79
37,Elton Matiza,71,Male,Bulawayo,High,Family,75,0,Cash,5,0,3,2,6,2,87
38,Farai Mupunga,33,Male,Bindura,Medium,Individual,90,2,Mobile Money,7,4,2,1,4,5,91
39,Tadiwa Mutizwa,65,Male,Masvingo,Low,Individual,50,5,Bank Debit,2,4,0,0,9,2,70
40,Takudzwa Mutambara,69,Female,Norton,High,Family,16,4,Bank Debit,2,4,1,3,4,4,64
41,Tafadzwa Masuku,25,Male,Kwekwe,Medium,Family,73,4,Mobile Money,5,2,0,3,3,4,55
42,Clive Munyoro,20,Male,Hwange,Low,Individual,36,5,Bank Debit,6,3,4,3,1,4,100
43,Taurai Mupamhanga,46,Female,Gweru,Medium,Individual,102,2,Cash,1,3,4,3,9,1,100
44,Faith Munyai,61,Male,Masvingo,High,Individual,105,1,Mobile Money,2,3,3,0,3,3,85
45,Tinotenda Mupunga,34,Female,Bindura,High,Family,29,5,Ecocash,5,3,1,2,4,1,96
46,Kudakwashe Mupfumi,67,Male,Kadoma,Low,Family,118,2,Bank Debit,5,3,1,2,2,1,96
47,Takudzwa Chikwanda,49,Female,Chegutu,High,Family,16,3,Ecocash,6,3,2,3,2,3,95
48,Nyasha Mashava,40,Male,Mutare,High,Family,34,1,Bank Debit,3,5,1,2,1,1,100
49,Brian Mupoperi,71,Male,Kadoma,Low,Family,15,2,Mobile Money,6,0,2,2,6,5,58
50,Tonderai Chikowore,60,Female,Chegutu,Medium,Individual,106,0,Ecocash,5,4,3,0,6,3,100
51,Rumbidzai Mataruse,22,Male,Kwekwe,Low,Individual,92,1,Bank Debit,3,3,3,3,2,5,74
52,Tafadzwa Moyo,69,Male,Mutare,High,Family,87,4,Mobile Money,0,3,3,0,9,1,91
53,Prince Munetsi,61,Female,Masvingo,High,Family,101,3,Ecocash,9,0,0,0,1,5,55
54,Brian Mutizwa,30,Female,Masvingo,Medium,Individual,56,4,Ecocash,7,3,2,1,4,1,100
55,Tinashe Matiza,21,Male,Kwekwe,High,Family,40,2,Bank Debit,3,1,4,0,3,4,78
56,Kundai Mashingaidze,52,Female,Chitungwiza,High,Family,36,0,Bank Debit,7,0,4,3,2,4,91
57,Kundai Mashava,18,Male,Chegutu,Medium,Individual,45,2,Mobile Money,6,4,0,0,1,4,76
58,Taurai Mutsvairo,30,Female,Victoria Falls,High,Family,78,1,Mobile Money,8,3,2,0,5,1,100
59,Simba Masango,26,Male,Bulawayo,High,Family,79,3,Cash,7,3,0,0,8,2,88
60,Tanaka Mapfumo,28,Female,Chitungwiza,High,Individual,94,0,Mobile Money,5,2,0,3,6,5,47
61,Natsai Mupinga,64,Male,Kariba,Low,Family,79,0,Mobile Money,0,5,1,0,8,5,53
62,Natsai Chikore,63,Female,Marondera,Medium,Family,91,4,Bank Debit,5,3,0,0,4,1,86
63,Nyasha Mutizwa,58,Female,Mutare,High,Individual,11,1,Cash,7,5,2,1,4,5,98
64,Tawanda Mapfumo,44,Male,Bulawayo,Low,Family,89,2,Cash,4,3,3,2,4,2,100
65,Tawanda Chirinda,27,Female,Bindura,High,Individual,66,5,Ecocash,0,0,3,2,8,4,46
66,Nyarai Mupamhanga,51,Male,Mutare,Medium,Individual,58,1,Ecocash,6,2,3,2,9,4,90
67,Tadiwa Mupunga,64,Male,Chegutu,High,Individual,30,2,Ecocash,1,2,0,0,4,2,51
68,Shamiso Mashiri,23,Female,Victoria Falls,High,Individual,71,3,Bank Debit,8,3,0,0,1,1,100
69,Tafadzwa Mutsvairo,71,Male,Gweru,Medium,Family,50,1,Cash,5,1,4,1,9,2,100
70,Rumbidzai Moyo,39,Female,Kwekwe,Medium,Family,47,1,Cash,1,4,0,2,8,3,57
71,Tinashe Mashava,71,Male,Chegutu,Low,Individual,16,5,Mobile Money,4,3,2,3,7,2,93
72,Elton Nkomo,62,Female,Norton,High,Individual,17,1,Mobile Money,2,5,1,1,4,2,87
73,Tapiwa Nkala,72,Male,Harare,Medium,Family,104,5,Cash,1,3,3,0,3,5,64
74,Shingirai Chirinda,21,Female,Chitungwiza,Medium,Individual,112,1,Mobile Money,6,2,3,1,5,2,100
75,Farai Mupinga,45,Male,Chegutu,Low,Individual,41,1,Bank Debit,6,4,0,3,4,1,98
76,Tapiwa Mutambara,46,Female,Kariba,Low,Individual,62,5,Cash,7,2,4,1,9,2,100
77,Farai Mupunga,59,Male,Marondera,High,Individual,116,5,Ecocash,7,1,3,3,7,4,88
78,Tatenda Mashiri,42,Female,Bindura,Medium,Individual,100,1,Mobile Money,8,0,4,2,2,3,100
79,Nyasha Nkomo,36,Female,Harare,High,Individual,98,1,Mobile Money,8,2,1,2,6,2,96
80,Shingirai Munyai,22,Male,Chitungwiza,Medium,Family,117,2,Bank Debit,0,0,1,1,3,3,34
81,Ashley Chirinda,53,Male,Kadoma,High,Family,114,2,Ecocash,9,1,4,1,4,1,100
82,Tatenda Mutizwa,36,Male,Kariba,Medium,Family,90,4,Ecocash,0,5,3,2,3,1,100
83,Nyarai Chirinda,57,Male,Harare,Medium,Family,112,5,Bank Debit,6,3,4,2,9,3,100
84,Elton Chikowore,27,Female,Bindura,High,Family,19,4,Ecocash,8,3,2,3,7,5,89
85,Tinashe Mupunga,60,Male,Kariba,Medium,Family,95,3,Mobile Money,1,3,4,0,7,4,82
86,Rudo Sibanda,28,Male,Masvingo,Low,Individual,42,1,Ecocash,9,0,4,1,5,5,93
87,Brian Munyoro,33,Male,Mutare,Low,Individual,104,1,Mobile Money,2,3,3,1,7,5,69
88,Shamiso Mupunga,53,Female,Hwange,Medium,Individual,115,5,Bank Debit,7,5,4,0,9,5,100
89,Tendekai Chikafu,48,Male,Bulawayo,Medium,Family,24,4,Ecocash,6,5,0,1,7,4,81
90,Fadzai Mhlanga,32,Female,Bulawayo,High,Individual,77,0,Bank Debit,4,5,1,1,5,3,89
91,Takudzwa Mupoperi,22,Female,Hwange,High,Individual,13,2,Mobile Money,4,3,3,1,9,4,87
92,Clive Chirume,21,Female,Bulawayo,Low,Family,111,3,Mobile Money,1,1,0,3,8,5,20
93,Simbarashe Mutsvangwa,46,Female,Kwekwe,Medium,Family,63,4,Mobile Money,5,5,2,3,3,2,100
94,Tendekai Nkala,60,Male,Masvingo,Medium,Family,103,4,Cash,2,5,0,0,3,3,69
95,Tinashe Mupoperi,49,Female,Bulawayo,High,Family,106,0,Bank Debit,6,2,2,0,3,2,96
96,Tendai Mashingaidze,48,Male,Bulawayo,Low,Family,67,0,Cash,8,1,4,1,5,5,95
97,Tendai Munyai,68,Female,Chegutu,High,Family,96,2,Bank Debit,8,1,2,3,8,4,83
98,Kundai Chikowore,57,Female,Chitungwiza,High,Individual,67,1,Mobile Money,9,3,0,2,6,1,100
99,Tadiwa Mupunga,18,Male,Kariba,High,Individual,43,4,Mobile Money,0,1,2,3,5,1,67
100,Prince Mupinga,31,Female,Victoria Falls,Medium,Individual,20,5,Ecocash,5,2,3,2,4,4,85
101,Tendekai Mutizwa,44,Male,Gweru,High,Individual,89,4,Cash,3,0,2,2,4,1,75
102,Elton Chikafu,33,Male,Hwange,Medium,Individual,114,3,Cash,8,0,3,1,7,2,100
103,Tonderai Nkomo,30,Male,Bulawayo,High,Individual,112,4,Bank Debit,3,0,2,1,7,1,75
104,Shamiso Munyai,53,Female,Chitungwiza,Low,Family,32,4,Cash,1,2,4,2,7,3,83
105,Rumbidzai Ndlovu,63,Female,Kadoma,Low,Individual,39,4,Mobile Money,2,1,2,3,2,1,77
106,Rutendo Masuku,43,Male,Masvingo,Low,Individual,31,4,Ecocash,6,0,1,3,3,4,56
107,Prince Mashava,48,Female,Norton,Low,Individual,38,5,Mobile Money,9,4,1,2,3,2,100
108,Simba Chibanda,46,Male,Victoria Falls,High,Individual,84,5,Cash,4,0,2,1,3,3,64
109,Clive Sibanda,33,Female,Gweru,Medium,Family,104,2,Cash,8,5,3,2,8,4,100
110,Rutendo Mashingaidze,64,Female,Victoria Falls,Medium,Individual,52,0,Ecocash,7,4,1,3,1,5,83
111,Blessing Chigumba,66,Female,Kadoma,High,Family,80,3,Ecocash,0,5,3,3,4,4,81
112,Melody Mupoperi,23,Male,Bindura,High,Family,29,0,Cash,1,2,0,2,1,1,61
113,Tatenda Mupfudze,24,Male,Kariba,Low,Individual,50,2,Cash,1,5,1,1,3,5,58
114,Elton Ndlovu,60,Female,Harare,Medium,Individual,94,4,Cash,0,5,1,2,2,3,69
115,Fadzai Munyoro,67,Male,Marondera,Low,Family,61,1,Ecocash,4,1,4,0,8,1,100
116,Farai Mupfumi,25,Male,Kariba,Low,Family,62,3,Cash,4,2,3,2,3,1,100
117,Shamiso Matiza,24,Female,Kariba,High,Individual,63,4,Ecocash,7,1,1,0,4,1,92
118,Anesu Nkomo,24,Female,Victoria Falls,Low,Family,86,5,Cash,9,5,1,3,7,4,100
119,Memory Mpofu,22,Male,Kadoma,Low,Individual,27,2,Bank Debit,6,2,0,3,8,4,60
120,Natsai Chibanda,33,Male,Kwekwe,Medium,Individual,36,0,Bank Debit,6,0,0,1,9,3,54
121,Tinotenda Mupamhanga,54,Female,Gweru,Low,Individual,87,0,Ecocash,8,1,0,0,8,4,63
122,Farai Dube,22,Male,Chegutu,Medium,Family,100,1,Bank Debit,0,1,1,2,1,3,43
123,Tendekai Chibanda,47,Female,Bindura,Low,Family,112,4,Mobile Money,2,1,1,3,6,4,43
124,Rudo Masuku,59,Female,Chitungwiza,High,Individual,117,1,Mobile Money,4,0,3,2,7,1,90
125,Tinotenda Chikafu,45,Male,Kadoma,Low,Individual,62,1,Bank Debit,4,1,1,2,9,3,61
126,Tadiwa Chirinda,67,Female,Bulawayo,Medium,Individual,71,4,Ecocash,3,2,1,3,7,2,71
127,Tinotenda Munyoro,73,Female,Bindura,High,Family,103,3,Bank Debit,1,5,2,1,8,3,84
128,Rumbidzai Mhlanga,65,Male,Harare,High,Family,62,4,Cash,2,5,2,0,4,4,81
129,Takudzwa Munyai,72,Male,Bindura,High,Family,44,4,Ecocash,9,0,1,3,3,1,95
130,Tonderai Mupunga,66,Female,Gweru,High,Family,110,4,Ecocash,5,3,1,0,8,4,72
131,Simbarashe Mutasa,28,Male,Bulawayo,Medium,Individual,10,0,Mobile Money,1,3,0,3,2,5,34
132,Natsai Mupoperi,73,Male,Chitungwiza,Medium,Individual,101,1,Mobile Money,3,4,4,0,2,2,100
133,Shingirai Moyo,62,Male,Chitungwiza,Medium,Family,61,3,Cash,7,1,2,1,4,4,78
134,Tawanda Mhlanga,55,Female,Marondera,Medium,Family,92,2,Bank Debit,7,1,3,0,8,1,100
135,Tinashe Moyo,32,Male,Marondera,Low,Family,43,1,Cash,2,4,4,1,3,3,100
136,Tafadzwa Mutsvairo,56,Male,Victoria Falls,Medium,Family,74,0,Mobile Money,4,0,1,0,5,4,46
137,Kudzai Dube,44,Female,Gweru,Medium,Family,103,2,Cash,0,1,4,0,9,5,55
138,Clive Sibanda,69,Female,Marondera,High,Family,28,5,Mobile Money,8,5,1,1,4,3,100
139,Nyasha Ndlovu,51,Male,Bindura,Medium,Individual,73,2,Bank Debit,5,2,0,2,5,2,71
140,Tonderai Matiza,47,Male,Kariba,Low,Family,85,5,Ecocash,1,4,4,1,3,4,89
141,Tadiwa Chikore,21,Male,Gweru,Medium,Family,112,5,Ecocash,2,2,0,2,5,5,32
142,Anesu Sibanda,22,Female,Kwekwe,Medium,Individual,47,4,Mobile Money,5,0,1,3,2,4,51
143,Shingirai Mupunga,30,Male,Mutare,Low,Family,119,2,Ecocash,4,0,3,0,5,2,82
144,Rudo Moyo,46,Male,Kwekwe,High,Individual,113,0,Mobile Money,9,4,0,1,5,1,100
145,Nyasha Mutsvairo,64,Female,Bindura,Low,Family,111,4,Mobile Money,3,1,1,3,5,4,48
146,Tendai Moyo,70,Female,Victoria Falls,Medium,Individual,85,1,Cash,6,1,3,3,5,3,91
147,Shingirai Nkomo,29,Male,Hwange,Low,Individual,94,4,Ecocash,1,5,4,2,6,5,88
148,Melody Chikafu,38,Male,Bindura,Medium,Individual,72,0,Bank Debit,2,4,0,0,3,2,70
149,Ashley Nkala,21,Male,Norton,High,Individual,65,0,Mobile Money,0,1,2,2,2,5,35
150,Anesu Nkomo,49,Male,Bulawayo,High,Individual,55,3,Bank Debit,9,3,2,1,2,5,94
151,Tinotenda Mashiri,21,Female,Gweru,Medium,Individual,22,5,Cash,7,0,1,2,4,4,61
152,Tawanda Chikwanda,34,Male,Chitungwiza,Low,Individual,89,0,Cash,1,1,2,2,6,5,40
153,Tatenda Chikwanda,72,Female,Chegutu,High,Family,21,0,Ecocash,1,2,4,2,4,4,75
154,Farai Mashava,34,Male,Chitungwiza,High,Individual,20,5,Bank Debit,6,2,3,3,3,2,100
155,Nyasha Nkomo,22,Female,Masvingo,High,Individual,29,2,Bank Debit,7,2,4,3,2,2,100
156,Shamiso Mataruse,25,Male,Victoria Falls,High,Family,83,0,Mobile Money,2,2,1,0,9,1,74
157,Taurai Mupoperi,66,Female,Gweru,Low,Family,65,0,Bank Debit,9,2,3,3,3,5,97
158,Taurai Mpofu,51,Male,Mutare,Low,Individual,77,5,Mobile Money,1,2,3,0,5,5,57
159,Blessing Ndlovu,21,Male,Mutare,Medium,Family,59,3,Mobile Money,6,0,0,1,6,2,62
160,Natsai Munetsi,28,Female,Kwekwe,Medium,Family,17,0,Ecocash,0,0,0,1,5,2,32
161,Rutendo Chikafu,50,Female,Hwange,Medium,Family,65,4,Ecocash,0,0,2,2,8,3,44
162,Brian Mutasa,23,Male,Gweru,High,Family,33,5,Bank Debit,9,3,0,1,5,3,90
163,Tatenda Masuku,68,Female,Kadoma,High,Family,90,4,Ecocash,0,1,4,2,3,2,79
164,Tatenda Chikafu,74,Female,Mutare,Low,Family,35,2,Mobile Money,7,1,4,0,5,1,100
165,Takudzwa Chikafu,44,Female,Marondera,Low,Family,57,2,Mobile Money,8,2,0,1,6,2,86
166,Fadzai Matiza,71,Female,Chitungwiza,Medium,Individual,111,3,Bank Debit,4,5,2,3,4,3,99
167,Tapiwa Mupunga,65,Female,Chitungwiza,Low,Family,18,2,Mobile Money,3,1,3,3,8,5,60
168,Blessing Mhlanga,68,Female,Chitungwiza,High,Family,53,5,Ecocash,5,3,4,0,3,3,100
169,Nyasha Mutambara,35,Female,Chitungwiza,Medium,Family,101,4,Ecocash,0,1,0,3,3,2,39
170,Tadiwa Mashingaidze,70,Female,Chitungwiza,Low,Family,92,2,Ecocash,1,5,2,3,3,2,92
171,Tendai Mupinga,56,Male,Norton,High,Individual,10,2,Mobile Money,5,5,1,0,7,1,100
172,Tinotenda Mpofu,33,Female,Kwekwe,Low,Individual,22,5,Bank Debit,0,2,4,2,1,1,96
173,Tonderai Mutasa,74,Female,Mutare,Medium,Individual,103,0,Ecocash,2,1,0,1,3,4,33
174,Simba Chikore,27,Female,Chegutu,High,Family,36,5,Cash,2,5,4,0,5,4,100
175,Prince Sibanda,55,Female,Victoria Falls,High,Individual,76,3,Cash,2,1,0,2,7,4,33
176,Tariro Ncube,18,Female,Kariba,High,Individual,117,5,Bank Debit,3,4,3,1,1,3,99
177,Kundai Mupunga,60,Male,Harare,Low,Family,48,4,Bank Debit,9,0,2,1,5,4,81
178,Tariro Mutsvangwa,20,Female,Kadoma,Medium,Individual,41,1,Ecocash,0,3,3,3,2,5,59
179,Faith Nkala,36,Female,Kariba,Medium,Individual,52,1,Ecocash,4,1,4,1,8,3,91
180,Kudakwashe Nkomo,27,Male,Kariba,Low,Family,38,1,Ecocash,8,4,1,2,2,2,100
181,Nyasha Mutambara,43,Male,Norton,Medium,Individual,88,1,Cash,2,1,4,0,4,3,81
182,Natsai Mupoperi,58,Male,Masvingo,Medium,Family,68,0,Ecocash,9,5,4,1,2,3,100
183,Faith Moyo,59,Male,Marondera,Low,Individual,113,1,Mobile Money,9,3,1,1,6,1,100
184,Brian Mutsvangwa,58,Female,Bindura,High,Family,47,3,Bank Debit,5,5,3,0,6,4,100
185,Tariro Mutasa,65,Male,Kariba,Low,Individual,105,3,Cash,0,4,4,1,9,2,100
186,Taurai Munyai,54,Female,Kariba,Low,Family,116,2,Ecocash,4,2,0,1,9,1,74
187,Tawanda Mupfumi,31,Female,Kadoma,Low,Individual,26,5,Cash,8,3,2,2,3,1,100
188,Precious Nkomo,23,Female,Kariba,Medium,Individual,99,0,Mobile Money,3,5,0,1,6,4,66
189,Rumbidzai Mutasa,20,Male,Bulawayo,Medium,Family,87,1,Bank Debit,5,1,2,3,5,1,92
190,Memory Chikafu,24,Female,Kariba,Medium,Family,80,2,Cash,3,3,0,3,4,1,76
191,Rutendo Ndlovu,34,Male,Hwange,High,Individual,86,1,Cash,5,0,4,0,7,4,81
192,Elton Mupinga,49,Female,Norton,Low,Family,110,3,Ecocash,5,4,4,1,2,2,100
193,Kudzai Mupinga,19,Female,Kadoma,High,Individual,117,3,Ecocash,7,5,1,3,3,4,96
194,Faith Ndlovu,54,Male,Harare,Medium,Individual,105,2,Cash,4,3,0,3,6,2,73
195,Shamiso Mupunga,70,Female,Gweru,Medium,Individual,84,2,Ecocash,1,1,2,1,4,4,48
196,Tadiwa Masango,19,Male,Gweru,Medium,Family,86,0,Cash,6,4,4,2,3,1,100
197,Clive Chikwanda,55,Male,Bulawayo,High,Family,116,3,Mobile Money,7,5,0,2,5,4,86
198,Tapiwa Mutsvangwa,31,Male,Gweru,Low,Family,78,2,Bank Debit,7,2,1,1,9,5,67
199,Shingirai Mupinga,62,Male,Victoria Falls,High,Family,52,0,Bank Debit,6,5,2,3,6,5,93
200,Nyarai Munyai,42,Male,Marondera,High,Individual,43,1,Bank Debit,0,0,0,0,8,1,40
201,Tanaka Mupfumi,45,Female,Gweru,High,Family,30,0,Bank Debit,3,3,1,1,5,5,54
202,Tinashe Chiweshe,43,Female,Kwekwe,Medium,Family,27,5,Ecocash,6,5,1,3,5,2,100
203,Kudakwashe Mupoperi,20,Female,Mutare,Medium,Individual,10,1,Mobile Money,5,4,3,0,7,4,99
204,Prince Chirinda,74,Female,Victoria Falls,Low,Family,106,2,Bank Debit,5,2,2,3,5,2,91
205,Shingirai Mutizwa,59,Male,Victoria Falls,Medium,Family,74,0,Bank Debit,3,1,4,3,1,4,80
206,Melody Ndlovu,41,Female,Chegutu,Medium,Family,79,5,Bank Debit,5,4,3,3,9,2,100
207,Tendekai Mutsvangwa,45,Male,Harare,High,Individual,102,0,Bank Debit,5,5,0,1,4,3,84
208,Clive Chirume,30,Female,Norton,High,Individual,98,4,Cash,5,2,4,0,5,1,100
209,Tadiwa Chirume,46,Male,Bulawayo,Low,Family,16,3,Cash,7,3,2,2,3,1,100
210,Tatenda Chibanda,56,Female,Masvingo,Medium,Family,95,0,Bank Debit,1,2,2,0,3,1,79
211,Nyarai Mashingaidze,33,Male,Victoria Falls,Medium,Family,30,5,Mobile Money,5,3,0,2,2,3,70
212,Elton Masuku,73,Male,Chegutu,Low,Family,59,5,Mobile Money,6,4,2,1,6,1,100
213,Tatenda Mutsvangwa,30,Female,Chegutu,Low,Family,75,1,Cash,7,5,2,3,3,3,100
214,Taurai Chirume,52,Female,Kariba,Medium,Individual,94,1,Bank Debit,4,3,4,1,3,1,100
215,Brian Mhlanga,69,Female,Kariba,Low,Individual,86,0,Bank Debit,0,5,1,0,5,1,85
216,Simba Mhlanga,68,Male,Chitungwiza,Low,Family,47,3,Ecocash,2,1,0,2,4,5,25
217,Faith Munyai,31,Male,Harare,Medium,Individual,92,1,Bank Debit,2,4,0,2,5,4,54
218,Natsai Dube,58,Male,Bindura,Low,Individual,69,0,Mobile Money,8,0,1,1,8,2,82
219,Natsai Chikwanda,65,Male,Harare,High,Individual,11,4,Bank Debit,4,1,3,1,9,4,73
220,Ashley Mupinga,49,Male,Bulawayo,Low,Family,28,0,Mobile Money,6,2,4,0,7,1,100
221,Simba Mupoperi,70,Male,Victoria Falls,Low,Family,87,0,Mobile Money,4,0,4,2,1,1,100
222,Simbarashe Mutizwa,35,Male,Chegutu,High,Individual,17,4,Cash,4,3,1,2,2,1,91
223,Tinashe Ndlovu,62,Male,Bindura,Medium,Family,75,1,Mobile Money,7,4,4,1,2,2,100
224,Clive Chibanda,70,Female,Norton,Medium,Family,92,2,Ecocash,7,1,2,2,7,2,94
225,Farai Nkala,52,Female,Kadoma,Low,Individual,43,3,Cash,4,3,2,3,6,5,69
226,Kudzai Chikwanda,71,Female,Kadoma,Low,Individual,97,1,Ecocash,9,2,2,2,2,2,100
227,Natsai Mutsvangwa,36,Female,Hwange,Medium,Family,66,4,Mobile Money,3,1,4,1,5,3,86
228,Nyarai Ncube,28,Male,Victoria Falls,Medium,Family,36,3,Cash,3,0,2,1,3,2,67
229,Nyarai Dube,51,Female,Harare,High,Individual,116,5,Cash,5,4,0,1,9,1,93
230,Ashley Munyai,35,Male,Kariba,Medium,Family,41,3,Mobile Money,9,2,0,1,7,5,67
231,Simba Chikafu,50,Male,Chitungwiza,Medium,Individual,51,2,Bank Debit,6,4,3,1,6,4,100
232,Tawanda Mutsvairo,56,Female,Kwekwe,High,Family,91,5,Mobile Money,4,0,0,2,5,4,36
233,Simbarashe Munetsi,61,Male,Bindura,Medium,Family,117,1,Bank Debit,7,2,3,2,9,2,100
234,Natsai Mupamhanga,54,Female,Gweru,Medium,Family,96,3,Bank Debit,0,2,1,0,1,5,34
235,Tendekai Chiweshe,31,Female,Kariba,High,Family,51,4,Ecocash,7,2,0,1,9,4,65
236,Shingirai Mashingaidze,19,Female,Bindura,Medium,Individual,41,4,Mobile Money,8,0,2,3,3,4,76
237,Tadiwa Mhlanga,48,Male,Norton,Medium,Family,79,1,Ecocash,6,0,0,1,5,2,62
238,Tinotenda Chikafu,63,Female,Masvingo,Medium,Individual,43,4,Bank Debit,4,4,0,3,8,5,56
239,Nyasha Chibanda,71,Male,Hwange,Low,Family,83,3,Cash,1,1,2,1,5,2,64
240,Nyasha Mutambara,72,Male,Norton,Low,Family,96,3,Ecocash,4,0,4,3,3,2,92
241,Tapiwa Chirume,25,Female,Hwange,Medium,Individual,99,1,Cash,3,1,3,2,7,1,92
242,Tatenda Masango,43,Female,Masvingo,Low,Individual,26,2,Ecocash,2,1,1,1,2,3,51
243,Tinotenda Mataruse,33,Female,Bindura,Low,Individual,112,5,Bank Debit,1,0,2,3,6,1,65
244,Kudzai Ndlovu,56,Male,Victoria Falls,Low,Family,33,0,Cash,5,1,0,3,2,4,48
245,Kudzai Mapfumo,32,Male,Norton,High,Individual,12,2,Bank Debit,1,1,1,3,7,3,46
246,Elton Moyo,72,Male,Hwange,Medium,Family,22,5,Ecocash,4,3,0,3,6,5,49
247,Taurai Mutasa,24,Female,Gweru,Medium,Individual,94,2,Mobile Money,5,1,3,0,9,4,78
248,Natsai Mashiri,74,Male,Gweru,Medium,Individual,51,2,Mobile Money,5,3,1,2,4,4,72
249,Kudakwashe Mutsvairo,25,Female,Hwange,Low,Individual,10,2,Ecocash,2,5,0,1,6,1,85
250,Tapiwa Mutambara,18,Female,Hwange,Low,Family,49,2,Mobile Money,1,4,1,2,2,5,51
251,Tadiwa Mashava,51,Male,Norton,High,Individual,36,5,Cash,2,3,3,1,6,4,77
252,Anesu Mupunga,21,Male,Victoria Falls,High,Individual,92,5,Mobile Money,7,1,2,3,4,2,94
253,Brian Mupamhanga,36,Male,Victoria Falls,Medium,Family,29,1,Cash,2,2,3,1,8,5,62
254,Simba Ncube,53,Male,Bindura,Medium,Individual,32,4,Ecocash,3,2,2,3,5,3,73
255,Memory Chikowore,46,Female,Norton,Medium,Family,10,3,Ecocash,1,4,3,0,5,2,95
256,Brian Mashiri,27,Female,Marondera,Medium,Family,117,2,Cash,8,1,2,1,5,5,75
257,Natsai Mutambara,63,Male,Gweru,Low,Family,18,4,Cash,2,1,1,2,1,1,69
258,Rutendo Chirinda,47,Male,Kadoma,Low,Individual,14,5,Cash,9,4,2,2,7,2,100
259,Nyarai Chibanda,43,Male,Kadoma,Medium,Family,40,4,Bank Debit,5,5,2,2,8,5,88
260,Tendekai Mashingaidze,51,Male,Kwekwe,Medium,Individual,30,1,Mobile Money,6,5,4,1,1,5,100
261,Kundai Munyai,72,Female,Victoria Falls,High,Family,15,0,Mobile Money,4,1,2,0,3,1,87
262,Prince Mashava,66,Male,Mutare,Medium,Individual,65,5,Cash,4,3,3,2,4,3,95
263,Elton Chikwanda,74,Male,Kariba,Medium,Individual,23,3,Bank Debit,8,1,3,3,7,2,100
264,Melody Nkomo,50,Male,Kwekwe,High,Individual,65,1,Mobile Money,2,0,1,3,3,1,60
265,Rutendo Nkala,25,Female,Kwekwe,Medium,Individual,43,0,Cash,0,3,1,3,5,3,55
266,Memory Chirinda,45,Male,Mutare,Low,Family,76,4,Ecocash,1,3,0,3,2,1,66
267,Tonderai Mupfudze,59,Male,Gweru,High,Individual,104,3,Bank Debit,7,4,3,1,9,3,100
268,Memory Nkomo,27,Female,Victoria Falls,Medium,Family,96,4,Bank Debit,7,4,3,0,1,1,100
269,Rutendo Munyai,23,Female,Mutare,Low,Individual,74,2,Bank Debit,3,2,1,3,9,2,71
270,Anesu Chirinda,41,Male,Bindura,Medium,Family,114,0,Mobile Money,0,2,2,0,6,5,42
271,Memory Mutsvairo,39,Female,Chegutu,High,Family,13,5,Ecocash,5,0,3,3,4,5,63
272,Precious Chirinda,52,Male,Bindura,Medium,Family,107,2,Ecocash,3,5,1,1,7,5,68
273,Tanaka Munyai,22,Female,Victoria Falls,Low,Individual,70,1,Ecocash,7,0,3,3,1,2,99
274,Faith Mupinga,19,Male,Kariba,Medium,Individual,17,1,Ecocash,6,2,0,1,8,1,84
275,Shamiso Munyai,56,Male,Chitungwiza,Medium,Individual,53,1,Mobile Money,2,5,3,2,1,1,100
276,Tinotenda Munyai,48,Female,Harare,High,Family,83,2,Cash,7,0,0,1,7,2,67
277,Simbarashe Mupunga,32,Female,Chegutu,Low,Family,48,2,Cash,3,1,4,3,5,3,86
278,Memory Chikowore,62,Female,Bindura,High,Family,111,1,Cash,8,5,4,1,7,3,100
279,Tinotenda Mataruse,56,Female,Marondera,High,Family,33,2,Cash,8,4,2,3,9,5,96
280,Kudakwashe Mataruse,71,Male,Bindura,High,Family,100,4,Ecocash,8,1,0,3,8,1,87
281,Tadiwa Mupinga,32,Male,Masvingo,Medium,Family,49,5,Bank Debit,4,1,2,0,5,4,63
282,Rudo Mashiri,63,Male,Chitungwiza,Medium,Individual,44,2,Mobile Money,5,3,4,2,3,3,100
283,Shingirai Mutambara,71,Female,Mutare,Medium,Family,18,0,Cash,3,5,3,0,6,2,100
284,Tatenda Mataruse,37,Female,Kwekwe,Medium,Individual,85,0,Ecocash,4,4,1,0,6,2,90
285,Kudakwashe Mutsvairo,53,Female,Norton,High,Individual,60,2,Mobile Money,7,2,1,1,5,2,91
286,Tonderai Mashava,28,Female,Kadoma,High,Individual,111,4,Bank Debit,4,3,4,1,6,3,100
287,Simba Mashiri,38,Female,Chegutu,Low,Individual,37,5,Ecocash,0,5,4,3,6,5,83
288,Farai Munetsi,44,Female,Mutare,Medium,Individual,74,5,Mobile Money,4,4,4,3,4,4,100
289,Shamiso Mashiri,24,Male,Kwekwe,Medium,Individual,101,3,Bank Debit,1,0,0,2,7,4,21
290,Rudo Mupinga,71,Female,Bindura,Low,Individual,59,0,Ecocash,6,0,3,3,2,4,76
291,Brian Dube,31,Male,Masvingo,High,Family,13,5,Cash,7,0,3,0,5,1,100
292,Tendekai Mashava,36,Male,Masvingo,Low,Individual,89,5,Ecocash,6,2,3,0,1,5,84
293,Nyasha Mapfumo,72,Female,Kariba,Low,Individual,19,0,Cash,8,0,2,2,1,1,100
294,Nyasha Mupunga,64,Female,Victoria Falls,Medium,Family,19,3,Mobile Money,7,0,1,2,3,3,69
295,Tendekai Mupfumi,41,Male,Hwange,High,Individual,65,0,Ecocash,6,2,0,1,5,5,52
296,Simba Mutizwa,38,Male,Marondera,Low,Individual,73,0,Mobile Money,2,0,3,0,8,4,56
297,Rudo Mutsvairo,46,Male,Mutare,High,Family,50,0,Bank Debit,0,5,4,0,2,2,100
298,Blessing Mashingaidze,59,Female,Bulawayo,Medium,Family,16,4,Ecocash,7,3,2,1,6,4,92
299,Kundai Mupfudze,67,Male,Bindura,High,Family,101,0,Ecocash,8,3,1,2,2,3,95
300,Rutendo Mupinga,53,Female,Hwange,Medium,Family,93,4,Mobile Money,2,1,0,2,8,2,49
301,Memory Matiza,57,Female,Harare,Low,Family,12,2,Cash,7,0,0,3,5,4,51
302,Fadzai Chirinda,49,Male,Kwekwe,Low,Individual,84,3,Mobile Money,9,4,3,3,6,1,100
303,Tinashe Mutsvairo,19,Male,Hwange,Medium,Individual,107,3,Cash,7,0,3,0,8,1,100
304,Nyarai Mupoperi,33,Male,Victoria Falls,Low,Family,72,1,Cash,5,2,4,2,8,1,100
305,Tawanda Munetsi,67,Male,Victoria Falls,Medium,Family,109,1,Bank Debit,1,5,3,2,6,2,100
306,Elton Mutambara,66,Male,Kwekwe,Low,Individual,44,5,Ecocash,8,1,3,0,7,2,100
307,Faith Chigumba,39,Female,Harare,Medium,Individual,106,0,Bank Debit,5,2,3,1,9,5,77
308,Farai Nkala,46,Male,Bindura,High,Family,82,4,Cash,7,5,4,1,4,3,100
309,Anesu Mupfumi,34,Male,Gweru,Medium,Family,76,5,Bank Debit,0,0,0,0,6,1,40
310,Tinashe Mupoperi,22,Male,Kadoma,High,Individual,89,1,Cash,9,5,1,0,4,2,100
311,Prince Mupamhanga,48,Female,Chitungwiza,Low,Family,93,1,Mobile Money,9,4,2,1,3,5,100
312,Rudo Masango,48,Female,Kwekwe,Medium,Individual,49,3,Cash,0,1,1,1,8,5,25
313,Melody Mupamhanga,45,Male,Kwekwe,High,Individual,62,0,Bank Debit,7,5,3,3,6,4,100
314,Rudo Chiweshe,37,Female,Bindura,High,Individual,108,2,Ecocash,0,4,3,0,3,2,90
315,Simba Mutasa,22,Male,Bulawayo,Medium,Individual,91,2,Cash,1,4,0,2,9,2,65
316,Memory Mutsvangwa,36,Female,Masvingo,Medium,Individual,33,3,Mobile Money,0,4,0,0,3,2,60
317,Tawanda Mashava,24,Male,Kadoma,Medium,Family,103,4,Ecocash,1,1,3,3,5,3,66
318,Kudakwashe Matiza,34,Male,Masvingo,Low,Family,96,2,Ecocash,9,2,0,2,8,3,83
319,Melody Mutizwa,61,Female,Harare,Low,Family,89,5,Bank Debit,9,4,0,3,5,4,89
320,Taurai Ncube,50,Male,Chitungwiza,Low,Individual,47,0,Ecocash,6,0,4,2,5,4,86
321,Fadzai Mupunga,38,Female,Gweru,Medium,Individual,115,1,Cash,8,1,0,0,4,3,71
322,Rutendo Ncube,71,Male,Harare,High,Individual,96,5,Mobile Money,4,0,3,0,4,2,82
323,Natsai Dube,62,Female,Bulawayo,High,Individual,28,2,Cash,7,5,2,1,5,5,98
324,Tinotenda Mashava,71,Female,Kadoma,Low,Individual,34,3,Cash,4,1,1,3,3,5,45
325,Memory Moyo,38,Male,Bindura,Medium,Individual,40,0,Cash,7,0,4,2,5,5,83
326,Kundai Dube,36,Female,Bulawayo,Low,Individual,72,5,Bank Debit,6,3,1,0,6,2,93
327,Shamiso Mutsvairo,39,Male,Marondera,Low,Individual,82,3,Ecocash,3,2,1,0,2,5,47
328,Kundai Masuku,65,Female,Masvingo,Low,Individual,54,5,Ecocash,3,1,4,1,3,3,86
329,Kundai Moyo,63,Female,Chitungwiza,Medium,Individual,55,1,Bank Debit,2,5,2,0,5,3,89
330,Memory Chirinda,64,Male,Victoria Falls,Medium,Individual,81,4,Mobile Money,6,2,3,3,9,1,100
331,Anesu Chikafu,53,Female,Chitungwiza,Low,Individual,111,3,Mobile Money,4,4,2,1,2,1,100
332,Tawanda Munyai,70,Female,Harare,High,Family,13,0,Bank Debit,7,3,2,1,1,3,100
333,Shamiso Ncube,23,Male,Marondera,Medium,Individual,29,1,Ecocash,6,4,4,0,9,1,100
334,Rutendo Mupamhanga,19,Female,Marondera,Medium,Family,57,3,Mobile Money,9,2,1,2,3,5,77
335,Shingirai Chirume,42,Male,Bindura,Low,Individual,13,3,Bank Debit,7,5,4,2,3,3,100
336,Nyasha Mashingaidze,38,Male,Victoria Falls,Medium,Individual,19,3,Mobile Money,5,3,0,1,6,1,86
337,Tatenda Mutizwa,71,Male,Bindura,Medium,Individual,106,5,Bank Debit,2,0,1,2,6,5,28
338,Faith Nkala,62,Female,Masvingo,Low,Individual,28,4,Mobile Money,1,1,2,0,9,1,72
339,Nyasha Chirinda,54,Male,Mutare,Low,Family,12,1,Ecocash,0,4,3,0,2,2,90
340,Taurai Mupunga,30,Female,Kariba,High,Individual,68,3,Ecocash,9,5,0,1,5,5,88
341,Shamiso Chigumba,74,Male,Harare,Low,Individual,90,4,Mobile Money,7,1,4,3,8,2,100
342,Faith Mupinga,51,Male,Norton,Medium,Individual,24,0,Bank Debit,1,3,2,3,9,5,54
343,Tapiwa Chikwanda,70,Female,Marondera,High,Individual,31,2,Ecocash,2,4,2,1,5,1,98
344,Clive Munyai,50,Male,Marondera,High,Family,62,0,Mobile Money,6,3,3,2,3,4,97
345,Nyarai Mashiri,57,Male,Mutare,High,Individual,43,3,Ecocash,7,5,1,3,5,5,88
346,Rudo Chiweshe,54,Male,Harare,Low,Individual,87,4,Ecocash,5,1,1,2,2,3,66
347,Elton Mashingaidze,73,Female,Kariba,Low,Individual,79,1,Cash,6,3,4,3,2,4,100
348,Rudo Chikore,56,Female,Kariba,Low,Family,84,2,Mobile Money,0,3,1,1,7,5,39
349,Shamiso Mupoperi,64,Female,Marondera,Low,Family,31,0,Ecocash,2,4,1,2,7,5,56
350,Brian Mutsvangwa,49,Male,Bulawayo,Medium,Family,76,0,Bank Debit,3,5,2,2,9,1,100
351,Kudakwashe Mupfudze,27,Male,Kadoma,Medium,Family,105,5,Cash,0,2,2,2,4,3,58
352,Clive Mutambara,69,Male,Hwange,Medium,Family,22,1,Cash,0,1,1,1,8,2,49
353,Tatenda Chirume,60,Male,Hwange,Low,Family,90,0,Cash,2,2,4,1,4,5,72
354,Clive Chirume,38,Male,Marondera,Medium,Individual,12,0,Bank Debit,7,3,1,2,1,3,92
355,Tendai Ncube,34,Female,Norton,Low,Family,65,0,Mobile Money,1,0,0,3,5,4,21
356,Brian Munyai,65,Male,Chitungwiza,High,Individual,85,0,Ecocash,9,5,1,2,3,1,100
357,Tatenda Mhlanga,23,Male,Mutare,High,Family,73,1,Ecocash,7,2,3,2,4,4,95
358,Taurai Mutambara,59,Male,Chitungwiza,High,Family,93,0,Cash,2,1,2,0,4,3,61
359,Precious Mashava,61,Male,Chegutu,High,Individual,98,0,Cash,0,4,3,3,3,3,82
360,Simba Mupamhanga,69,Male,Hwange,Low,Individual,65,1,Cash,6,3,3,2,2,1,100
361,Rudo Chibanda,43,Male,Mutare,High,Individual,101,1,Bank Debit,9,2,1,3,4,3,93
362,Kundai Nkala,36,Female,Masvingo,Medium,Individual,64,0,Ecocash,7,5,1,1,7,3,100
363,Tonderai Chikafu,27,Female,Victoria Falls,High,Individual,18,5,Bank Debit,5,1,2,2,2,5,60
364,Shingirai Munyai,27,Male,Marondera,Medium,Individual,40,0,Bank Debit,0,0,3,1,5,3,54
365,Kudzai Chikwanda,34,Male,Chegutu,High,Individual,92,3,Bank Debit,9,0,3,0,9,3,99
366,Farai Chiweshe,21,Female,Masvingo,High,Family,70,1,Mobile Money,6,1,0,0,3,1,77
367,Taurai Chikwanda,59,Male,Victoria Falls,High,Individual,16,4,Cash,9,5,3,2,2,4,100
368,Kundai Mupinga,55,Male,Chegutu,Low,Individual,99,2,Mobile Money,1,0,3,2,9,1,75
369,Tendai Chikafu,19,Female,Marondera,Low,Individual,47,0,Cash,5,4,0,3,5,4,69
370,Tariro Mupunga,32,Female,Marondera,High,Family,98,2,Ecocash,3,2,3,2,3,3,83
371,Tendai Mhlanga,65,Female,Hwange,High,Family,114,5,Bank Debit,3,2,4,0,4,1,100
372,Blessing Mutsvairo,18,Female,Hwange,Medium,Family,110,4,Bank Debit,5,5,3,1,8,2,100
373,Rudo Mupamhanga,66,Female,Bindura,Medium,Individual,69,1,Bank Debit,3,2,0,0,1,5,39
374,Nyasha Mutasa,41,Female,Mutare,High,Family,25,3,Bank Debit,9,5,0,2,3,2,100
375,Faith Chiweshe,74,Male,Marondera,Medium,Individual,72,0,Ecocash,7,0,2,2,9,4,71
376,Ashley Chiweshe,23,Female,Kwekwe,Medium,Family,68,2,Ecocash,5,4,2,1,3,3,97
377,Kundai Mupamhanga,29,Male,Chegutu,Low,Individual,19,2,Ecocash,9,5,2,2,9,2,100
378,Tinotenda Mashingaidze,34,Female,Bindura,High,Family,89,4,Bank Debit,9,4,2,0,8,1,100
379,Tinashe Munyai,37,Female,Kariba,Medium,Family,107,5,Bank Debit,4,3,1,1,7,2,83
380,Tafadzwa Chirume,21,Male,Kwekwe,High,Individual,83,1,Mobile Money,7,4,2,3,3,4,99
381,Takudzwa Moyo,43,Female,Hwange,High,Family,87,2,Cash,7,0,4,3,8,3,99
382,Tendekai Sibanda,25,Female,Hwange,Low,Family,102,5,Bank Debit,9,3,4,1,8,3,100
383,Ashley Nkomo,66,Female,Chegutu,Medium,Individual,20,5,Cash,1,4,3,0,2,2,95
384,Melody Mutasa,59,Female,Chitungwiza,High,Family,23,2,Mobile Money,6,2,1,2,1,5,64
385,Melody Chibanda,60,Female,Norton,Medium,Family,15,3,Cash,9,4,2,1,9,3,100
386,Rumbidzai Mupamhanga,26,Male,Chitungwiza,Low,Family,20,0,Ecocash,6,5,3,1,4,2,100
387,Shingirai Mataruse,66,Female,Chegutu,High,Family,54,1,Cash,4,3,2,2,8,1,100
388,Shingirai Mashava,65,Female,Masvingo,Medium,Individual,111,5,Mobile Money,2,4,2,1,8,2,90
389,Rutendo Mutambara,35,Female,Bulawayo,Low,Individual,15,2,Cash,2,0,2,2,9,4,46
390,Clive Dube,18,Female,Marondera,Low,Individual,18,3,Ecocash,9,0,3,1,2,4,91
391,Prince Chikwanda,26,Male,Bulawayo,High,Individual,111,5,Bank Debit,8,2,2,2,6,2,100
392,Kudakwashe Nkomo,48,Male,Kwekwe,Low,Family,116,2,Cash,8,3,2,3,9,3,100
393,Fadzai Chikafu,33,Male,Masvingo,High,Individual,24,1,Ecocash,9,2,2,3,1,3,100
394,Tendai Chigumba,66,Male,Gweru,High,Individual,11,5,Bank Debit,6,4,2,0,7,1,100
395,Elton Mutsvairo,30,Male,Chitungwiza,Low,Individual,40,4,Ecocash,8,3,3,2,4,3,100
396,Simbarashe Moyo,73,Female,Hwange,Low,Family,105,3,Bank Debit,4,5,3,3,8,3,100
397,Tawanda Mapfumo,64,Male,Bindura,High,Individual,104,3,Bank Debit,9,1,3,3,5,4,98
398,Prince Mutizwa,61,Female,Bindura,High,Family,101,2,Cash,1,0,3,0,8,4,51
399,Rudo Mutsvairo,74,Female,Bindura,High,Individual,56,1,Mobile Money,9,3,4,0,8,1,100
400,Tinashe Nkala,50,Female,Kadoma,Medium,Family,11,3,Bank Debit,2,0,3,0,7,3,64
401,Tendekai Chirinda,56,Male,Mutare,Low,Family,100,4,Mobile Money,5,5,2,0,5,4,96
402,Fadzai Dube,38,Female,Hwange,Medium,Individual,103,1,Cash,3,5,4,2,6,2,100
403,Tendai Chibanda,22,Male,Gweru,High,Family,18,0,Cash,3,4,3,2,9,4,89
404,Simbarashe Mutsvangwa,48,Male,Chegutu,Medium,Individual,58,1,Cash,2,5,3,1,2,3,99
405,Kudzai Chikafu,65,Male,Harare,Medium,Individual,33,5,Bank Debit,2,1,1,1,5,2,59
406,Tinashe Chirinda,66,Male,Kariba,Low,Family,38,3,Bank Debit,3,3,1,1,1,1,88
407,Tadiwa Munetsi,25,Female,Kwekwe,High,Individual,82,4,Cash,5,4,0,0,1,1,95
408,Rudo Ncube,33,Female,Masvingo,Low,Individual,37,3,Mobile Money,4,4,1,3,2,3,82
409,Faith Chibanda,35,Male,Victoria Falls,High,Family,11,3,Ecocash,6,0,1,0,7,3,64
410,Takudzwa Ndlovu,23,Female,Bulawayo,Low,Individual,23,4,Cash,4,5,4,0,8,4,100
411,Blessing Munyai,52,Male,Kariba,High,Individual,59,4,Bank Debit,3,4,1,1,5,3,77
412,Anesu Mashiri,58,Female,Chitungwiza,High,Family,99,4,Cash,5,2,4,3,1,3,100
413,Shingirai Moyo,25,Male,Harare,Low,Family,98,1,Mobile Money,4,1,0,3,2,5,35
414,Tatenda Ndlovu,38,Female,Kwekwe,Medium,Family,42,0,Mobile Money,7,0,2,1,8,1,95
415,Kudakwashe Chirume,60,Male,Victoria Falls,High,Family,42,2,Mobile Money,4,4,4,0,9,4,100
416,Brian Moyo,48,Male,Masvingo,Low,Family,72,2,Ecocash,7,1,1,2,4,5,60
417,Tendekai Mupoperi,60,Female,Hwange,Low,Individual,95,1,Mobile Money,6,4,4,0,1,4,100
418,Ashley Munetsi,47,Male,Kadoma,High,Family,24,4,Cash,8,0,2,0,4,1,100
419,Fadzai Dube,41,Male,Kwekwe,Low,Individual,102,5,Bank Debit,2,4,0,2,7,1,78
420,Faith Chikafu,51,Female,Chegutu,Medium,Individual,87,0,Bank Debit,0,0,4,2,2,3,64
421,Memory Mutambara,31,Male,Mutare,Low,Family,68,3,Cash,3,4,0,3,7,2,75
422,Ashley Mapfumo,39,Male,Kariba,Medium,Individual,32,0,Ecocash,0,3,2,2,5,4,57
423,Tonderai Nkala,63,Female,Bindura,Medium,Individual,74,2,Cash,3,4,1,2,2,1,93
424,Clive Masango,19,Male,Kadoma,Medium,Individual,48,3,Ecocash,4,1,1,2,6,3,61
425,Precious Mutsvangwa,57,Female,Mutare,High,Individual,99,3,Bank Debit,8,4,1,2,1,2,100
426,Tatenda Chikore,34,Female,Bulawayo,High,Individual,18,2,Ecocash,2,3,2,1,5,2,83
427,Elton Mupamhanga,41,Male,Bindura,High,Family,10,2,Bank Debit,1,3,3,3,2,1,96
428,Kudakwashe Mutsvangwa,57,Female,Mutare,Low,Family,52,0,Bank Debit,6,2,0,1,5,4,60
429,Rutendo Chikafu,64,Female,Kwekwe,Low,Individual,74,1,Bank Debit,0,1,0,1,9,1,47
430,Shamiso Mupinga,37,Male,Kadoma,High,Individual,29,3,Bank Debit,4,5,1,1,1,4,83
431,Tadiwa Munyoro,44,Female,Marondera,Low,Family,111,3,Ecocash,4,4,0,3,5,1,88
432,Tendekai Mutasa,54,Female,Chitungwiza,Low,Individual,27,1,Cash,4,0,2,1,1,1,82
433,Tapiwa Munyai,53,Female,Hwange,Medium,Family,52,4,Mobile Money,7,3,0,3,2,3,80
434,Tapiwa Munyoro,70,Female,Mutare,Medium,Individual,68,0,Cash,8,1,4,2,6,3,100
435,Faith Mupoperi,19,Male,Bindura,Low,Family,21,2,Mobile Money,5,2,4,2,6,1,100
436,Rumbidzai Mutsvairo,31,Male,Harare,Low,Individual,59,3,Mobile Money,4,0,3,3,3,2,82
437,Elton Munyoro,28,Female,Harare,Low,Family,103,0,Cash,9,3,1,3,5,1,100
438,Tatenda Chikowore,39,Male,Chegutu,Medium,Individual,18,4,Bank Debit,3,2,1,0,6,2,71
439,Kudzai Moyo,37,Female,Bindura,High,Family,100,4,Cash,0,1,2,2,5,1,67
440,Natsai Moyo,56,Female,Gweru,Medium,Family,110,0,Cash,3,1,3,0,8,2,84
441,Rutendo Mashingaidze,20,Female,Victoria Falls,Low,Individual,90,2,Bank Debit,1,0,1,1,4,1,55
442,Shingirai Mhlanga,45,Female,Masvingo,High,Individual,23,3,Bank Debit,8,5,2,0,5,5,100
443,Rudo Mapfumo,52,Male,Kadoma,High,Individual,76,3,Mobile Money,3,4,2,3,6,3,87
444,Kundai Mutsvairo,48,Male,Marondera,High,Family,21,1,Bank Debit,2,5,3,3,5,1,100
445,Rutendo Munyai,37,Female,Norton,Low,Individual,54,3,Cash,9,5,0,0,2,1,100
446,Prince Dube,51,Male,Chegutu,Low,Individual,108,5,Mobile Money,8,1,1,2,6,4,73
447,Kundai Ncube,46,Female,Chitungwiza,Medium,Family,15,3,Cash,8,4,1,1,2,5,86
448,Shingirai Chikwanda,56,Male,Kwekwe,Low,Family,77,3,Cash,6,0,1,0,3,3,64
449,Anesu Mupinga,46,Male,Kariba,Low,Individual,63,0,Mobile Money,3,5,3,3,4,2,100
450,Tendekai Sibanda,39,Female,Kariba,High,Family,10,0,Bank Debit,5,2,1,2,6,2,81
451,Prince Mataruse,36,Female,Mutare,Medium,Family,32,2,Bank Debit,2,0,0,1,6,4,26
452,Rudo Munyai,18,Male,Kadoma,High,Family,99,2,Mobile Money,9,0,0,0,5,5,53
453,Precious Mashiri,69,Male,Victoria Falls,High,Individual,26,2,Cash,2,5,2,3,1,2,99
454,Tonderai Munyoro,35,Female,Harare,Medium,Individual,15,0,Mobile Money,2,3,0,3,6,5,39
455,Fadzai Mupfudze,48,Male,Mutare,High,Individual,22,2,Ecocash,5,1,4,1,3,4,88
456,Fadzai Sibanda,47,Female,Chegutu,Low,Family,99,0,Cash,0,0,1,0,6,1,50
457,Tinashe Sibanda,37,Male,Hwange,Medium,Individual,29,3,Ecocash,0,4,0,3,7,2,60
458,Tadiwa Chikowore,36,Male,Victoria Falls,High,Family,45,2,Bank Debit,5,2,2,2,4,1,99
459,Memory Munyai,66,Female,Mutare,Medium,Family,59,0,Mobile Money,4,4,4,0,7,1,100
460,Tinashe Chirume,31,Female,Bindura,Medium,Individual,29,0,Ecocash,2,2,3,3,4,3,78
461,Rumbidzai Chikore,70,Male,Norton,High,Individual,34,2,Mobile Money,6,2,2,3,9,3,88
462,Tapiwa Nkomo,29,Male,Harare,Low,Family,93,2,Cash,1,4,4,0,6,3,97
463,Tawanda Masuku,26,Female,Bulawayo,High,Individual,103,3,Bank Debit,6,0,0,1,8,1,70
464,Shamiso Chiweshe,42,Female,Bindura,Medium,Individual,110,0,Bank Debit,0,1,3,3,6,5,45
465,Fadzai Ndlovu,27,Female,Norton,High,Individual,20,0,Bank Debit,2,2,4,0,2,3,88
466,Kudzai Chibanda,47,Male,Chitungwiza,High,Family,11,5,Bank Debit,7,5,2,0,3,5,98
467,Clive Matiza,51,Male,Kariba,High,Individual,28,2,Mobile Money,9,3,0,2,1,5,76
468,Tariro Mutasa,64,Female,Bulawayo,Low,Individual,30,2,Cash,8,5,3,1,1,5,100
469,Tinotenda Mupamhanga,43,Male,Mutare,Low,Family,43,4,Ecocash,3,4,2,1,5,5,71
470,Ashley Chiweshe,60,Female,Hwange,High,Individual,10,1,Mobile Money,2,5,3,2,8,5,83
471,Tadiwa Chigumba,52,Female,Victoria Falls,High,Family,68,4,Bank Debit,0,4,2,1,3,5,56
472,Blessing Mashiri,26,Male,Norton,Low,Individual,68,0,Ecocash,9,2,4,1,4,4,100
473,Rudo Mhlanga,42,Female,Kwekwe,High,Individual,105,0,Cash,8,4,3,0,6,4,100
474,Clive Nkomo,63,Male,Norton,Low,Family,35,0,Bank Debit,4,0,4,3,3,5,68
475,Tariro Ndlovu,30,Male,Hwange,High,Individual,65,1,Ecocash,4,3,1,3,5,1,91
476,Kudakwashe Dube,56,Male,Kwekwe,Low,Individual,31,1,Mobile Money,0,5,2,1,3,4,71
477,Tonderai Munyoro,70,Male,Kwekwe,High,Individual,88,1,Ecocash,6,3,0,3,6,3,75
478,Nyarai Munyoro,51,Female,Masvingo,Medium,Family,81,1,Bank Debit,8,2,0,3,5,4,70
479,Nyarai Sibanda,53,Male,Hwange,Low,Individual,88,0,Cash,1,1,4,3,3,5,60
480,Kundai Ncube,54,Female,Hwange,Low,Family,24,2,Bank Debit,3,5,1,1,9,1,100
481,Kudakwashe Mashiri,57,Female,Norton,Medium,Individual,67,5,Mobile Money,2,4,4,0,3,1,100
482,Melody Ncube,51,Female,Chitungwiza,High,Individual,89,0,Cash,4,0,2,1,1,1,82
483,Tanaka Mashiri,54,Female,Masvingo,Medium,Individual,48,3,Cash,9,4,4,0,8,1,100
484,Blessing Mupoperi,28,Male,Kariba,Medium,Individual,85,0,Cash,0,0,3,2,1,5,40
485,Faith Mutsvangwa,37,Male,Bulawayo,Medium,Family,43,3,Bank Debit,7,3,0,0,7,2,88
486,Nyasha Munyai,43,Female,Harare,Low,Family,64,5,Ecocash,9,4,3,1,3,2,100
487,Ashley Chirinda,45,Male,Hwange,Low,Individual,61,5,Ecocash,3,1,2,1,9,4,58
488,Shamiso Nkomo,35,Male,Bulawayo,High,Individual,54,0,Cash,3,3,4,1,4,1,100
489,Tinashe Mashiri,46,Male,Chitungwiza,Medium,Family,11,4,Bank Debit,0,0,4,2,8,5,48
490,Nyasha Munyoro,61,Male,Gweru,High,Individual,71,4,Cash,6,5,4,3,6,3,100
491,Tatenda Mpofu,21,Female,Kadoma,Medium,Individual,109,0,Bank Debit,5,0,0,3,6,3,49
492,Takudzwa Mutambara,37,Female,Kadoma,Low,Individual,39,4,Ecocash,2,4,0,3,9,1,78
493,Faith Chikore,25,Male,Chegutu,Medium,Family,10,4,Mobile Money,4,0,1,2,4,5,38
494,Rutendo Munetsi,56,Female,Kariba,Low,Individual,62,5,Ecocash,2,2,4,0,5,5,72
495,Farai Mataruse,74,Male,Gweru,High,Individual,111,1,Ecocash,0,2,3,1,2,4,60
496,Anesu Mashava,63,Male,Mutare,High,Individual,51,0,Bank Debit,9,3,4,0,8,1,100
497,Takudzwa Nkomo,68,Male,Marondera,Medium,Family,30,1,Bank Debit,6,0,1,2,4,5,48
498,Nyarai Matiza,60,Male,Bindura,Low,Individual,47,2,Ecocash,2,5,0,1,3,4,61
499,Tendai Chiweshe,46,Male,Chegutu,Low,Individual,80,2,Ecocash,3,2,0,0,9,3,53
500,Nyasha Ndlovu,33,Male,Marondera,Medium,Family,84,4,Mobile Money,0,2,1,2,6,1,64
501,Tinashe Mupoperi,46,Male,Norton,Low,Individual,105,3,Mobile Money,2,5,1,3,6,2,87
502,Tatenda Mupoperi,51,Female,Harare,Low,Individual,22,4,Bank Debit,9,5,4,2,7,3,100
503,Precious Chirinda,63,Male,Hwange,High,Family,29,4,Ecocash,7,3,1,0,4,3,90
504,Ashley Chiweshe,42,Female,Mutare,Low,Family,29,4,Bank Debit,4,5,3,1,7,3,100
505,Elton Mupamhanga,19,Male,Chitungwiza,Low,Individual,39,0,Mobile Money,3,2,0,3,8,1,69
506,Tafadzwa Mutasa,45,Male,Chegutu,Medium,Family,58,2,Mobile Money,6,1,0,3,1,2,71
507,Tendai Mupfudze,33,Male,Kariba,Low,Individual,44,2,Bank Debit,7,3,4,1,7,1,100
508,Kudakwashe Mupunga,42,Female,Chegutu,Medium,Individual,115,0,Bank Debit,0,4,3,0,6,5,66
509,Nyasha Mhlanga,41,Male,Norton,Low,Individual,84,4,Mobile Money,8,0,1,0,6,2,82
510,Tanaka Mataruse,40,Female,Chitungwiza,Medium,Individual,79,1,Cash,4,5,2,0,7,4,91
511,Rudo Chiweshe,63,Female,Kadoma,Low,Individual,30,4,Cash,1,2,2,3,6,1,79
512,Kundai Chikowore,39,Female,Mutare,Low,Individual,45,0,Cash,4,2,1,3,2,5,52
513,Clive Sibanda,27,Female,Gweru,High,Family,95,1,Bank Debit,1,0,1,3,4,2,47
514,Shamiso Dube,31,Female,Bindura,High,Family,21,3,Ecocash,6,1,3,2,3,2,99
515,Blessing Mutasa,49,Female,Kariba,High,Individual,49,0,Mobile Money,6,2,2,1,8,2,96
516,Melody Mupinga,53,Male,Marondera,Low,Individual,84,5,Ecocash,7,5,0,3,6,1,100
517,Kudakwashe Dube,27,Female,Marondera,Low,Individual,62,1,Mobile Money,4,0,2,0,2,4,56
518,Tapiwa Mataruse,63,Female,Bulawayo,Low,Individual,92,5,Ecocash,8,1,0,2,4,2,79
519,Tawanda Mupoperi,61,Female,Harare,Medium,Family,84,4,Cash,8,5,2,0,9,3,100
520,Rudo Mupfudze,63,Female,Victoria Falls,Medium,Individual,68,4,Cash,0,4,0,0,5,1,68
521,Precious Masango,23,Female,Bulawayo,Medium,Family,33,1,Ecocash,2,4,3,2,7,1,100
522,Precious Mupfumi,72,Female,Kwekwe,High,Individual,114,2,Ecocash,1,5,2,0,9,1,100
523,Faith Mupfumi,74,Male,Marondera,High,Individual,90,3,Ecocash,3,0,0,2,3,3,39
524,Nyasha Mutambara,23,Male,Victoria Falls,High,Family,26,5,Bank Debit,6,5,4,2,6,3,100
525,Kudakwashe Mashiri,18,Male,Victoria Falls,Low,Family,49,1,Mobile Money,6,3,3,3,8,1,100
526,Tendekai Mashava,19,Male,Marondera,High,Family,30,2,Bank Debit,7,3,1,3,6,4,82
527,Tendai Masango,73,Female,Hwange,High,Individual,17,1,Bank Debit,0,3,0,0,9,4,37
528,Kudakwashe Nkala,53,Female,Harare,Medium,Individual,51,1,Cash,0,1,3,2,2,5,45
529,Melody Mashiri,27,Male,Kariba,High,Individual,106,4,Ecocash,9,2,2,0,7,4,95
530,Rumbidzai Ndlovu,59,Male,Bulawayo,Low,Individual,46,2,Cash,5,2,3,1,7,4,85
531,Nyasha Sibanda,24,Female,Kariba,Medium,Individual,106,2,Mobile Money,4,4,1,0,3,1,98
532,Ashley Mashiri,34,Male,Harare,High,Individual,17,0,Mobile Money,4,1,4,1,2,2,99
533,Shamiso Ndlovu,35,Female,Victoria Falls,High,Family,118,1,Ecocash,1,4,4,1,2,3,97
534,Prince Mataruse,29,Male,Bulawayo,Medium,Individual,14,3,Mobile Money,1,3,1,2,6,5,44
535,Melody Mupunga,33,Male,Masvingo,Medium,Individual,72,4,Cash,7,4,0,1,8,4,79
536,Simba Mupfudze,26,Female,Victoria Falls,Low,Individual,12,2,Ecocash,6,0,0,1,9,5,38
537,Precious Mutsvairo,56,Female,Hwange,Medium,Individual,17,4,Mobile Money,8,1,3,1,7,5,85
538,Shamiso Chibanda,55,Male,Chitungwiza,High,Family,27,4,Bank Debit,8,0,4,1,1,4,98
539,Tariro Chikore,39,Male,Bindura,Low,Individual,53,2,Bank Debit,2,4,3,1,1,4,86
540,Tafadzwa Mupoperi,52,Male,Chitungwiza,Low,Individual,117,4,Cash,1,3,3,1,5,2,88
541,Tonderai Chikwanda,43,Female,Marondera,Medium,Family,84,5,Mobile Money,6,0,3,2,7,2,92
542,Tafadzwa Mashava,20,Female,Harare,Medium,Family,50,5,Mobile Money,9,0,0,1,4,2,77
543,Anesu Masuku,31,Male,Bindura,Low,Family,104,4,Mobile Money,2,1,3,1,4,1,87
544,Elton Mutsvangwa,43,Male,Kwekwe,Medium,Individual,86,3,Ecocash,1,0,4,1,3,5,53
545,Elton Chikowore,48,Male,Victoria Falls,Low,Family,25,1,Cash,6,1,0,0,4,3,61
546,Farai Moyo,59,Male,Kariba,High,Individual,36,1,Bank Debit,3,0,3,1,2,3,69
547,Precious Mupfudze,37,Male,Hwange,Low,Individual,70,4,Mobile Money,5,3,3,3,7,3,100
548,Melody Chikore,64,Male,Harare,High,Family,91,4,Cash,9,4,0,1,3,1,100
549,Memory Chikowore,20,Male,Kadoma,Medium,Family,48,4,Cash,0,2,0,1,9,5,22
550,Simbarashe Masango,65,Male,Gweru,High,Individual,107,1,Cash,0,1,2,0,2,3,51
551,Rutendo Chiweshe,40,Female,Harare,Low,Family,14,2,Cash,5,3,3,1,8,3,100
552,Kundai Mupfudze,31,Female,Mutare,Medium,Individual,43,3,Mobile Money,5,1,2,3,9,1,92
553,Ashley Mashingaidze,40,Female,Kwekwe,Medium,Family,81,0,Cash,7,3,1,1,9,4,82
554,Clive Mapfumo,45,Female,Mutare,Medium,Family,94,5,Cash,0,1,2,0,8,5,35
555,Tadiwa Mutsvairo,42,Male,Chegutu,High,Individual,42,5,Bank Debit,7,4,4,3,4,2,100
556,Anesu Chigumba,39,Male,Gweru,Medium,Family,43,4,Cash,5,5,3,0,9,1,100
557,Tonderai Mutsvairo,32,Male,Kariba,Low,Family,79,0,Bank Debit,9,2,1,3,6,2,100
558,Elton Mutambara,43,Male,Kariba,Low,Individual,114,4,Bank Debit,9,5,2,0,9,2,100
559,Natsai Mashiri,67,Female,Harare,Medium,Family,109,3,Mobile Money,3,5,4,3,3,1,100
560,Elton Masango,37,Male,Kariba,Low,Individual,63,3,Mobile Money,5,4,1,1,4,4,79
561,Anesu Moyo,42,Female,Bindura,High,Family,15,2,Ecocash,1,3,3,0,6,5,64
562,Elton Sibanda,50,Female,Kwekwe,Medium,Family,66,1,Ecocash,9,2,0,2,1,5,69
563,Ashley Chikore,60,Male,Masvingo,Low,Individual,85,5,Mobile Money,2,5,0,0,7,3,69
564,Tapiwa Nkala,70,Male,Kadoma,High,Family,113,3,Cash,0,0,3,3,6,1,70
565,Farai Mashava,45,Female,Gweru,High,Individual,14,4,Mobile Money,9,0,2,2,6,2,97
566,Tapiwa Chirume,50,Male,Norton,High,Family,24,4,Ecocash,0,3,0,2,5,5,29
567,Kundai Mupoperi,30,Female,Kariba,High,Individual,53,1,Ecocash,2,0,3,2,2,1,80
568,Taurai Nkomo,45,Male,Hwange,High,Individual,74,5,Cash,3,5,0,0,3,5,58
569,Tafadzwa Mashiri,40,Male,Victoria Falls,Medium,Family,43,5,Mobile Money,2,1,2,2,1,5,47
570,Ashley Chirinda,39,Male,Bindura,Low,Family,110,0,Mobile Money,1,3,4,1,8,3,90
571,Nyarai Chikafu,64,Male,Marondera,High,Individual,13,1,Cash,9,1,1,1,7,2,94
572,Tendekai Moyo,33,Female,Chitungwiza,Low,Individual,45,2,Bank Debit,6,0,2,3,4,4,66
573,Memory Nkala,43,Male,Kwekwe,Medium,Individual,100,0,Mobile Money,1,5,3,3,9,3,94
574,Farai Matiza,67,Female,Hwange,Medium,Individual,42,5,Bank Debit,7,4,1,0,8,2,100
575,Kundai Masango,40,Female,Victoria Falls,Low,Family,73,1,Mobile Money,4,3,4,0,6,1,100
576,Tanaka Mutasa,27,Male,Kariba,High,Family,98,4,Mobile Money,6,1,0,1,5,2,69
577,Tatenda Chikwanda,24,Male,Kadoma,Medium,Family,79,0,Ecocash,7,0,1,1,1,4,63
578,Melody Chikore,20,Female,Chitungwiza,Low,Family,108,5,Cash,2,2,4,1,3,5,72
579,Nyarai Mataruse,61,Female,Gweru,Low,Individual,12,0,Ecocash,9,0,3,2,9,2,100
580,Anesu Mataruse,59,Female,Mutare,Low,Family,61,1,Cash,2,2,2,2,9,3,68
581,Tanaka Mashingaidze,44,Male,Bindura,High,Individual,69,1,Bank Debit,4,1,3,2,4,2,89
582,Shingirai Chigumba,65,Female,Chitungwiza,Medium,Family,76,2,Cash,2,0,2,2,8,5,38
583,Shingirai Chiweshe,27,Female,Chegutu,Low,Individual,56,5,Mobile Money,3,4,1,1,6,5,61
584,Simbarashe Ndlovu,72,Female,Gweru,Low,Family,47,3,Cash,0,1,3,0,1,3,63
585,Nyasha Mashingaidze,67,Female,Victoria Falls,Low,Family,40,5,Bank Debit,4,0,2,1,2,2,72
586,Tapiwa Mapfumo,34,Female,Kadoma,Medium,Family,29,3,Mobile Money,3,5,0,0,1,5,60
587,Tatenda Nkomo,63,Male,Bindura,Low,Individual,57,4,Bank Debit,3,3,4,2,7,3,100
588,Kudakwashe Chikwanda,43,Female,Masvingo,Low,Individual,69,4,Bank Debit,3,1,2,0,7,4,58
589,Nyarai Mutsvangwa,61,Male,Kadoma,High,Family,52,1,Mobile Money,3,0,4,3,9,1,95
590,Simbarashe Mutambara,29,Female,Chegutu,High,Individual,28,0,Cash,3,1,0,0,2,3,46
591,Rudo Mutizwa,55,Female,Bulawayo,Medium,Family,17,5,Mobile Money,9,2,2,1,3,1,100
592,Natsai Mhlanga,52,Female,Victoria Falls,Medium,Individual,104,3,Cash,7,5,0,3,3,5,78
593,Tendai Munyoro,70,Female,Mutare,Low,Individual,117,4,Bank Debit,4,2,3,3,1,2,98
594,Tonderai Masuku,58,Female,Norton,Low,Individual,58,0,Bank Debit,9,0,0,1,9,1,85
595,Blessing Munetsi,42,Female,Gweru,Medium,Individual,31,4,Bank Debit,0,4,2,3,9,5,56
596,Melody Chirinda,19,Female,Chegutu,High,Family,28,1,Mobile Money,2,0,3,2,8,4,56
597,Tanaka Munetsi,21,Male,Harare,Medium,Family,70,4,Ecocash,1,2,3,0,7,4,65
598,Tawanda Chikore,47,Male,Mutare,Low,Family,105,2,Bank Debit,1,5,4,3,9,5,88
599,Tendekai Mupfumi,57,Male,Hwange,Low,Family,25,0,Ecocash,9,1,2,1,9,3,96
600,Simba Chikore,66,Female,Kwekwe,Medium,Individual,11,0,Cash,3,3,1,2,7,4,62
601,Tafadzwa Munyoro,51,Female,Gweru,High,Individual,115,5,Mobile Money,8,1,3,0,6,1,100
602,Simba Chigumba,65,Male,Mutare,High,Individual,72,0,Ecocash,2,5,3,1,9,5,83
603,Kundai Mupinga,30,Female,Chegutu,Low,Family,13,4,Cash,2,4,3,0,1,1,100
604,Rutendo Chirume,43,Female,Chegutu,Low,Family,15,2,Ecocash,0,1,0,3,7,1,47
605,Rutendo Masuku,58,Female,Kariba,High,Individual,64,2,Mobile Money,3,4,3,0,9,4,89
606,Rudo Ndlovu,45,Male,Masvingo,Medium,Individual,117,2,Ecocash,9,2,1,3,4,5,77
607,Ashley Chigumba,54,Female,Victoria Falls,Low,Family,16,2,Cash,7,1,2,2,3,5,70
608,Tinotenda Dube,28,Female,Kariba,Low,Family,106,3,Mobile Money,5,5,2,1,3,4,96
609,Tariro Chiweshe,21,Female,Bindura,Medium,Family,111,5,Ecocash,2,2,3,0,6,5,62
610,Fadzai Munyoro,26,Male,Kariba,Low,Individual,40,5,Ecocash,1,1,4,3,1,1,94
611,Kundai Mashiri,68,Male,Kadoma,Low,Individual,23,2,Ecocash,0,0,1,1,4,3,34
612,Tawanda Ncube,73,Female,Norton,Medium,Individual,110,3,Cash,1,1,0,2,7,2,44
613,Tariro Mapfumo,28,Male,Marondera,High,Individual,82,4,Cash,5,2,0,2,2,2,71
614,Clive Mutasa,32,Female,Chegutu,High,Individual,45,0,Ecocash,1,0,2,0,5,2,57
615,Brian Munetsi,56,Male,Marondera,High,Family,69,4,Mobile Money,8,2,3,1,2,3,100
616,Tendai Munyai,51,Female,Kwekwe,High,Individual,85,5,Bank Debit,2,0,4,1,4,2,82
617,Natsai Mupinga,20,Female,Chitungwiza,Low,Family,65,2,Ecocash,8,3,1,0,3,1,100
618,Tanaka Mashingaidze,63,Female,Harare,High,Individual,102,0,Cash,1,0,0,2,7,3,29
619,Blessing Chibanda,26,Male,Bulawayo,Low,Individual,60,4,Cash,1,3,0,3,7,4,42
620,Kundai Mashava,22,Female,Chitungwiza,Low,Individual,50,1,Bank Debit,9,4,0,2,5,1,100
621,Simba Matiza,62,Male,Kadoma,Medium,Family,32,5,Mobile Money,6,2,1,2,3,5,62
622,Tapiwa Mhlanga,59,Female,Norton,Low,Family,48,2,Cash,9,5,3,1,9,3,100
623,Simbarashe Chirinda,67,Male,Bindura,Medium,Family,104,3,Cash,3,3,0,0,6,4,52
624,Anesu Masango,20,Male,Marondera,Low,Family,108,1,Cash,2,2,4,1,7,1,100
625,Tatenda Mutsvangwa,20,Female,Kadoma,Low,Family,18,1,Cash,5,1,1,3,5,4,58
626,Nyarai Mupunga,67,Male,Kariba,High,Individual,114,3,Ecocash,2,0,3,3,5,1,80
627,Anesu Mupinga,44,Female,Kadoma,Low,Family,97,5,Bank Debit,3,5,4,1,6,5,98
628,Tinotenda Chikafu,52,Female,Mutare,Low,Family,85,2,Bank Debit,6,1,0,0,6,1,77
629,Natsai Mashiri,48,Male,Chegutu,Medium,Individual,82,3,Mobile Money,3,2,2,3,2,1,89
630,Tafadzwa Mashingaidze,26,Male,Kwekwe,Medium,Family,68,4,Bank Debit,3,4,1,1,5,4,69
631,Shingirai Ndlovu,30,Male,Victoria Falls,Medium,Family,73,1,Mobile Money,2,4,2,1,6,4,74
632,Kudzai Mutsvairo,43,Female,Hwange,Medium,Individual,34,4,Mobile Money,6,5,0,1,3,2,97
633,Rumbidzai Mataruse,68,Female,Kariba,Low,Family,71,0,Ecocash,4,2,0,2,9,3,58
634,Tanaka Chibanda,41,Female,Kadoma,High,Family,119,2,Bank Debit,2,4,2,2,3,2,90
635,Rutendo Mutasa,19,Female,Kadoma,High,Individual,83,0,Cash,3,5,1,0,4,2,92
636,Simba Mutizwa,40,Female,Kariba,High,Family,103,4,Bank Debit,2,3,3,2,4,2,93
637,Melody Mataruse,51,Male,Harare,Medium,Individual,59,2,Cash,8,2,4,1,4,4,100
638,Faith Masuku,53,Female,Mutare,Medium,Individual,29,2,Mobile Money,2,1,1,3,7,1,67
639,Ashley Mashingaidze,35,Female,Marondera,Medium,Family,99,1,Ecocash,2,5,1,1,8,1,95
640,Natsai Nkomo,69,Female,Hwange,Medium,Individual,17,4,Bank Debit,4,5,0,2,7,1,95
641,Shamiso Mashava,63,Female,Hwange,High,Individual,36,1,Bank Debit,5,3,3,0,8,2,100
642,Nyarai Chikowore,64,Female,Norton,Low,Individual,92,4,Mobile Money,9,5,4,2,9,2,100
643,Blessing Mutasa,62,Female,Chitungwiza,Medium,Family,27,4,Mobile Money,6,4,3,1,3,4,100
644,Clive Sibanda,71,Female,Bindura,Low,Family,92,4,Ecocash,8,2,0,1,5,3,78
645,Elton Mapfumo,67,Male,Chegutu,High,Individual,108,4,Bank Debit,9,4,2,3,3,2,100
646,Kudzai Mutasa,42,Female,Bulawayo,Medium,Family,111,0,Cash,1,5,1,1,6,4,66
647,Tonderai Mutsvangwa,33,Male,Victoria Falls,High,Individual,80,5,Bank Debit,6,4,3,3,6,5,96
648,Farai Matiza,33,Male,Norton,Low,Family,85,0,Bank Debit,9,4,2,1,2,1,100
649,Natsai Mpofu,40,Male,Chegutu,High,Family,71,3,Ecocash,2,2,1,2,4,5,42
650,Tawanda Munyoro,44,Female,Chitungwiza,High,Family,73,1,Cash,8,5,0,1,1,3,100
651,Tadiwa Chibanda,39,Male,Kariba,High,Individual,73,3,Cash,7,1,3,3,9,1,100
652,Shingirai Mutambara,28,Female,Chegutu,Low,Family,27,1,Mobile Money,7,5,3,0,5,3,100
653,Fadzai Chikowore,57,Male,Bulawayo,High,Individual,41,4,Mobile Money,0,5,4,2,2,3,99
654,Taurai Mataruse,61,Male,Mutare,High,Individual,33,3,Ecocash,8,2,2,3,5,4,90
655,Shingirai Mupoperi,36,Male,Gweru,Low,Individual,16,3,Cash,4,2,1,1,6,3,68
656,Tendai Dube,47,Male,Harare,High,Individual,25,3,Cash,4,2,1,0,6,5,52
657,Melody Chirume,55,Male,Hwange,Medium,Family,35,3,Bank Debit,7,2,2,2,3,1,100
658,Rudo Mhlanga,35,Male,Hwange,Low,Family,28,1,Cash,3,5,1,0,3,4,76
659,Ashley Mataruse,67,Male,Marondera,Medium,Individual,37,1,Mobile Money,1,3,3,0,4,3,80
660,Tatenda Chikafu,23,Male,Hwange,High,Individual,114,2,Mobile Money,0,5,4,1,7,2,100
661,Tawanda Mupfudze,18,Male,Marondera,Medium,Family,53,0,Ecocash,3,2,3,3,8,4,75
662,Rutendo Mutasa,18,Male,Kariba,Low,Individual,32,1,Ecocash,3,5,0,1,7,1,90
663,Rutendo Munyoro,24,Male,Hwange,Medium,Individual,26,2,Bank Debit,6,3,4,1,3,3,100
664,Kudzai Mutizwa,40,Male,Chitungwiza,Medium,Individual,48,5,Mobile Money,2,5,0,3,2,1,85
665,Tendekai Mupinga,21,Male,Chegutu,Low,Family,14,3,Cash,1,4,4,0,4,2,100
666,Tapiwa Mutambara,38,Female,Chegutu,Low,Individual,87,4,Cash,9,5,2,3,4,1,100
667,Tanaka Chirinda,40,Male,Marondera,Medium,Family,32,2,Ecocash,8,0,3,0,1,5,80
668,Prince Masango,38,Male,Mutare,Low,Individual,27,1,Ecocash,9,4,4,2,4,4,100
669,Natsai Mashava,18,Female,Kariba,High,Individual,73,5,Bank Debit,6,5,0,1,5,1,100
670,Takudzwa Mutsvairo,50,Female,Harare,Medium,Individual,55,0,Bank Debit,8,0,0,1,9,2,72
671,Precious Mapfumo,40,Male,Kwekwe,Low,Family,113,2,Mobile Money,8,1,3,2,8,4,93
672,Memory Chirume,67,Female,Gweru,High,Family,45,3,Mobile Money,2,0,1,1,4,2,52
673,Tatenda Ncube,37,Female,Norton,Low,Family,25,5,Ecocash,0,1,2,1,9,1,67
674,Tinashe Ndlovu,22,Male,Bulawayo,Low,Individual,95,4,Ecocash,0,0,2,1,3,2,52
675,Kudzai Chiweshe,24,Male,Victoria Falls,Low,Family,118,2,Bank Debit,7,3,4,2,3,2,100
676,Prince Nkala,73,Male,Kwekwe,High,Family,59,1,Cash,1,0,3,1,9,2,67
677,Tawanda Nkomo,37,Male,Marondera,Low,Individual,15,1,Cash,0,5,3,1,6,5,73
678,Faith Sibanda,19,Male,Marondera,Low,Family,94,2,Ecocash,5,3,4,3,3,3,100
679,Rumbidzai Mutsvairo,26,Female,Kariba,High,Individual,65,1,Ecocash,2,1,1,2,5,3,51
680,Natsai Chirinda,70,Female,Bulawayo,Low,Individual,80,5,Ecocash,5,3,2,2,5,4,82
681,Tatenda Chikore,64,Female,Bindura,Medium,Family,106,3,Cash,3,4,1,2,8,4,69
682,Tafadzwa Mutsvangwa,39,Male,Hwange,High,Family,29,1,Bank Debit,8,4,0,1,2,1,100
683,Tadiwa Masuku,56,Female,Kadoma,Low,Family,113,5,Mobile Money,8,3,2,3,9,1,100
684,Farai Mupinga,64,Male,Kadoma,Medium,Individual,54,3,Bank Debit,3,0,2,2,2,5,43
685,Farai Mutasa,49,Female,Kwekwe,High,Family,28,2,Mobile Money,9,2,1,0,1,1,100
686,Simba Mupoperi,70,Male,Marondera,Medium,Family,52,5,Ecocash,1,4,2,1,9,2,85
687,Prince Nkala,34,Female,Chegutu,Medium,Individual,37,5,Cash,3,3,2,3,3,2,88
688,Rumbidzai Mataruse,52,Male,Kwekwe,Low,Family,25,2,Mobile Money,4,1,2,3,7,1,87
689,Tinotenda Mupfumi,59,Female,Mutare,High,Family,33,0,Ecocash,3,5,1,0,4,5,68
690,Precious Nkomo,58,Female,Bindura,Low,Individual,69,2,Bank Debit,5,5,2,3,6,3,100
691,Kudzai Mashingaidze,19,Female,Mutare,Medium,Family,36,2,Mobile Money,0,4,1,0,1,2,72
692,Precious Munetsi,30,Male,Harare,High,Individual,116,4,Cash,2,5,0,3,5,2,77
693,Tatenda Mupunga,70,Male,Victoria Falls,High,Individual,88,0,Mobile Money,6,0,3,2,9,1,100
694,Rutendo Munetsi,55,Female,Masvingo,Low,Individual,111,0,Ecocash,2,2,0,3,8,4,40
695,Tonderai Chigumba,61,Female,Chegutu,Low,Individual,75,3,Ecocash,4,0,4,2,9,5,68
696,Tonderai Mapfumo,74,Male,Hwange,Medium,Individual,95,3,Cash,2,1,3,0,2,5,55
697,Shamiso Mupoperi,74,Male,Bindura,Low,Family,25,2,Ecocash,3,3,4,0,4,3,100
698,Kudakwashe Chiweshe,54,Female,Norton,Medium,Family,105,4,Ecocash,0,5,3,0,8,3,89
699,Tatenda Mupunga,44,Male,Chitungwiza,High,Individual,107,3,Mobile Money,7,5,4,3,1,2,100
700,Nyarai Masuku,32,Male,Harare,Low,Family,65,5,Bank Debit,3,5,1,1,3,1,100
701,Nyarai Mutambara,19,Male,Chegutu,Low,Family,101,3,Mobile Money,7,5,0,2,4,3,94
702,Tariro Mutsvairo,28,Male,Kariba,Low,Family,96,5,Bank Debit,8,4,1,2,7,2,100
703,Tinotenda Munyoro,39,Male,Chegutu,High,Individual,38,1,Mobile Money,3,4,1,1,3,1,93
704,Tafadzwa Mupunga,70,Male,Chegutu,Medium,Family,68,3,Cash,0,5,1,2,8,2,77
705,Tariro Chikafu,30,Male,Marondera,Low,Family,83,0,Ecocash,7,1,4,2,1,5,92
706,Rudo Ncube,50,Female,Gweru,Low,Family,54,2,Bank Debit,6,1,2,2,4,4,73
707,Melody Mashingaidze,28,Male,Chitungwiza,Low,Family,13,0,Cash,3,0,3,2,7,1,85
708,Tafadzwa Mutasa,44,Male,Bindura,Low,Individual,40,3,Ecocash,7,5,2,1,6,5,98
709,Nyarai Munetsi,22,Male,Masvingo,Low,Family,52,5,Mobile Money,5,0,3,2,5,1,95
710,Precious Ncube,62,Female,Chitungwiza,Low,Family,15,3,Bank Debit,6,3,4,2,5,2,100
711,Tendai Ndlovu,39,Male,Kwekwe,Low,Individual,101,1,Mobile Money,5,1,4,0,8,3,96
712,Ashley Mutambara,68,Female,Kariba,High,Family,11,5,Mobile Money,3,5,3,2,1,3,100
713,Rudo Mupamhanga,39,Male,Gweru,Medium,Individual,76,0,Bank Debit,4,1,4,0,8,3,91
714,Melody Mataruse,33,Female,Gweru,Medium,Individual,116,1,Ecocash,2,2,3,2,6,1,94
715,Faith Munyai,46,Male,Chitungwiza,Low,Family,117,3,Mobile Money,4,0,1,3,3,2,62
716,Tawanda Mupfudze,58,Male,Hwange,Medium,Family,65,1,Cash,6,0,4,3,3,1,100
717,Tanaka Mupoperi,65,Female,Kariba,Low,Family,92,1,Mobile Money,0,3,0,3,6,5,29
718,Blessing Chirinda,35,Male,Harare,Medium,Family,91,1,Bank Debit,1,3,0,1,2,5,34
719,Rutendo Mapfumo,47,Female,Gweru,Low,Individual,113,1,Mobile Money,6,3,4,0,9,5,99
720,Tinotenda Mutasa,63,Male,Kadoma,High,Individual,67,0,Ecocash,9,4,4,3,1,4,100
721,Nyarai Chikore,20,Male,Norton,Low,Family,113,3,Ecocash,0,5,3,0,7,2,97
722,Tadiwa Mashava,28,Female,Chegutu,Medium,Family,19,5,Ecocash,1,1,2,2,2,4,48
723,Kudzai Chigumba,53,Male,Mutare,Low,Individual,66,4,Ecocash,3,3,0,2,8,3,60
724,Rumbidzai Moyo,54,Female,Victoria Falls,High,Individual,22,5,Mobile Money,4,0,0,1,4,3,44
725,Tinashe Chigumba,26,Female,Chegutu,Medium,Individual,71,4,Mobile Money,9,5,3,0,9,5,100
726,Faith Moyo,40,Male,Marondera,Low,Individual,14,3,Mobile Money,0,4,3,0,4,5,66
727,Tendai Mutasa,44,Female,Bindura,Medium,Family,59,1,Cash,3,5,2,1,8,3,94
728,Tatenda Mupoperi,20,Female,Bulawayo,Medium,Family,46,4,Ecocash,0,0,4,1,6,5,48
729,Melody Mataruse,48,Female,Gweru,High,Family,113,5,Bank Debit,4,2,1,2,3,5,52
730,Taurai Nkomo,65,Male,Kwekwe,High,Individual,104,2,Bank Debit,9,3,3,3,4,4,100
731,Simba Chikwanda,30,Female,Bindura,Medium,Individual,42,3,Cash,4,4,2,3,9,2,100
732,Kudakwashe Mutsvangwa,72,Female,Bulawayo,Low,Family,71,3,Mobile Money,7,3,4,1,9,1,100
733,Kundai Chikwanda,48,Female,Kwekwe,Medium,Individual,71,5,Cash,4,1,1,0,2,1,77
734,Tendekai Dube,38,Female,Marondera,Low,Family,54,1,Cash,6,5,4,0,9,1,100
735,Shingirai Mupoperi,24,Male,Chitungwiza,Low,Individual,118,2,Mobile Money,5,1,3,2,4,1,100
736,Tatenda Mashava,29,Male,Chegutu,Low,Individual,70,2,Ecocash,1,5,1,2,9,4,66
737,Shamiso Chikowore,21,Female,Gweru,Low,Family,45,1,Bank Debit,9,1,4,0,5,5,100
738,Kundai Moyo,22,Female,Marondera,High,Individual,99,4,Bank Debit,1,4,3,2,1,5,73
739,Tadiwa Mutizwa,50,Female,Kariba,Low,Family,56,4,Bank Debit,0,1,1,2,3,3,41
740,Tapiwa Mupoperi,70,Female,Kwekwe,High,Family,77,2,Mobile Money,1,5,2,2,3,3,84
741,Tonderai Mutasa,33,Female,Hwange,Low,Family,57,4,Ecocash,5,4,4,1,8,3,100
742,Tinotenda Nkala,44,Male,Norton,High,Family,108,2,Mobile Money,9,2,2,0,5,4,95
743,Anesu Chiweshe,24,Male,Bindura,High,Family,21,2,Cash,3,4,3,0,9,3,97
744,Tinotenda Chikowore,54,Female,Gweru,Medium,Family,73,5,Mobile Money,2,4,1,2,6,4,64
745,Tariro Mashingaidze,29,Male,Harare,High,Individual,60,2,Cash,5,2,4,1,3,4,95
746,Brian Chikowore,71,Female,Norton,Medium,Individual,58,2,Cash,0,5,4,1,6,3,99
747,Tariro Sibanda,66,Female,Gweru,High,Family,97,4,Bank Debit,5,1,3,1,9,1,100
748,Tapiwa Munyoro,47,Male,Mutare,High,Family,78,2,Ecocash,6,5,3,2,5,1,100
749,Rudo Chirume,74,Male,Chegutu,High,Family,92,2,Bank Debit,7,1,3,0,3,3,96
750,Elton Masuku,37,Female,Kwekwe,High,Individual,26,0,Bank Debit,6,5,2,2,2,4,100
751,Simbarashe Chirinda,72,Male,Marondera,Medium,Family,83,0,Bank Debit,6,2,0,2,6,5,52
752,Clive Mashingaidze,23,Female,Chegutu,High,Family,45,1,Bank Debit,6,3,1,0,6,2,93
753,Melody Munyoro,72,Male,Kariba,Medium,Family,91,1,Ecocash,4,3,4,2,2,2,100
754,Rudo Chirinda,64,Male,Kariba,Medium,Family,13,0,Cash,2,1,0,0,7,1,57
755,Rutendo Munyoro,35,Female,Harare,Medium,Family,65,4,Mobile Money,9,4,2,1,1,3,100
756,Tendekai Mupamhanga,50,Female,Bulawayo,High,Individual,102,5,Bank Debit,3,4,1,1,6,2,85
757,Taurai Chirinda,22,Female,Harare,Medium,Family,39,5,Mobile Money,2,5,3,2,4,4,91
758,Tapiwa Mapfumo,30,Female,Chegutu,High,Individual,38,0,Mobile Money,6,0,4,3,7,2,100
759,Natsai Mupunga,35,Female,Hwange,High,Individual,72,5,Bank Debit,6,1,2,2,5,2,89
760,Anesu Chikowore,66,Female,Bindura,Low,Individual,56,3,Ecocash,7,1,0,2,6,5,50
761,Natsai Mupunga,46,Female,Marondera,Medium,Family,86,2,Bank Debit,2,4,4,0,2,2,100
762,Tonderai Moyo,68,Male,Chitungwiza,Low,Individual,59,0,Cash,0,1,0,2,3,4,23
763,Fadzai Chibanda,39,Female,Kwekwe,Low,Individual,76,5,Bank Debit,5,3,0,3,9,3,70
764,Rutendo Mupfudze,28,Female,Kadoma,Low,Family,96,0,Bank Debit,4,5,1,3,1,3,91
765,Simbarashe Mutasa,46,Female,Mutare,High,Individual,79,1,Bank Debit,2,0,4,2,2,1,90
766,Simbarashe Mutsvairo,19,Male,Victoria Falls,Low,Individual,50,5,Bank Debit,7,1,0,2,6,2,74
767,Prince Mupinga,63,Male,Mutare,Medium,Family,88,5,Bank Debit,9,0,4,1,7,5,93
768,Ashley Mupamhanga,59,Female,Harare,High,Individual,100,4,Cash,6,1,4,3,6,5,85
769,Shamiso Mupoperi,25,Female,Chegutu,Low,Family,24,3,Ecocash,6,4,0,2,1,4,76
770,Kundai Mupamhanga,53,Female,Bulawayo,Medium,Individual,39,0,Bank Debit,4,3,1,2,2,5,59
771,Anesu Chirume,59,Female,Marondera,Medium,Individual,106,2,Mobile Money,2,5,1,0,5,1,95
772,Kudakwashe Chikore,24,Female,Norton,Medium,Family,57,0,Bank Debit,8,3,0,3,3,5,69
773,Fadzai Mpofu,66,Female,Kadoma,Medium,Individual,53,2,Ecocash,6,4,0,3,2,3,82
774,Tatenda Sibanda,54,Female,Hwange,High,Individual,104,2,Bank Debit,4,4,1,2,4,4,74
775,Nyasha Mupamhanga,54,Female,Norton,High,Individual,115,5,Bank Debit,1,4,4,1,2,5,81
776,Tatenda Sibanda,72,Female,Masvingo,Low,Individual,11,4,Bank Debit,1,2,2,3,2,4,55
777,Tinashe Chikowore,66,Male,Hwange,High,Family,112,1,Bank Debit,3,5,1,0,1,1,100
778,Tatenda Mutizwa,43,Female,Chitungwiza,Medium,Family,100,2,Mobile Money,9,0,0,2,1,4,63
779,Faith Mashava,68,Male,Kwekwe,Medium,Family,69,2,Mobile Money,1,4,4,0,9,2,100
780,Taurai Nkala,41,Male,Kwekwe,High,Individual,78,5,Bank Debit,2,0,1,1,5,1,60
781,Rumbidzai Munyai,49,Female,Masvingo,High,Individual,119,2,Mobile Money,5,1,4,0,9,1,100
782,Memory Chirinda,74,Male,Chegutu,Medium,Family,92,5,Bank Debit,2,4,0,0,2,5,46
783,Nyasha Mashiri,72,Female,Kwekwe,Low,Individual,103,3,Ecocash,9,2,3,0,2,5,97
784,Faith Mupoperi,71,Female,Mutare,Medium,Family,73,4,Cash,0,5,1,2,6,5,53
785,Ashley Matiza,19,Male,Kwekwe,Medium,Individual,17,3,Ecocash,8,5,3,1,9,4,100
786,Tanaka Chigumba,63,Female,Mutare,Medium,Individual,41,2,Cash,6,3,0,3,8,1,91
787,Ashley Mashiri,19,Male,Gweru,Low,Family,82,0,Ecocash,0,2,2,2,4,3,58
788,Tanaka Mupfudze,53,Female,Bindura,High,Individual,78,3,Bank Debit,8,3,1,2,4,4,87
789,Simbarashe Dube,43,Male,Kwekwe,Low,Individual,43,3,Mobile Money,8,3,1,0,3,1,100
790,Tawanda Moyo,37,Female,Norton,Low,Individual,89,1,Ecocash,1,3,3,0,5,2,88
791,Tafadzwa Moyo,43,Female,Chegutu,High,Individual,75,5,Bank Debit,6,2,1,2,1,4,72
792,Kundai Mutasa,45,Male,Kwekwe,High,Family,15,5,Bank Debit,8,4,3,1,6,2,100
793,Tadiwa Dube,48,Male,Bulawayo,High,Individual,27,0,Mobile Money,6,0,0,2,3,5,38
794,Ashley Ndlovu,32,Male,Kariba,Medium,Family,80,5,Cash,6,3,0,3,8,5,59
795,Farai Chirume,48,Female,Chegutu,Low,Individual,78,4,Ecocash,5,2,1,2,2,2,81
796,Tonderai Ncube,38,Female,Victoria Falls,Medium,Family,82,1,Bank Debit,0,5,1,0,8,5,53
797,Kudzai Mutsvairo,28,Male,Bindura,Medium,Individual,36,3,Bank Debit,9,3,3,1,8,2,100
798,Clive Chigumba,24,Female,Bindura,Low,Individual,41,0,Bank Debit,7,4,3,2,2,1,100
799,Tafadzwa Chirume,54,Male,Chitungwiza,Medium,Family,32,2,Bank Debit,5,4,1,2,7,3,87
800,Fadzai Mutambara,25,Female,Victoria Falls,Medium,Individual,83,3,Mobile Money,3,4,3,0,5,3,97
801,Melody Mupunga,56,Male,Marondera,Medium,Individual,92,0,Bank Debit,6,3,4,0,1,3,100
802,Tinashe Nkomo,73,Female,Bindura,Medium,Individual,73,0,Cash,7,2,2,3,3,1,100
803,Simba Nkala,31,Female,Chegutu,High,Family,42,1,Bank Debit,5,0,1,3,5,1,75
804,Blessing Mutsvangwa,59,Male,Hwange,High,Family,59,5,Ecocash,2,4,3,3,8,3,92
805,Faith Mpofu,42,Male,Mutare,Medium,Individual,99,5,Ecocash,3,5,1,3,7,2,92
806,Tinashe Chirinda,49,Female,Gweru,Low,Family,26,5,Bank Debit,0,0,4,3,4,3,64
807,Farai Chigumba,34,Male,Hwange,Low,Family,13,1,Bank Debit,0,2,4,1,7,2,86
808,Precious Masango,72,Male,Gweru,Medium,Individual,49,4,Mobile Money,1,3,1,1,1,2,70
809,Tendai Chirinda,61,Male,Harare,Low,Family,38,3,Bank Debit,9,0,1,0,7,1,95
810,Tendekai Mutsvairo,61,Female,Norton,Low,Family,83,0,Bank Debit,8,3,0,3,3,1,100
811,Tinotenda Mashiri,51,Female,Kwekwe,Medium,Family,17,1,Bank Debit,2,1,0,1,8,1,57
812,Tadiwa Chirume,60,Female,Harare,Low,Family,54,2,Ecocash,0,0,1,1,4,2,42
813,Nyasha Matiza,54,Female,Masvingo,Medium,Individual,92,3,Mobile Money,2,5,0,0,6,4,61
814,Kudzai Mutizwa,42,Female,Norton,Low,Family,68,1,Mobile Money,8,5,3,2,9,4,100
815,Clive Chikowore,47,Female,Hwange,High,Individual,51,2,Cash,2,5,4,0,7,2,100
816,Fadzai Ncube,41,Female,Chegutu,High,Family,106,1,Bank Debit,9,1,2,3,4,5,80
817,Clive Mutsvangwa,22,Female,Victoria Falls,Medium,Family,33,3,Cash,7,1,3,0,7,4,88
818,Shingirai Munyai,57,Female,Chitungwiza,High,Individual,81,0,Cash,9,5,3,2,6,3,100
819,Tariro Nkala,24,Male,Bulawayo,Medium,Family,50,3,Mobile Money,8,4,3,3,1,1,100
820,Ashley Ndlovu,72,Female,Masvingo,High,Individual,41,4,Cash,0,4,0,3,6,4,44
821,Natsai Mataruse,50,Female,Kadoma,Medium,Individual,48,2,Bank Debit,6,5,1,2,2,3,99
822,Tonderai Mutsvairo,35,Male,Gweru,Low,Individual,32,4,Cash,0,3,2,3,7,4,57
823,Tadiwa Sibanda,51,Male,Norton,High,Family,104,2,Ecocash,6,0,0,1,2,5,38
824,Elton Mutsvangwa,56,Male,Chegutu,High,Individual,16,5,Mobile Money,4,3,1,2,9,1,91
825,Prince Chibanda,33,Male,Victoria Falls,Medium,Family,114,3,Mobile Money,1,5,0,1,9,3,64
826,Tendai Mutsvangwa,54,Male,Harare,Medium,Family,116,3,Cash,0,1,3,2,4,1,77
827,Tariro Mutsvairo,71,Female,Chitungwiza,High,Family,58,2,Cash,0,5,4,3,4,1,100
828,Faith Mhlanga,57,Male,Victoria Falls,Low,Family,57,3,Mobile Money,5,3,0,0,8,3,70
829,Tonderai Nkomo,73,Male,Mutare,Low,Family,56,1,Ecocash,9,3,3,3,5,3,100
830,Anesu Nkala,59,Female,Gweru,High,Individual,17,0,Cash,6,2,4,0,1,5,94
831,Tafadzwa Chigumba,70,Female,Chitungwiza,Low,Individual,45,3,Ecocash,2,0,2,2,5,5,38
832,Faith Masuku,50,Female,Harare,Medium,Family,87,1,Bank Debit,5,4,1,2,1,1,100
833,Blessing Mupfumi,35,Female,Hwange,High,Family,94,0,Bank Debit,1,1,4,1,7,5,60
834,Tonderai Chigumba,68,Male,Masvingo,Low,Individual,56,2,Ecocash,9,0,0,2,8,4,61
835,Tadiwa Mashingaidze,24,Female,Harare,High,Family,77,5,Mobile Money,9,3,1,0,1,1,100
836,Tonderai Masango,26,Female,Masvingo,High,Individual,10,3,Mobile Money,3,5,2,1,1,3,96
837,Memory Nkala,28,Female,Bulawayo,High,Individual,19,5,Ecocash,7,1,3,3,7,1,100
838,Tatenda Mhlanga,21,Male,Marondera,High,Family,31,0,Bank Debit,6,2,4,2,5,5,92
839,Clive Mutsvangwa,34,Male,Kadoma,Low,Individual,67,4,Ecocash,1,4,3,1,1,5,73
840,Kundai Mashiri,28,Male,Mutare,High,Individual,105,0,Mobile Money,7,0,4,3,8,5,83
841,Prince Chibanda,55,Male,Mutare,Low,Family,95,4,Ecocash,7,3,4,0,2,2,100
842,Tadiwa Mupamhanga,47,Male,Kadoma,Low,Family,60,5,Ecocash,3,2,4,0,9,1,100
843,Tendai Mutsvangwa,55,Female,Bulawayo,Medium,Family,36,4,Ecocash,2,0,0,2,1,1,52
844,Tafadzwa Chirume,18,Female,Kwekwe,High,Individual,48,2,Cash,7,5,2,1,2,4,100
845,Tinashe Chiweshe,21,Male,Masvingo,Medium,Family,44,2,Bank Debit,6,5,2,0,6,5,93
846,Natsai Mashava,37,Male,Bindura,High,Family,84,4,Bank Debit,0,2,4,2,7,4,70
847,Brian Mupfudze,25,Female,Norton,Medium,Family,59,5,Ecocash,5,2,4,1,7,2,100
848,Shamiso Mupfumi,26,Female,Chitungwiza,Medium,Family,51,4,Bank Debit,1,4,0,3,2,4,49
849,Melody Munetsi,35,Male,Kwekwe,High,Family,36,3,Ecocash,4,0,0,1,5,5,28
850,Nyasha Chikore,45,Female,Kadoma,High,Family,54,3,Mobile Money,9,0,4,2,3,1,100
851,Elton Ncube,22,Female,Kariba,High,Individual,107,0,Bank Debit,9,1,4,0,4,2,100
852,Simba Mutasa,64,Male,Victoria Falls,Medium,Individual,109,4,Ecocash,8,5,3,0,2,1,100
853,Elton Munyai,25,Male,Gweru,Low,Family,110,2,Cash,5,3,2,0,7,3,90
854,Kudakwashe Ndlovu,74,Male,Harare,Medium,Family,118,2,Cash,3,5,3,1,9,5,88
855,Tonderai Mutambara,37,Male,Bulawayo,High,Individual,112,3,Bank Debit,0,3,4,0,6,4,77
856,Tinashe Moyo,46,Female,Chegutu,Medium,Family,47,5,Mobile Money,2,1,1,0,8,1,67
857,Prince Chiweshe,34,Male,Hwange,Low,Individual,68,3,Ecocash,3,5,2,0,9,1,100
858,Tawanda Munyai,62,Male,Chegutu,Low,Individual,90,2,Cash,1,5,0,3,2,4,56
859,Tafadzwa Mutizwa,74,Male,Hwange,High,Individual,79,2,Bank Debit,2,4,1,3,5,5,56
860,Natsai Mutsvairo,20,Female,Kariba,Low,Family,38,4,Bank Debit,9,3,4,1,1,3,100
861,Tanaka Chiweshe,55,Female,Kadoma,Low,Individual,78,4,Bank Debit,7,2,3,2,3,5,87
862,Kundai Mutambara,69,Male,Bindura,High,Family,81,3,Ecocash,1,5,0,1,5,3,64
863,Taurai Masuku,73,Female,Kariba,Low,Individual,48,2,Mobile Money,4,4,0,3,8,4,64
864,Memory Chikafu,53,Female,Victoria Falls,Medium,Individual,41,1,Mobile Money,3,0,0,0,2,5,23
865,Simbarashe Mashava,73,Female,Victoria Falls,High,Family,49,2,Ecocash,8,3,0,1,5,1,100
866,Shingirai Chiweshe,60,Female,Marondera,High,Individual,40,1,Cash,5,4,2,3,3,1,100
867,Tendekai Mutambara,51,Male,Kariba,High,Family,108,2,Mobile Money,4,1,3,2,4,1,97
868,Tariro Masuku,38,Male,Bindura,High,Family,38,2,Cash,5,3,4,2,1,3,100
869,Taurai Mutasa,44,Female,Victoria Falls,Medium,Individual,79,5,Cash,1,3,4,0,8,4,82
870,Takudzwa Chikowore,25,Female,Mutare,High,Individual,48,1,Mobile Money,8,0,2,3,9,2,92
871,Rumbidzai Mapfumo,36,Male,Gweru,High,Family,43,2,Bank Debit,3,3,2,2,3,4,72
872,Takudzwa Chikwanda,30,Female,Gweru,Low,Individual,82,4,Mobile Money,7,3,1,1,1,2,100
873,Tinotenda Chiweshe,22,Male,Gweru,High,Family,49,2,Bank Debit,2,2,4,3,8,4,80
874,Farai Chirume,69,Male,Gweru,High,Individual,24,5,Cash,2,1,3,0,6,4,63
875,Tadiwa Munyai,29,Male,Chitungwiza,High,Family,70,3,Ecocash,1,4,0,2,4,1,73
876,Tatenda Mutambara,43,Male,Gweru,High,Individual,119,4,Bank Debit,6,5,1,1,1,3,100
877,Brian Moyo,30,Male,Mutare,High,Individual,30,0,Ecocash,6,5,2,1,6,1,100
878,Fadzai Ncube,63,Male,Chegutu,High,Individual,83,4,Cash,7,3,4,3,2,4,100
879,Simbarashe Matiza,43,Male,Masvingo,High,Individual,30,3,Mobile Money,9,2,0,0,5,1,99
880,Tendekai Mupfumi,41,Female,Harare,Medium,Individual,65,5,Ecocash,4,4,2,3,7,5,76
881,Takudzwa Mashingaidze,27,Male,Bindura,High,Individual,98,2,Bank Debit,6,1,4,1,1,5,87
882,Nyasha Mataruse,50,Female,Chitungwiza,High,Family,16,5,Ecocash,6,0,4,3,8,2,100
883,Rumbidzai Ndlovu,35,Male,Chegutu,Low,Individual,59,3,Bank Debit,7,1,4,3,5,1,100
884,Tendai Dube,62,Male,Kariba,Low,Individual,110,2,Cash,2,3,0,0,9,2,63
885,Brian Mpofu,71,Female,Kariba,Low,Individual,46,0,Mobile Money,8,4,4,2,8,1,100
886,Shingirai Mutasa,66,Female,Chegutu,Medium,Individual,66,0,Bank Debit,6,0,2,3,9,2,82
887,Tendai Matiza,33,Male,Bulawayo,High,Family,10,4,Cash,4,4,0,1,5,1,88
888,Fadzai Munetsi,71,Male,Masvingo,Medium,Individual,105,0,Cash,6,0,1,0,2,2,72
889,Shamiso Chirume,62,Female,Kadoma,Medium,Individual,105,1,Ecocash,8,2,4,3,7,5,100
890,Rutendo Chibanda,34,Female,Mutare,Medium,Family,14,3,Ecocash,0,2,4,2,5,4,70
891,Nyarai Dube,53,Female,Hwange,High,Family,83,1,Mobile Money,4,5,0,2,3,2,87
892,Anesu Dube,38,Male,Marondera,Medium,Individual,57,4,Mobile Money,5,4,2,1,8,2,100
893,Taurai Matiza,55,Male,Bindura,High,Family,88,2,Mobile Money,3,0,3,2,4,1,85
894,Shingirai Moyo,73,Female,Bulawayo,Medium,Family,20,1,Bank Debit,2,4,4,1,4,4,94
895,Clive Mupamhanga,30,Female,Kwekwe,Low,Individual,91,3,Bank Debit,9,5,2,0,7,4,100
896,Ashley Chikafu,52,Female,Hwange,Low,Family,60,1,Bank Debit,5,5,0,0,1,3,86
897,Nyasha Chigumba,74,Male,Victoria Falls,Medium,Individual,30,3,Ecocash,3,5,2,0,9,4,86
898,Farai Chirume,24,Female,Bindura,High,Individual,10,3,Bank Debit,5,0,2,3,4,2,77
899,Melody Mashava,25,Female,Victoria Falls,Medium,Individual,38,1,Cash,8,2,3,2,5,1,100
900,Takudzwa Mutsvangwa,26,Male,Mutare,High,Family,78,3,Bank Debit,3,4,3,0,4,5,81
901,Fadzai Mupoperi,74,Male,Kariba,High,Individual,46,2,Cash,1,4,0,1,1,2,67
902,Memory Matiza,67,Male,Bindura,High,Family,38,0,Mobile Money,0,2,4,0,8,4,70
903,Anesu Chibanda,61,Male,Victoria Falls,High,Individual,93,5,Ecocash,5,2,1,1,2,4,65
904,Brian Ndlovu,71,Female,Masvingo,Low,Individual,29,5,Mobile Money,7,2,3,2,8,4,95
905,Takudzwa Moyo,45,Female,Kariba,High,Individual,56,2,Mobile Money,6,5,3,3,6,3,100
906,Shingirai Mhlanga,64,Male,Kadoma,Low,Family,22,0,Bank Debit,4,5,3,1,3,4,100
907,Tonderai Mataruse,72,Female,Marondera,Medium,Family,37,3,Ecocash,7,3,4,3,7,5,100
908,Kundai Ndlovu,38,Male,Hwange,High,Individual,33,5,Bank Debit,4,1,0,2,6,5,35
909,Faith Mupunga,68,Female,Victoria Falls,Medium,Individual,102,4,Bank Debit,2,0,0,2,8,4,26
910,Tendekai Dube,57,Female,Kadoma,High,Individual,32,1,Bank Debit,6,4,3,2,7,1,100
911,Farai Mashava,32,Male,Harare,Medium,Family,111,1,Ecocash,6,1,0,2,8,4,53
912,Nyasha Masuku,27,Male,Victoria Falls,Low,Individual,99,5,Ecocash,6,3,4,0,9,2,100
913,Elton Mupunga,42,Male,Harare,High,Individual,36,5,Ecocash,2,4,4,2,7,5,86
914,Kundai Mupfudze,49,Male,Victoria Falls,Low,Individual,49,1,Mobile Money,0,1,4,2,5,1,87
915,Shamiso Mupoperi,45,Male,Hwange,Low,Individual,31,0,Ecocash,1,3,4,0,6,4,82
916,Tendai Chibanda,59,Female,Bindura,Low,Individual,102,4,Ecocash,0,0,4,3,5,4,56
917,Kudakwashe Chirinda,22,Female,Gweru,Medium,Family,17,2,Ecocash,2,0,4,3,5,3,74
918,Tonderai Mupfumi,58,Male,Mutare,Medium,Family,110,5,Ecocash,9,3,2,1,3,2,100
919,Tonderai Munyai,56,Female,Mutare,Medium,Individual,87,2,Ecocash,3,0,0,1,9,2,47
920,Fadzai Mupunga,49,Male,Bulawayo,High,Individual,115,0,Bank Debit,0,0,2,0,8,5,28
921,Farai Mupfumi,57,Female,Kwekwe,Medium,Family,102,3,Bank Debit,8,1,1,2,2,1,97
922,Kundai Chirinda,31,Male,Kadoma,Medium,Individual,70,4,Mobile Money,8,5,4,2,9,3,100
923,Anesu Mataruse,50,Male,Chitungwiza,Low,Individual,95,4,Ecocash,7,5,1,2,8,4,96
924,Tapiwa Mupfudze,28,Female,Chitungwiza,Medium,Family,109,0,Mobile Money,3,5,3,1,9,5,88
925,Nyasha Mashiri,29,Male,Kadoma,Low,Family,47,2,Bank Debit,6,5,0,0,2,3,89
926,Tariro Chirume,61,Male,Bulawayo,Medium,Family,35,1,Ecocash,3,2,1,2,1,4,57
927,Tatenda Mupamhanga,56,Male,Bulawayo,Low,Family,65,5,Bank Debit,8,4,1,1,5,1,100
928,Prince Chikafu,69,Female,Mutare,Medium,Family,96,3,Ecocash,8,1,1,3,5,2,89
929,Elton Chikore,41,Female,Marondera,Low,Individual,71,0,Mobile Money,9,4,2,2,4,1,100
930,Melody Chiweshe,38,Female,Masvingo,Low,Individual,53,4,Bank Debit,3,0,2,0,8,3,59
931,Blessing Mpofu,71,Male,Masvingo,Low,Individual,15,5,Cash,0,4,2,0,5,3,72
932,Nyasha Sibanda,46,Female,Chegutu,Medium,Family,83,1,Ecocash,6,2,0,2,4,3,68
933,Tadiwa Mupamhanga,31,Male,Masvingo,Low,Individual,99,1,Bank Debit,0,2,3,3,3,3,68
934,Fadzai Dube,66,Female,Marondera,High,Family,71,1,Mobile Money,0,3,0,3,1,2,55
935,Kundai Nkala,24,Female,Chegutu,Low,Individual,101,4,Cash,1,5,3,1,6,3,94
936,Simba Chirume,69,Male,Gweru,Low,Individual,22,0,Cash,9,2,0,1,2,3,83
937,Kudakwashe Nkomo,59,Female,Hwange,High,Family,58,2,Mobile Money,9,4,1,1,8,5,91
938,Tapiwa Mpofu,60,Female,Victoria Falls,Low,Individual,39,2,Ecocash,9,5,4,2,7,5,100
939,Rumbidzai Mhlanga,71,Female,Marondera,Low,Individual,54,3,Cash,8,4,2,0,6,1,100
940,Tinashe Mutasa,46,Male,Kadoma,Low,Family,96,3,Cash,7,0,1,3,1,2,79
941,Farai Munyoro,52,Female,Masvingo,Low,Individual,68,3,Ecocash,3,3,3,2,8,3,90
942,Rudo Mashiri,36,Female,Marondera,High,Individual,99,0,Cash,9,1,0,0,5,1,92
943,Simbarashe Nkala,44,Female,Masvingo,Medium,Individual,69,5,Ecocash,6,1,2,1,7,5,65
944,Tariro Dube,22,Male,Norton,Low,Individual,42,5,Bank Debit,7,0,4,0,3,1,100
945,Shamiso Mupamhanga,58,Female,Bulawayo,Medium,Individual,79,1,Ecocash,0,2,3,0,4,4,60
946,Anesu Munyai,63,Female,Norton,Medium,Individual,117,5,Ecocash,5,5,0,3,1,4,78
947,Precious Mupinga,54,Male,Norton,Medium,Individual,104,1,Cash,3,4,1,1,1,1,95
948,Shamiso Mupunga,23,Female,Bulawayo,Medium,Family,67,1,Ecocash,6,2,4,0,4,1,100
949,Tawanda Munetsi,28,Male,Bulawayo,Medium,Individual,34,3,Ecocash,5,5,2,1,6,5,88
950,Memory Chikore,34,Female,Gweru,Low,Individual,70,4,Ecocash,1,0,3,3,7,3,59
951,Takudzwa Chikwanda,63,Male,Victoria Falls,Medium,Individual,104,0,Cash,0,1,0,3,1,3,33
952,Nyarai Munetsi,62,Female,Bulawayo,High,Family,66,0,Mobile Money,1,5,2,1,9,1,100
953,Elton Mutsvairo,19,Male,Kadoma,High,Individual,33,2,Mobile Money,1,4,4,1,1,3,99
954,Tapiwa Mapfumo,46,Female,Chitungwiza,Low,Family,87,0,Cash,5,0,4,0,5,4,81
955,Tonderai Munyai,53,Male,Gweru,High,Individual,69,5,Mobile Money,9,5,1,2,4,5,98
956,Faith Munyai,72,Female,Mutare,Medium,Individual,115,5,Mobile Money,7,0,2,0,2,1,95
957,Rudo Munyoro,26,Female,Bulawayo,High,Individual,58,3,Bank Debit,6,1,4,2,1,1,100
958,Blessing Masango,46,Male,Bulawayo,Medium,Family,118,0,Bank Debit,6,3,0,1,6,4,67
959,Fadzai Mupunga,68,Male,Mutare,High,Individual,21,0,Cash,4,4,3,1,3,5,86
960,Anesu Mutsvangwa,43,Male,Harare,Medium,Individual,16,1,Bank Debit,0,3,2,1,7,2,73
961,Kudzai Sibanda,21,Female,Kwekwe,Low,Family,70,2,Bank Debit,3,5,1,3,1,4,78
962,Tanaka Dube,58,Female,Gweru,High,Individual,35,5,Ecocash,3,0,2,1,4,3,59
963,Takudzwa Masango,46,Female,Masvingo,Medium,Individual,47,0,Bank Debit,0,2,3,2,8,2,76
964,Faith Mapfumo,73,Male,Kwekwe,Medium,Individual,78,2,Cash,8,3,3,2,1,4,100
965,Farai Mutasa,31,Male,Norton,Low,Family,106,2,Cash,9,4,4,0,2,2,100
966,Tonderai Mupunga,32,Male,Chegutu,Medium,Individual,89,0,Cash,7,4,0,2,3,5,71
967,Tendekai Mpofu,24,Female,Marondera,High,Individual,80,2,Cash,3,1,0,0,7,1,62
968,Brian Mutizwa,19,Male,Victoria Falls,High,Family,18,3,Mobile Money,5,5,3,1,6,2,100
969,Precious Chiweshe,26,Male,Bulawayo,Low,Individual,26,3,Ecocash,2,3,2,0,2,4,67
970,Anesu Moyo,20,Male,Kadoma,Medium,Individual,45,0,Ecocash,6,1,3,0,6,4,83
971,Melody Chirinda,29,Male,Chitungwiza,Low,Individual,18,0,Mobile Money,9,5,4,0,2,4,100
972,Tendai Chigumba,50,Male,Kadoma,Low,Individual,116,3,Cash,7,4,4,3,4,4,100
973,Blessing Masuku,39,Male,Victoria Falls,Medium,Individual,108,3,Ecocash,4,2,2,2,6,5,62
974,Fadzai Chiweshe,47,Female,Bindura,High,Individual,91,4,Bank Debit,1,2,2,2,6,2,71
975,Tafadzwa Chigumba,63,Female,Bulawayo,Low,Family,114,2,Ecocash,9,1,3,3,2,3,100
976,Prince Mutsvangwa,23,Male,Norton,Medium,Family,91,5,Cash,6,1,2,1,4,4,73
977,Anesu Mhlanga,28,Male,Chegutu,Low,Family,34,4,Bank Debit,0,0,0,1,3,2,32
978,Tatenda Nkomo,62,Female,Hwange,Medium,Family,55,3,Cash,3,3,3,3,8,5,74
979,Simbarashe Mataruse,28,Female,Norton,High,Individual,91,4,Cash,1,4,1,2,3,4,59
980,Tanaka Mutizwa,21,Male,Chegutu,Medium,Family,11,4,Mobile Money,4,4,3,0,4,2,100
981,Anesu Nkala,43,Male,Kwekwe,High,Family,118,2,Bank Debit,1,5,4,0,4,2,100
982,Rudo Mashiri,46,Female,Bindura,Low,Individual,12,0,Mobile Money,0,4,3,0,4,4,74
983,Shingirai Mupfumi,64,Female,Harare,High,Individual,59,1,Cash,8,1,4,2,4,5,95
984,Simbarashe Chiweshe,53,Female,Gweru,Medium,Family,117,1,Bank Debit,2,3,4,3,3,4,87
985,Rutendo Mpofu,57,Female,Gweru,High,Individual,80,0,Ecocash,6,2,1,1,3,4,70
986,Anesu Mutasa,35,Male,Kadoma,Low,Individual,17,1,Ecocash,9,0,0,1,6,3,69
987,Clive Chirume,18,Female,Marondera,Medium,Family,62,4,Mobile Money,4,5,2,2,4,3,99
988,Tatenda Chikwanda,64,Male,Masvingo,High,Family,87,1,Ecocash,1,0,3,1,5,2,67
989,Tinashe Mutambara,37,Female,Harare,Medium,Individual,89,2,Mobile Money,0,5,1,1,4,3,69
990,Taurai Mupoperi,56,Female,Harare,Medium,Individual,118,5,Mobile Money,0,5,1,3,4,1,85
991,Simbarashe Chikafu,55,Male,Bindura,Low,Family,104,2,Cash,7,2,4,1,3,1,100
992,Rutendo Mutizwa,65,Male,Gweru,Low,Family,96,3,Mobile Money,6,3,3,0,9,2,100
993,Elton Munyai,34,Female,Masvingo,Medium,Family,91,1,Mobile Money,3,2,2,1,8,1,89
994,Taurai Matiza,58,Male,Kariba,Low,Family,30,1,Cash,9,1,3,2,1,2,100
995,Clive Mutambara,22,Female,Norton,Low,Individual,31,5,Bank Debit,0,3,3,0,6,2,83
996,Tonderai Mupinga,71,Female,Kariba,Medium,Family,74,1,Bank Debit,6,3,1,3,6,1,100
997,Elton Mupunga,18,Female,Chegutu,Low,Individual,38,4,Mobile Money,3,5,2,3,7,4,86
998,Farai Chikafu,68,Female,Marondera,High,Individual,101,2,Mobile Money,3,2,4,2,7,5,77
999,Precious Mupfumi,35,Female,Hwange,Medium,Individual,13,3,Mobile Money,4,0,4,3,2,1,100
1000,Takudzwa Munyai,36,Female,Masvingo,High,Family,55,3,Cash,2,3,3,3,3,1,100
1001,Precious Mutizwa,23,Female,Kariba,Low,Individual,110,5,Cash,4,4,3,2,5,1,100
1002,Rutendo Chikafu,30,Male,Bindura,High,Individual,98,0,Ecocash,6,1,0,1,2,4,53
1003,Elton Mutasa,69,Female,Gweru,Medium,Family,84,4,Cash,7,0,1,3,9,2,77
1004,Kundai Chigumba,44,Male,Harare,Low,Family,93,5,Bank Debit,3,5,1,1,6,2,92
1005,Rudo Munyai,37,Male,Masvingo,Low,Family,39,0,Bank Debit,3,2,4,2,4,1,100
1006,Kundai Sibanda,24,Male,Marondera,High,Family,100,3,Bank Debit,9,0,1,3,1,4,73
1007,Tinotenda Dube,44,Male,Bindura,High,Family,117,2,Ecocash,4,0,0,2,6,3,44
1008,Tadiwa Mutizwa,61,Male,Chitungwiza,High,Individual,35,4,Bank Debit,0,4,2,1,3,5,56
1009,Tonderai Mataruse,34,Male,Kadoma,High,Family,111,4,Mobile Money,1,5,1,2,5,2,82
1010,Kundai Mutambara,50,Female,Chitungwiza,Low,Individual,98,2,Bank Debit,6,5,4,0,3,3,100
1011,Rudo Sibanda,63,Male,Masvingo,Medium,Family,46,4,Cash,0,0,4,1,1,2,74
1012,Rumbidzai Munetsi,51,Male,Norton,Low,Family,65,4,Mobile Money,1,2,0,1,1,4,37
1013,Precious Mutsvairo,44,Male,Marondera,High,Individual,37,0,Cash,4,1,1,2,9,4,53
1014,Shamiso Nkomo,47,Male,Kwekwe,High,Individual,62,5,Bank Debit,5,5,3,3,4,5,98
1015,Rudo Mapfumo,21,Female,Mutare,High,Family,119,5,Cash,4,5,2,1,1,3,100
1016,Shingirai Moyo,25,Female,Bindura,Medium,Individual,115,2,Ecocash,3,0,3,0,8,3,69
1017,Elton Chikowore,26,Female,Bulawayo,High,Family,35,1,Ecocash,5,3,4,0,1,5,96
1018,Shamiso Nkomo,39,Male,Marondera,Low,Individual,100,1,Ecocash,0,1,1,1,9,3,41
1019,Rumbidzai Mupoperi,61,Male,Victoria Falls,Low,Family,108,1,Cash,7,1,3,2,1,2,100
1020,Nyarai Mashingaidze,29,Female,Norton,Low,Family,83,2,Cash,8,4,1,2,1,2,100
1021,Takudzwa Mupfudze,62,Male,Masvingo,High,Individual,34,2,Mobile Money,2,2,2,3,9,5,52
1022,Anesu Sibanda,48,Male,Mutare,High,Family,65,4,Ecocash,1,2,3,2,2,3,73
1023,Blessing Mashingaidze,56,Female,Kariba,High,Family,23,4,Bank Debit,5,2,0,0,8,1,79
1024,Tadiwa Ndlovu,45,Male,Victoria Falls,Medium,Individual,85,4,Bank Debit,0,2,0,1,5,1,54
1025,Nyasha Mpofu,26,Male,Hwange,High,Individual,111,3,Mobile Money,9,0,4,3,4,4,100
1026,Simbarashe Ndlovu,19,Male,Masvingo,Low,Family,16,1,Cash,9,0,4,0,1,2,100
1027,Shingirai Moyo,20,Male,Hwange,Medium,Individual,34,5,Bank Debit,5,1,0,2,8,2,64
1028,Fadzai Munyoro,70,Female,Hwange,Low,Family,101,4,Ecocash,7,3,0,0,4,3,80
1029,Tafadzwa Dube,25,Female,Masvingo,High,Individual,44,5,Ecocash,3,4,2,1,6,3,87
1030,Tinotenda Mpofu,21,Male,Kariba,Low,Individual,12,5,Cash,1,4,0,3,7,2,65
1031,Rumbidzai Chikwanda,41,Female,Hwange,Low,Family,70,4,Cash,0,4,0,2,7,2,60
1032,Memory Mutsvairo,38,Male,Chegutu,High,Family,51,1,Mobile Money,1,0,4,2,5,3,69
1033,Tafadzwa Munyoro,29,Female,Kwekwe,Medium,Individual,50,0,Mobile Money,6,4,3,0,7,2,100
1034,Nyarai Chirinda,61,Female,Chegutu,Low,Individual,102,5,Cash,9,4,4,1,9,5,100
1035,Fadzai Masango,59,Female,Masvingo,High,Family,52,0,Ecocash,7,0,1,3,2,3,69
1036,Kudakwashe Mashava,58,Female,Bindura,Medium,Family,91,3,Cash,6,4,4,0,3,1,100
1037,Nyarai Mataruse,51,Female,Gweru,Low,Individual,118,1,Cash,3,3,0,0,5,2,68
1038,Shamiso Mutizwa,61,Female,Masvingo,Medium,Individual,81,1,Bank Debit,8,0,3,2,6,3,94
1039,Shingirai Mutsvangwa,38,Female,Gweru,Medium,Individual,33,1,Mobile Money,3,1,0,2,8,3,46
1040,Tapiwa Sibanda,41,Female,Gweru,Medium,Family,67,5,Ecocash,7,2,4,3,3,1,100
1041,Farai Chikore,69,Female,Chegutu,Medium,Individual,29,0,Mobile Money,9,1,3,0,7,3,100
1042,Prince Dube,64,Female,Chitungwiza,Low,Individual,18,3,Bank Debit,4,5,1,0,4,5,73
1043,Farai Mataruse,21,Male,Hwange,High,Family,83,1,Ecocash,7,3,1,0,7,4,82
1044,Faith Munyai,32,Male,Chegutu,Low,Family,74,3,Cash,5,3,4,1,8,3,100
1045,Memory Chigumba,47,Female,Marondera,Medium,Individual,101,2,Mobile Money,8,0,0,1,2,3,64
1046,Takudzwa Mupfumi,35,Male,Bindura,Low,Family,48,4,Bank Debit,8,5,4,3,1,5,100
1047,Rumbidzai Chikafu,34,Female,Marondera,High,Family,81,5,Bank Debit,2,2,3,1,8,4,70
1048,Anesu Chibanda,24,Female,Hwange,Low,Individual,85,0,Cash,7,0,3,3,2,4,81
1049,Fadzai Masango,26,Female,Kariba,Low,Family,16,5,Ecocash,4,3,2,3,7,3,85
1050,Farai Mashava,31,Female,Gweru,Medium,Individual,100,3,Cash,0,5,2,1,6,2,87
1051,Tanaka Nkala,34,Female,Kadoma,Medium,Individual,47,1,Mobile Money,4,4,2,3,9,5,76
1052,Memory Mutsvangwa,49,Female,Marondera,Medium,Family,106,0,Ecocash,7,2,0,3,8,1,89
1053,Prince Ncube,21,Male,Victoria Falls,High,Family,119,5,Ecocash,3,0,2,0,3,4,51
1054,Taurai Mapfumo,63,Male,Kwekwe,Low,Individual,81,0,Bank Debit,2,2,3,0,9,3,78
1055,Rumbidzai Chikwanda,70,Male,Kadoma,Low,Individual,30,0,Cash,9,4,4,0,5,2,100
1056,Anesu Mpofu,30,Male,Masvingo,Low,Individual,33,4,Bank Debit,3,4,2,0,7,4,79
1057,Brian Mpofu,49,Female,Mutare,High,Individual,76,4,Ecocash,8,5,2,2,8,1,100
1058,Shingirai Masuku,74,Female,Gweru,Low,Individual,30,3,Cash,1,1,4,1,2,1,92
1059,Brian Chikowore,24,Male,Chitungwiza,Medium,Individual,10,2,Cash,9,4,3,2,4,2,100
1060,Tatenda Mataruse,27,Male,Masvingo,Medium,Family,97,5,Bank Debit,1,4,3,1,7,3,87
1061,Tapiwa Chikore,38,Male,Kwekwe,High,Family,88,3,Ecocash,9,1,1,3,7,4,78
1062,Tonderai Mutizwa,45,Male,Bulawayo,Medium,Individual,11,0,Mobile Money,1,5,0,1,3,4,56
1063,Memory Mupfudze,55,Male,Gweru,Low,Family,59,2,Mobile Money,7,3,0,2,8,3,80
1064,Tawanda Nkomo,38,Female,Victoria Falls,High,Family,117,3,Mobile Money,0,4,4,3,9,2,100
1065,Simbarashe Munyoro,45,Female,Hwange,Low,Individual,93,1,Ecocash,1,5,3,3,1,5,80
1066,Nyasha Nkala,18,Male,Kwekwe,Medium,Family,87,2,Bank Debit,5,4,3,0,3,3,100
1067,Precious Mpofu,23,Female,Chitungwiza,High,Family,76,2,Cash,4,0,3,3,8,5,58
1068,Tendai Nkala,71,Male,Hwange,Low,Family,47,0,Bank Debit,5,2,1,2,7,4,65
1069,Shamiso Chigumba,44,Male,Kariba,Medium,Individual,98,1,Bank Debit,0,1,3,2,3,3,61
1070,Faith Nkomo,48,Male,Chitungwiza,High,Individual,49,4,Bank Debit,7,2,4,0,3,5,97
1071,Shingirai Mutambara,18,Female,Masvingo,High,Family,15,1,Mobile Money,4,3,3,3,9,5,79
1072,Simbarashe Mutizwa,68,Female,Mutare,Medium,Family,12,2,Ecocash,7,0,0,1,3,1,75
1073,Tawanda Mashingaidze,52,Male,Mutare,High,Family,90,2,Ecocash,9,3,1,1,6,5,84
1074,Elton Mupinga,36,Female,Bindura,Low,Individual,71,5,Cash,5,5,0,2,4,4,76
1075,Kudakwashe Mupfumi,65,Female,Chegutu,High,Individual,50,0,Bank Debit,3,4,2,2,3,5,71
1076,Shamiso Munetsi,30,Female,Chegutu,Medium,Individual,19,2,Mobile Money,1,5,0,3,1,3,66
1077,Clive Mutasa,49,Male,Bulawayo,Medium,Family,17,2,Mobile Money,4,4,4,1,9,4,100
1078,Shamiso Mapfumo,55,Male,Norton,Low,Family,116,4,Cash,4,5,3,1,9,3,100
1079,Farai Chibanda,43,Male,Norton,Medium,Family,17,3,Ecocash,5,2,4,2,3,2,100
1080,Rutendo Chikore,70,Female,Kadoma,Medium,Family,90,0,Bank Debit,6,1,0,1,6,3,61
1081,Memory Mupunga,26,Female,Chegutu,High,Individual,13,2,Ecocash,1,5,0,2,6,3,64
1082,Rutendo Munyoro,44,Male,Kariba,Medium,Individual,56,5,Cash,4,2,2,1,5,2,86
1083,Tinotenda Mupoperi,62,Female,Kwekwe,Medium,Family,107,4,Ecocash,7,4,3,2,7,1,100
1084,Tariro Mupinga,38,Female,Gweru,High,Individual,96,1,Ecocash,5,4,3,1,9,4,99
1085,Tariro Mupfudze,56,Male,Gweru,Low,Individual,72,1,Ecocash,4,0,1,3,2,2,62
1086,Tinotenda Mupinga,58,Female,Kariba,Low,Individual,49,0,Mobile Money,7,2,0,3,9,4,65
1087,Brian Matiza,35,Female,Harare,High,Individual,105,1,Mobile Money,7,2,1,1,5,2,91
1088,Simba Mutsvangwa,21,Female,Bindura,Medium,Individual,97,5,Bank Debit,4,1,0,2,4,1,67
1089,Natsai Moyo,56,Male,Chegutu,Low,Individual,79,5,Mobile Money,7,3,3,1,1,3,100
1090,Tatenda Chirume,69,Female,Victoria Falls,Low,Individual,57,0,Ecocash,2,2,4,2,1,2,98
1091,Tariro Mhlanga,36,Male,Gweru,Medium,Family,25,0,Mobile Money,7,0,1,0,8,5,53
1092,Tinotenda Masuku,50,Male,Mutare,Medium,Family,32,5,Bank Debit,1,3,2,0,3,3,70
1093,Tinashe Masango,39,Female,Marondera,High,Family,51,0,Cash,9,5,4,1,9,5,100
1094,Tariro Mupfumi,46,Female,Kadoma,Medium,Individual,105,2,Cash,4,5,1,2,2,4,81
1095,Tonderai Mashingaidze,46,Male,Marondera,High,Individual,94,0,Mobile Money,4,3,0,1,5,5,49
1096,Blessing Mapfumo,72,Female,Hwange,Medium,Family,32,0,Ecocash,2,1,1,3,7,1,67
1097,Tendai Chikowore,52,Male,Kwekwe,High,Individual,117,0,Mobile Money,2,1,3,2,3,5,55
1098,Taurai Mupfudze,34,Female,Chitungwiza,High,Individual,79,5,Bank Debit,4,3,3,3,3,3,95
1099,Simbarashe Mutizwa,67,Female,Hwange,Medium,Individual,34,4,Bank Debit,5,5,1,0,2,1,100
1100,Tanaka Nkomo,70,Female,Marondera,Low,Individual,91,3,Mobile Money,2,3,2,2,3,2,83
1101,Tadiwa Chiweshe,62,Female,Kariba,High,Family,111,2,Bank Debit,7,4,0,2,5,3,87
1102,Anesu Chikwanda,44,Male,Mutare,Low,Individual,97,1,Ecocash,9,2,1,2,6,4,85
1103,Tapiwa Mhlanga,38,Male,Bindura,Medium,Family,15,3,Mobile Money,1,2,4,3,3,3,83
1104,Tendai Mutsvairo,50,Male,Kadoma,High,Family,40,4,Cash,7,1,4,3,1,4,100
1105,Tariro Munetsi,20,Female,Kwekwe,High,Family,96,5,Ecocash,9,0,4,0,2,3,100
1106,Tariro Moyo,24,Male,Kariba,Low,Individual,35,1,Cash,7,3,3,2,1,1,100
1107,Ashley Munyai,29,Female,Harare,Low,Family,13,1,Cash,0,4,4,3,6,4,84
1108,Tafadzwa Sibanda,27,Female,Gweru,Low,Family,103,4,Bank Debit,0,3,3,3,5,1,91
1109,Simbarashe Chikafu,50,Female,Kwekwe,High,Individual,14,2,Ecocash,0,4,3,1,4,2,90
1110,Tadiwa Mupfumi,25,Female,Norton,High,Individual,47,1,Cash,8,2,1,3,2,2,96
1111,Tadiwa Chikore,30,Male,Chitungwiza,High,Family,103,0,Bank Debit,6,3,1,3,4,2,93
1112,Kundai Mutizwa,70,Male,Kariba,Medium,Family,107,2,Cash,8,0,1,0,2,5,58
1113,Kudzai Mapfumo,30,Male,Chitungwiza,Low,Individual,81,0,Ecocash,1,2,4,2,9,4,75
1114,Anesu Chibanda,34,Female,Victoria Falls,Low,Individual,46,1,Ecocash,8,4,4,2,1,1,100
1115,Farai Mapfumo,73,Male,Harare,Medium,Family,70,5,Cash,5,1,0,1,4,2,64
1116,Tinashe Mupinga,19,Male,Hwange,Low,Individual,61,0,Cash,7,2,1,2,5,4,75
1117,Taurai Mutambara,37,Male,Masvingo,Medium,Individual,22,1,Bank Debit,2,2,0,2,1,4,42
1118,Tafadzwa Ncube,66,Male,Hwange,Low,Family,31,0,Ecocash,2,1,4,3,2,1,97
1119,Tapiwa Nkala,32,Female,Hwange,High,Individual,45,3,Bank Debit,4,5,4,0,1,2,100
1120,Natsai Ndlovu,21,Male,Hwange,Low,Family,22,0,Bank Debit,7,0,1,3,3,5,53
1121,Shamiso Munetsi,65,Male,Harare,Medium,Individual,33,2,Ecocash,3,1,2,0,8,1,82
1122,Blessing Mashiri,35,Female,Norton,Low,Family,54,2,Ecocash,8,0,3,1,4,4,86
1123,Tinashe Mapfumo,52,Male,Kadoma,Low,Family,57,1,Bank Debit,4,3,1,3,4,1,91
1124,Tawanda Mutsvairo,55,Female,Masvingo,Low,Family,112,5,Ecocash,6,2,3,1,4,3,98
1125,Anesu Matiza,65,Male,Masvingo,Medium,Family,72,5,Ecocash,5,0,2,1,4,3,69
1126,Simba Ndlovu,32,Male,Norton,Medium,Individual,92,0,Bank Debit,1,5,1,2,7,5,58
1127,Ashley Dube,64,Female,Bulawayo,Medium,Family,93,2,Cash,1,5,3,1,7,2,100
1128,Simbarashe Mupinga,42,Female,Kwekwe,Low,Individual,87,3,Mobile Money,5,0,4,0,7,3,89
1129,Tonderai Chibanda,41,Female,Bindura,Medium,Family,112,5,Ecocash,9,1,0,2,4,3,76
1130,Simba Mupamhanga,52,Female,Norton,High,Family,54,3,Mobile Money,6,2,4,2,9,5,92
1131,Tapiwa Chikore,19,Male,Masvingo,Medium,Individual,104,0,Ecocash,2,4,4,0,3,5,86
1132,Tapiwa Mutsvangwa,23,Male,Victoria Falls,High,Family,37,5,Cash,1,4,3,1,6,1,100
1133,Tanaka Mashiri,62,Male,Chegutu,Medium,Family,65,0,Cash,2,5,1,2,6,4,71
1134,Kundai Matiza,21,Male,Norton,Low,Family,83,1,Cash,5,0,0,1,3,2,57
1135,Clive Chikafu,56,Female,Gweru,Low,Individual,48,3,Cash,3,0,1,1,9,2,57
1136,Tinotenda Chigumba,65,Female,Marondera,Low,Family,60,0,Ecocash,8,3,0,1,6,2,93
1137,Farai Chikwanda,34,Female,Bulawayo,Medium,Family,44,5,Mobile Money,7,1,3,3,9,2,100
1138,Nyarai Chikwanda,66,Female,Kadoma,High,Family,56,1,Ecocash,8,2,4,3,2,2,100
1139,Taurai Matiza,37,Female,Kadoma,Medium,Family,40,5,Ecocash,8,4,0,3,4,2,100
1140,Tafadzwa Mupinga,72,Male,Gweru,Medium,Family,53,3,Mobile Money,4,5,2,3,3,5,83
1141,Memory Mupunga,50,Female,Kwekwe,High,Individual,59,5,Cash,0,0,4,2,7,2,72
1142,Tendai Mupinga,38,Male,Chegutu,Medium,Family,19,2,Cash,2,2,3,3,2,2,86
1143,Rudo Mpofu,28,Female,Mutare,Medium,Family,59,5,Ecocash,9,4,2,0,9,2,100
1144,Kudakwashe Mpofu,34,Female,Kadoma,Medium,Individual,49,5,Mobile Money,7,1,4,2,7,5,90
1145,Rudo Nkala,59,Male,Kwekwe,Medium,Family,77,1,Ecocash,4,4,0,1,7,1,88
1146,Simbarashe Mashingaidze,67,Female,Victoria Falls,High,Individual,24,1,Ecocash,9,4,2,2,1,1,100
1147,Prince Moyo,53,Male,Victoria Falls,High,Family,44,5,Ecocash,4,5,4,0,5,5,100
1148,Brian Chigumba,50,Female,Kwekwe,High,Family,80,3,Cash,5,2,4,3,2,5,87
1149,Ashley Mpofu,71,Male,Chitungwiza,Medium,Family,90,0,Mobile Money,5,3,1,0,4,4,72
1150,Tafadzwa Chikwanda,18,Male,Bindura,High,Family,39,2,Bank Debit,0,5,3,1,8,4,81
1151,Rudo Mutasa,47,Male,Bulawayo,Low,Family,77,0,Mobile Money,8,4,0,2,4,5,76
1152,Farai Nkala,62,Female,Marondera,Low,Individual,56,5,Bank Debit,6,4,0,3,4,3,82
1153,Anesu Mashiri,50,Male,Bulawayo,Medium,Family,16,3,Cash,8,5,0,1,2,1,100
1154,Tadiwa Matiza,65,Female,Gweru,High,Family,84,5,Bank Debit,0,2,2,2,2,4,50
1155,Memory Munyai,70,Male,Marondera,High,Family,20,2,Cash,4,2,4,2,9,5,82
1156,Simbarashe Masuku,40,Female,Harare,High,Family,101,1,Ecocash,8,3,0,2,5,5,69
1157,Shingirai Mupoperi,21,Male,Chitungwiza,Medium,Individual,25,5,Bank Debit,5,2,4,2,6,1,100
1158,Kudakwashe Mutizwa,48,Male,Bindura,High,Family,77,4,Cash,3,0,0,3,3,5,23
1159,Tapiwa Sibanda,62,Male,Kwekwe,Low,Family,36,5,Cash,0,0,3,1,8,4,46
1160,Fadzai Mupfudze,19,Female,Kadoma,Low,Family,20,3,Bank Debit,4,1,3,1,3,1,97
1161,Tapiwa Nkomo,63,Female,Kadoma,Medium,Individual,30,2,Bank Debit,8,4,4,0,8,4,100
1162,Tafadzwa Mpofu,28,Female,Chegutu,High,Family,52,1,Bank Debit,7,5,2,2,2,2,100
1163,Ashley Moyo,70,Male,Mutare,High,Individual,113,3,Bank Debit,5,3,3,1,3,2,100
1164,Tendekai Mupoperi,46,Male,Bindura,Medium,Individual,17,5,Ecocash,6,2,4,1,5,4,100
1165,Tendai Mupamhanga,73,Male,Kadoma,Low,Individual,63,2,Mobile Money,9,1,2,3,1,2,100
1166,Ashley Mashiri,36,Female,Harare,Low,Individual,97,0,Cash,8,1,0,3,8,4,63
1167,Tonderai Masango,37,Female,Norton,Medium,Family,86,5,Bank Debit,0,1,0,2,1,4,25
1168,Tinashe Mupunga,41,Female,Bulawayo,Medium,Individual,86,5,Ecocash,2,2,1,2,1,5,44
1169,Brian Mupoperi,35,Female,Mutare,Medium,Family,32,1,Bank Debit,4,1,0,1,5,4,43
1170,Tinashe Chikwanda,38,Male,Kadoma,Low,Individual,70,4,Bank Debit,2,3,2,1,7,2,83
1171,Tendai Sibanda,62,Female,Bulawayo,Medium,Individual,90,4,Mobile Money,7,0,1,0,4,2,77
1172,Tawanda Chikwanda,67,Male,Chitungwiza,Low,Individual,103,2,Cash,5,0,4,3,7,4,81
1173,Tafadzwa Mapfumo,31,Male,Harare,Low,Individual,56,3,Cash,4,2,4,0,9,5,82
1174,Blessing Mupunga,18,Female,Mutare,Low,Individual,67,0,Cash,8,4,0,0,8,3,92
1175,Natsai Munetsi,47,Male,Mutare,Medium,Family,99,4,Mobile Money,9,4,0,3,4,3,97
1176,Clive Nkala,65,Male,Harare,Low,Individual,15,2,Mobile Money,6,4,3,2,2,4,100
1177,Clive Mupamhanga,33,Female,Mutare,Low,Family,69,2,Mobile Money,4,0,4,1,2,5,68
1178,Elton Mapfumo,67,Male,Bulawayo,Low,Individual,42,3,Cash,2,4,3,2,3,4,84
1179,Rudo Chirinda,69,Female,Mutare,Medium,Individual,32,5,Mobile Money,7,5,1,1,8,3,100
1180,Tinashe Chibanda,36,Female,Harare,Low,Family,62,3,Ecocash,9,4,1,0,8,4,99
1181,Memory Mupunga,62,Female,Marondera,Medium,Family,60,5,Ecocash,3,2,2,3,8,5,57
1182,Shamiso Mupoperi,61,Female,Norton,Medium,Family,86,3,Mobile Money,2,3,1,0,1,2,75
1183,Kundai Chibanda,53,Male,Harare,High,Family,109,4,Bank Debit,1,1,0,2,4,1,52
1184,Brian Munyai,26,Female,Chitungwiza,Medium,Family,81,1,Ecocash,6,0,4,3,7,3,94
1185,Faith Mutsvangwa,73,Male,Gweru,Medium,Family,21,4,Bank Debit,6,3,1,3,4,2,93
1186,Memory Masango,68,Male,Victoria Falls,Medium,Individual,26,1,Bank Debit,6,5,4,1,8,2,100
1187,Tendai Mashingaidze,24,Male,Marondera,Low,Individual,110,3,Cash,5,1,4,2,6,2,100
1188,Tonderai Munyoro,28,Male,Chegutu,Medium,Individual,86,1,Cash,2,1,0,3,4,2,49
1189,Clive Mashiri,42,Male,Kwekwe,Medium,Individual,23,4,Ecocash,5,0,4,1,4,1,100
1190,Simbarashe Mataruse,72,Female,Norton,Medium,Family,95,3,Cash,4,2,3,3,1,1,100
1191,Elton Chikore,55,Male,Chitungwiza,Medium,Family,81,1,Mobile Money,5,4,0,2,5,1,93
1192,Simbarashe Chikowore,70,Male,Marondera,Medium,Individual,50,0,Mobile Money,1,0,0,1,4,5,13
1193,Memory Mupoperi,74,Male,Chitungwiza,High,Family,101,5,Bank Debit,9,1,1,3,3,3,86
1194,Anesu Chigumba,48,Male,Bulawayo,Medium,Family,73,4,Bank Debit,4,3,1,1,9,2,83
1195,Brian Mutasa,66,Female,Marondera,Low,Family,69,2,Ecocash,1,1,4,0,5,4,68
1196,Kundai Mashava,30,Male,Harare,Low,Family,36,3,Ecocash,2,5,4,2,1,2,100
1197,Rutendo Matiza,22,Female,Hwange,Medium,Family,103,1,Mobile Money,4,1,3,3,1,5,67
1198,Tariro Munyoro,46,Female,Norton,Medium,Family,85,5,Ecocash,4,4,1,0,2,3,82
1199,Tanaka Chigumba,29,Male,Masvingo,Medium,Family,64,2,Bank Debit,4,1,0,0,1,5,37
1200,Rudo Ndlovu,26,Male,Kariba,High,Family,109,3,Ecocash,0,3,0,0,4,2,53
1201,Tadiwa Chirinda,41,Male,Bulawayo,Medium,Family,119,3,Bank Debit,9,5,0,1,4,4,96
1202,Takudzwa Chigumba,37,Male,Harare,Low,Family,29,5,Bank Debit,2,0,0,2,5,2,42
1203,Brian Masango,67,Female,Kwekwe,Medium,Individual,61,5,Cash,9,5,4,0,2,5,100
1204,Rumbidzai Mupoperi,49,Female,Chegutu,High,Family,65,1,Ecocash,8,1,2,2,3,2,99
1205,Tapiwa Chirinda,63,Male,Hwange,Medium,Family,27,0,Cash,0,2,1,2,6,4,40
1206,Tadiwa Mhlanga,37,Male,Kadoma,Low,Individual,48,1,Cash,9,5,3,1,4,3,100
1207,Elton Mutizwa,73,Male,Victoria Falls,High,Family,116,2,Ecocash,0,0,1,0,8,3,34
1208,Kudzai Chirume,43,Male,Gweru,High,Individual,16,5,Cash,1,5,1,2,2,3,74
1209,Fadzai Chikowore,46,Male,Mutare,Medium,Individual,79,0,Bank Debit,6,5,3,2,7,1,100
1210,Blessing Mutasa,23,Male,Kwekwe,High,Individual,116,2,Bank Debit,5,1,3,3,2,4,78
1211,Natsai Chikwanda,40,Female,Victoria Falls,High,Family,46,5,Ecocash,5,1,0,2,6,5,40
1212,Taurai Mupfudze,22,Female,Chitungwiza,High,Individual,93,3,Cash,2,2,0,0,2,3,48
1213,Ashley Mutasa,54,Male,Kwekwe,Low,Individual,86,1,Bank Debit,2,2,4,2,3,4,80
1214,Kudakwashe Mashiri,55,Male,Chitungwiza,Low,Family,97,1,Mobile Money,1,1,3,0,9,3,66
1215,Farai Ndlovu,55,Male,Marondera,Medium,Individual,85,1,Mobile Money,7,3,3,1,6,2,100
1216,Tariro Mupunga,49,Female,Kadoma,Low,Family,88,0,Ecocash,5,0,0,2,6,5,33
1217,Shingirai Chiweshe,47,Female,Kadoma,Medium,Individual,114,3,Ecocash,9,3,2,3,4,4,100
1218,Rutendo Mutambara,57,Male,Bulawayo,Low,Family,49,1,Cash,2,4,4,1,2,2,100
1219,Ashley Munyai,56,Female,Kariba,Medium,Family,90,2,Mobile Money,8,1,2,1,4,2,99
1220,Tapiwa Chirume,55,Female,Victoria Falls,Low,Individual,12,4,Cash,9,3,0,3,8,2,98
1221,Tendai Chigumba,58,Male,Gweru,High,Family,111,5,Ecocash,9,5,4,0,5,5,100
1222,Tafadzwa Chibanda,71,Male,Kwekwe,Medium,Individual,44,5,Ecocash,4,3,2,1,8,2,93
1223,Rumbidzai Mutasa,59,Male,Victoria Falls,Medium,Family,22,3,Bank Debit,7,3,4,3,5,5,100
1224,Natsai Mutsvangwa,37,Female,Victoria Falls,High,Individual,107,5,Cash,2,4,1,0,5,3,72
1225,Tawanda Mupamhanga,58,Male,Marondera,Medium,Individual,98,1,Ecocash,1,3,4,0,8,2,98
1226,Ashley Mhlanga,50,Male,Mutare,High,Individual,30,1,Bank Debit,0,0,3,2,4,2,62
1227,Rumbidzai Munetsi,52,Female,Gweru,High,Individual,27,1,Ecocash,7,4,3,2,4,3,100
1228,Prince Ndlovu,50,Male,Norton,Low,Family,20,2,Ecocash,6,1,1,0,2,1,87
1229,Rutendo Munyai,38,Male,Chitungwiza,Medium,Family,99,5,Mobile Money,5,4,1,3,7,4,79
1230,Nyarai Nkomo,28,Male,Norton,Medium,Individual,119,2,Cash,2,2,1,1,2,5,42
1231,Anesu Mutasa,60,Male,Bulawayo,High,Family,76,2,Ecocash,4,3,0,2,3,1,81
1232,Simba Chikwanda,50,Male,Chitungwiza,High,Family,113,2,Ecocash,0,3,4,2,4,5,69
1233,Taurai Mpofu,28,Female,Hwange,High,Family,95,4,Ecocash,4,0,3,2,7,1,90
1234,Precious Mutasa,34,Male,Chitungwiza,Low,Individual,29,0,Cash,4,5,3,2,9,1,100
1235,Prince Mapfumo,45,Female,Norton,High,Individual,74,1,Bank Debit,9,5,2,0,2,2,100
1236,Kundai Chikowore,65,Female,Bindura,Low,Family,61,5,Bank Debit,1,5,0,1,4,5,48
1237,Tatenda Chikafu,26,Female,Kwekwe,Low,Individual,30,1,Bank Debit,4,4,0,1,6,1,88
1238,Takudzwa Ncube,74,Male,Mutare,Medium,Individual,92,2,Ecocash,6,0,0,2,5,2,62
1239,Brian Mapfumo,67,Male,Gweru,Medium,Individual,41,2,Cash,9,4,4,1,7,5,100
1240,Takudzwa Masango,66,Male,Kariba,High,Individual,88,2,Cash,1,4,1,3,2,1,83
1241,Shamiso Mupoperi,43,Female,Hwange,Low,Family,19,2,Cash,2,5,4,0,1,5,95
1242,Tatenda Mutambara,29,Male,Kariba,Low,Family,110,1,Mobile Money,6,4,1,2,9,2,100
1243,Rutendo Munetsi,45,Male,Marondera,Medium,Individual,17,0,Cash,0,4,1,0,2,4,54
1244,Nyarai Munyoro,22,Female,Kadoma,Medium,Family,110,3,Cash,4,2,3,1,3,2,96
1245,Anesu Mhlanga,64,Female,Gweru,Medium,Individual,81,1,Bank Debit,0,5,4,2,7,5,83
1246,Precious Mataruse,27,Male,Harare,High,Individual,68,3,Cash,6,3,0,1,6,4,67
1247,Elton Chibanda,53,Male,Bindura,Medium,Individual,24,2,Bank Debit,6,0,0,0,3,1,70
1248,Tanaka Sibanda,32,Male,Kwekwe,High,Family,40,2,Ecocash,9,2,1,3,3,4,85
1249,Natsai Chirinda,18,Male,Hwange,Low,Family,27,0,Bank Debit,4,3,2,1,8,3,85
1250,Memory Mhlanga,70,Male,Kwekwe,High,Family,106,2,Ecocash,0,4,4,1,5,5,76
1251,Tendai Chikore,57,Male,Kadoma,Medium,Family,68,4,Mobile Money,2,3,2,3,6,5,59
1252,Kudakwashe Mashingaidze,33,Male,Kwekwe,High,Family,67,2,Ecocash,8,3,2,1,5,4,97
1253,Takudzwa Mutambara,27,Male,Gweru,Medium,Family,103,4,Mobile Money,3,3,4,2,1,1,100
1254,Rudo Chikore,28,Male,Hwange,High,Individual,75,4,Ecocash,0,5,2,0,9,4,71
1255,Ashley Munyoro,58,Female,Bulawayo,Medium,Individual,35,2,Cash,9,3,3,3,3,3,100
1256,Tawanda Mpofu,52,Male,Kwekwe,Low,Family,20,0,Cash,2,2,4,2,5,1,100
1257,Tatenda Mutasa,24,Female,Bulawayo,Medium,Individual,68,0,Cash,2,0,0,3,9,2,42
1258,Precious Chirume,47,Female,Kariba,Medium,Individual,16,4,Cash,1,4,3,2,3,2,95
1259,Precious Mupinga,40,Female,Chegutu,Medium,Individual,77,0,Mobile Money,5,5,0,2,7,3,84
1260,Precious Mupunga,55,Male,Marondera,High,Individual,58,3,Mobile Money,1,2,0,3,1,5,29
1261,Taurai Mupoperi,39,Female,Kariba,Low,Individual,104,4,Cash,5,4,1,3,8,1,100
1262,Tawanda Nkala,69,Female,Kariba,Medium,Family,72,0,Cash,4,2,3,0,4,1,100
1263,Tonderai Moyo,44,Female,Bindura,Low,Individual,115,5,Ecocash,2,1,3,2,1,2,81
1264,Clive Mutizwa,28,Female,Mutare,Medium,Individual,109,0,Cash,7,5,3,3,5,5,100
1265,Tatenda Nkala,54,Female,Marondera,High,Individual,94,3,Cash,6,4,4,2,2,1,100
1266,Taurai Mutasa,26,Female,Gweru,High,Family,91,4,Ecocash,1,0,2,3,6,3,49
1267,Precious Masuku,57,Male,Victoria Falls,Low,Family,90,1,Ecocash,6,3,0,0,7,2,83
1268,Simbarashe Matiza,66,Female,Bindura,Medium,Individual,106,5,Cash,5,2,3,3,6,4,85
1269,Tendekai Matiza,61,Female,Kariba,Low,Family,22,0,Ecocash,0,1,0,1,3,3,31
1270,Kundai Munyoro,70,Female,Hwange,Medium,Individual,66,1,Ecocash,9,3,0,1,9,3,90
1271,Tonderai Chirinda,41,Female,Bulawayo,Low,Family,90,0,Bank Debit,4,0,1,3,5,2,62
1272,Prince Mapfumo,38,Male,Masvingo,Medium,Individual,118,3,Cash,2,3,4,2,4,4,87
1273,Tadiwa Mupinga,53,Male,Norton,Low,Individual,20,5,Bank Debit,1,3,1,0,8,5,44
1274,Tendekai Chikwanda,69,Male,Victoria Falls,High,Individual,86,0,Mobile Money,7,2,4,3,1,3,100
1275,Anesu Chirume,18,Female,Kwekwe,Medium,Family,85,0,Mobile Money,3,5,3,3,5,4,96
1276,Fadzai Nkomo,27,Male,Kadoma,High,Family,14,4,Mobile Money,2,1,3,0,9,5,55
1277,Simbarashe Munetsi,45,Male,Marondera,Low,Individual,67,2,Cash,0,5,1,1,6,5,53
1278,Anesu Chikore,29,Female,Victoria Falls,High,Individual,109,1,Bank Debit,7,5,2,1,3,2,100
1279,Tariro Chikwanda,52,Female,Gweru,Medium,Individual,81,4,Cash,2,4,1,2,1,2,82
1280,Taurai Mutambara,36,Female,Hwange,Medium,Individual,17,5,Bank Debit,2,4,0,3,5,4,54
1281,Prince Chirinda,74,Female,Harare,Low,Individual,33,2,Bank Debit,9,3,0,0,7,1,100
1282,Tinashe Sibanda,28,Male,Norton,Low,Individual,93,2,Ecocash,4,1,2,3,5,1,87
1283,Takudzwa Mutambara,33,Male,Harare,Medium,Family,117,5,Cash,8,1,1,3,4,1,97
1284,Shamiso Mashingaidze,24,Female,Norton,Medium,Individual,29,5,Mobile Money,6,2,0,1,4,3,68
1285,Faith Mupfumi,66,Male,Marondera,High,Individual,26,0,Cash,3,2,0,1,9,5,37
1286,Shamiso Sibanda,46,Female,Kariba,Low,Individual,68,5,Bank Debit,8,2,3,0,2,5,92
1287,Shingirai Mupamhanga,61,Male,Gweru,High,Family,114,1,Cash,2,1,3,0,3,4,63
1288,Kundai Moyo,68,Female,Masvingo,High,Family,13,5,Cash,5,5,4,3,7,5,100
1289,Memory Mupunga,21,Female,Victoria Falls,High,Individual,96,0,Mobile Money,7,1,1,2,1,1,94
1290,Prince Mutizwa,66,Female,Norton,Medium,Family,22,0,Cash,2,2,0,1,8,1,64
1291,Farai Nkala,19,Female,Norton,High,Family,57,1,Cash,3,4,3,1,1,3,99
1292,Tonderai Mupoperi,46,Male,Kariba,High,Family,99,1,Bank Debit,2,2,4,1,2,5,72
1293,Shamiso Mutizwa,37,Female,Kwekwe,High,Individual,13,0,Bank Debit,8,3,0,1,4,3,85
1294,Fadzai Nkomo,19,Female,Norton,Medium,Family,21,4,Bank Debit,2,3,3,1,9,3,85
1295,Simba Moyo,74,Female,Gweru,High,Family,77,1,Mobile Money,2,2,2,0,2,1,84
1296,Tinotenda Nkala,26,Female,Marondera,Low,Individual,32,2,Ecocash,6,0,3,0,3,4,76
1297,Ashley Ncube,47,Male,Bulawayo,Low,Individual,56,5,Mobile Money,0,3,1,1,7,1,71
1298,Takudzwa Mupamhanga,60,Male,Bindura,High,Individual,75,1,Bank Debit,8,3,4,2,3,1,100
1299,Tatenda Mutasa,74,Male,Kadoma,High,Family,56,5,Ecocash,3,0,1,1,4,4,41
1300,Nyasha Ndlovu,47,Female,Harare,High,Family,103,2,Mobile Money,1,0,4,1,5,5,53
1301,Blessing Munyai,69,Male,Victoria Falls,Medium,Individual,28,4,Ecocash,8,5,4,1,3,2,100
1302,Tinotenda Chikowore,40,Female,Bindura,Medium,Family,79,4,Bank Debit,5,0,0,2,4,1,65
1303,Memory Chikwanda,19,Female,Marondera,Medium,Individual,72,4,Mobile Money,4,1,2,3,5,2,79
1304,Clive Mashiri,45,Male,Hwange,Low,Individual,117,5,Mobile Money,6,1,2,1,7,3,81
1305,Shamiso Masuku,53,Female,Bindura,Low,Family,30,2,Bank Debit,2,3,3,0,8,2,93
1306,Tinotenda Mupinga,58,Male,Chitungwiza,High,Individual,80,4,Mobile Money,2,1,1,1,7,4,43
1307,Tinotenda Chikowore,28,Male,Chitungwiza,High,Family,112,2,Cash,7,2,4,2,8,4,100
1308,Kudzai Nkomo,35,Female,Marondera,High,Family,80,5,Cash,5,1,4,3,4,2,100
1309,Anesu Masango,39,Female,Kariba,High,Family,109,4,Cash,6,5,4,1,6,2,100
1310,Tariro Mupamhanga,67,Male,Mutare,Low,Family,114,0,Mobile Money,2,5,0,3,1,1,87
1311,Tendai Mashava,68,Female,Kadoma,High,Family,71,1,Mobile Money,9,5,2,0,8,4,100
1312,Taurai Chikowore,28,Female,Chitungwiza,High,Individual,24,0,Ecocash,1,0,3,0,4,1,75
1313,Rumbidzai Mupfumi,38,Male,Chegutu,High,Family,107,4,Cash,9,2,0,2,3,3,83
1314,Tapiwa Nkala,41,Female,Kariba,Low,Individual,38,4,Bank Debit,1,1,0,0,5,3,36
1315,Tafadzwa Moyo,21,Female,Norton,High,Individual,83,5,Cash,3,3,0,0,4,5,44
1316,Fadzai Masuku,43,Female,Bulawayo,Medium,Family,56,5,Cash,7,0,3,2,8,4,81
1317,Kundai Chikafu,20,Male,Gweru,Medium,Individual,41,3,Ecocash,2,4,0,3,6,1,78
1318,Natsai Mhlanga,33,Female,Harare,High,Individual,45,5,Cash,9,1,2,1,7,5,80
1319,Memory Mpofu,36,Female,Bindura,Low,Family,103,4,Bank Debit,5,2,2,2,9,4,75
1320,Kundai Chiweshe,67,Male,Kariba,High,Family,61,0,Ecocash,6,3,2,0,2,1,100
1321,Clive Mupoperi,74,Male,Kwekwe,Medium,Individual,37,1,Ecocash,4,3,3,3,4,1,100
1322,Shingirai Mashiri,23,Female,Chegutu,Low,Family,117,0,Mobile Money,9,2,2,3,1,3,100
1323,Fadzai Mataruse,66,Male,Kadoma,Medium,Individual,83,4,Mobile Money,3,1,1,1,7,4,48
1324,Tonderai Chibanda,38,Male,Kariba,High,Individual,38,2,Cash,3,3,3,2,9,4,82
1325,Tawanda Mupoperi,65,Male,Kariba,Medium,Family,22,3,Ecocash,0,0,2,1,1,2,54
1326,Taurai Nkomo,72,Male,Kwekwe,High,Family,20,2,Cash,7,3,0,1,6,2,88
1327,Rutendo Mpofu,60,Male,Marondera,Medium,Family,106,1,Ecocash,2,3,4,3,3,5,79
1328,Precious Ncube,24,Female,Bulawayo,Low,Family,36,0,Mobile Money,9,1,3,3,3,3,100
1329,Rudo Mutsvairo,45,Female,Mutare,Low,Family,54,2,Cash,9,0,0,2,9,5,53
1330,Melody Ncube,31,Male,Mutare,Medium,Individual,71,5,Mobile Money,8,1,3,3,5,3,100
1331,Kudakwashe Masango,39,Female,Kariba,High,Individual,21,4,Cash,5,0,1,0,8,3,59
1332,Tendekai Chirume,50,Female,Bulawayo,Low,Family,83,2,Mobile Money,1,1,0,3,8,4,28
1333,Brian Mashingaidze,38,Male,Chitungwiza,Medium,Family,107,4,Mobile Money,2,3,4,2,4,2,100
1334,Rutendo Mupfumi,68,Female,Norton,Low,Individual,83,1,Mobile Money,7,3,3,2,6,2,100
1335,Tendekai Chirinda,26,Female,Bindura,High,Family,11,0,Ecocash,8,3,0,3,2,4,77
1336,Melody Mupoperi,71,Male,Bindura,High,Individual,15,3,Bank Debit,0,1,0,3,2,1,47
1337,Faith Mashava,61,Male,Kadoma,Medium,Individual,24,1,Bank Debit,1,4,3,3,1,5,73
1338,Anesu Mapfumo,54,Female,Victoria Falls,Low,Family,15,5,Ecocash,3,5,1,0,9,2,92
1339,Rudo Mashiri,18,Male,Bulawayo,High,Individual,72,2,Cash,9,3,4,0,1,1,100
1340,Ashley Chigumba,74,Female,Harare,Low,Individual,100,2,Ecocash,9,3,0,0,6,4,82
1341,Fadzai Mhlanga,55,Male,Masvingo,Medium,Family,33,2,Mobile Money,1,0,3,2,6,2,67
1342,Simbarashe Mupunga,48,Female,Hwange,Medium,Family,52,3,Ecocash,6,0,1,0,1,5,50
1343,Brian Mutasa,37,Male,Mutare,Low,Individual,89,2,Bank Debit,0,2,1,3,1,4,42
1344,Precious Matiza,20,Male,Mutare,High,Individual,24,0,Mobile Money,0,2,4,2,4,1,94
1345,Takudzwa Sibanda,62,Female,Mutare,High,Individual,84,2,Mobile Money,8,1,2,1,8,5,75
1346,Blessing Moyo,21,Female,Mutare,Medium,Family,95,1,Mobile Money,8,0,4,1,1,3,100
1347,Rutendo Mupfudze,65,Female,Kadoma,High,Family,101,0,Ecocash,7,1,2,2,6,3,86
1348,Tapiwa Mashava,26,Female,Hwange,Low,Individual,108,5,Cash,6,4,3,2,1,5,98
1349,Anesu Mupinga,33,Female,Harare,Medium,Individual,117,2,Mobile Money,5,5,1,1,3,2,100
1350,Clive Ndlovu,53,Male,Kariba,High,Individual,110,0,Ecocash,5,2,4,0,9,4,95
1351,Tawanda Mupfumi,59,Female,Kadoma,Low,Individual,31,1,Ecocash,1,1,2,3,4,5,40
1352,Shamiso Chirume,65,Female,Kwekwe,High,Family,117,5,Ecocash,8,3,0,2,6,1,100
1353,Shingirai Ncube,34,Female,Norton,Low,Family,76,1,Mobile Money,6,1,1,0,6,3,71
1354,Tapiwa Chibanda,59,Female,Marondera,High,Family,117,3,Cash,8,2,4,1,7,3,100
1355,Tatenda Mupfudze,47,Female,Chegutu,Medium,Individual,60,4,Bank Debit,5,5,2,1,7,4,96
1356,Tendekai Mashava,32,Female,Kwekwe,Low,Individual,105,1,Mobile Money,6,3,1,3,8,4,77
1357,Shingirai Matiza,62,Male,Kwekwe,Medium,Individual,11,3,Ecocash,0,4,3,3,2,4,74
1358,Takudzwa Mashingaidze,22,Male,Masvingo,Low,Family,86,0,Bank Debit,7,2,3,1,6,5,87
1359,Farai Chikafu,71,Female,Norton,Medium,Individual,29,0,Cash,3,3,4,0,8,3,100
1360,Tonderai Matiza,42,Female,Bindura,Medium,Individual,57,0,Ecocash,8,4,4,2,2,4,100
1361,Elton Mutizwa,34,Female,Chegutu,Medium,Family,84,2,Cash,3,2,4,3,7,2,100
1362,Precious Mupunga,34,Male,Bulawayo,Medium,Family,86,2,Bank Debit,6,3,4,1,2,1,100
1363,Tawanda Ncube,50,Male,Kariba,High,Individual,74,2,Mobile Money,7,4,4,0,3,4,100
1364,Blessing Ncube,49,Female,Chitungwiza,Medium,Individual,85,4,Bank Debit,4,5,2,3,3,3,99
1365,Shingirai Chikore,43,Female,Mutare,Medium,Individual,84,5,Mobile Money,4,5,1,1,6,4,81
1366,Fadzai Munyoro,18,Female,Gweru,Medium,Individual,86,2,Mobile Money,6,2,1,2,9,4,70
1367,Tadiwa Munetsi,72,Male,Bulawayo,High,Individual,58,0,Bank Debit,2,0,3,1,1,2,74
1368,Farai Chikore,50,Male,Marondera,High,Family,109,0,Ecocash,6,1,1,3,3,1,87
1369,Taurai Mupfudze,28,Female,Kwekwe,Medium,Individual,82,2,Bank Debit,1,3,3,2,9,5,64
1370,Natsai Mashiri,60,Male,Kariba,Low,Individual,14,5,Cash,8,3,2,0,6,4,97
1371,Tinotenda Mutizwa,24,Male,Marondera,Low,Family,119,0,Mobile Money,3,0,4,3,5,4,71
1372,Shamiso Mutsvairo,39,Female,Norton,High,Family,83,0,Mobile Money,8,5,3,0,9,4,100
1373,Shamiso Mupoperi,60,Female,Bulawayo,Low,Individual,67,2,Cash,0,0,4,2,3,4,56
1374,Brian Matiza,22,Female,Kwekwe,Medium,Individual,80,2,Bank Debit,2,1,0,1,8,1,57
1375,Rumbidzai Mutizwa,25,Male,Chitungwiza,Low,Individual,13,3,Cash,4,4,4,1,7,5,96
1376,Nyarai Moyo,30,Female,Bindura,Medium,Individual,43,5,Bank Debit,6,3,4,0,9,3,100
1377,Farai Munyai,24,Female,Bulawayo,Medium,Individual,26,5,Cash,1,2,0,3,7,2,51
1378,Brian Mapfumo,18,Female,Bulawayo,Medium,Individual,59,3,Ecocash,4,4,1,2,9,5,66
1379,Tatenda Mutsvangwa,28,Male,Kariba,Low,Family,16,2,Bank Debit,4,4,2,2,5,2,100
1380,Takudzwa Mupfudze,29,Male,Kwekwe,High,Individual,39,5,Ecocash,6,4,3,3,7,5,96
1381,Brian Chirume,33,Female,Gweru,Low,Individual,27,0,Cash,9,3,1,2,3,5,84
1382,Tonderai Mupoperi,65,Male,Kariba,Medium,Individual,59,1,Mobile Money,6,4,0,2,7,3,82
1383,Fadzai Chikowore,65,Male,Kariba,High,Individual,32,3,Mobile Money,0,2,3,3,3,1,84
1384,Tawanda Mpofu,73,Male,Bulawayo,Medium,Individual,37,2,Bank Debit,2,2,0,2,5,1,64
1385,Elton Chibanda,34,Female,Chitungwiza,High,Family,22,3,Bank Debit,1,5,3,2,3,5,78
1386,Shamiso Nkomo,41,Male,Kariba,Low,Family,37,3,Bank Debit,2,4,1,1,2,1,88
1387,Rutendo Mupfumi,40,Female,Marondera,Medium,Individual,14,0,Bank Debit,7,5,3,3,9,5,100
1388,Kudakwashe Matiza,20,Female,Norton,High,Individual,76,5,Ecocash,0,5,2,0,5,3,79
1389,Brian Mutsvairo,21,Female,Bindura,High,Family,80,4,Cash,1,2,0,3,7,3,43
1390,Simba Mashava,42,Female,Hwange,Medium,Individual,66,3,Mobile Money,8,4,2,0,3,3,100
1391,Ashley Masuku,58,Male,Marondera,Medium,Family,31,1,Ecocash,6,0,1,2,5,4,56
1392,Tatenda Munetsi,43,Female,Chitungwiza,Low,Individual,17,4,Cash,3,0,3,2,6,5,53
1393,Precious Sibanda,19,Female,Kadoma,Low,Family,101,2,Ecocash,4,4,3,1,7,5,86
1394,Kudakwashe Nkomo,69,Female,Chitungwiza,High,Family,22,3,Mobile Money,5,5,1,3,6,4,86
1395,Prince Mupfudze,71,Male,Chitungwiza,High,Individual,19,2,Cash,8,0,0,0,1,3,66
1396,Tanaka Ncube,33,Male,Chitungwiza,High,Family,10,2,Ecocash,8,0,1,1,8,4,66
1397,Kudzai Munetsi,55,Male,Gweru,High,Individual,46,0,Bank Debit,4,2,0,3,3,1,74
1398,Melody Mutsvairo,72,Female,Kadoma,High,Individual,117,3,Ecocash,6,5,4,2,4,2,100
1399,Kundai Chikowore,18,Male,Kwekwe,High,Individual,41,4,Mobile Money,3,2,1,3,1,2,73
1400,Precious Munetsi,22,Male,Gweru,Low,Family,39,1,Ecocash,1,1,3,3,5,3,66
1401,Shingirai Mutsvangwa,33,Male,Kariba,Medium,Family,86,5,Bank Debit,4,3,3,2,5,1,100
1402,Shamiso Ndlovu,56,Male,Kwekwe,High,Individual,14,4,Bank Debit,4,5,3,1,2,1,100
1403,Ashley Mupfumi,30,Female,Gweru,High,Family,41,3,Cash,2,5,4,0,6,3,100
1404,Faith Matiza,43,Female,Marondera,High,Individual,34,5,Bank Debit,9,1,0,1,4,1,92
1405,Fadzai Chirume,37,Male,Kariba,High,Individual,67,1,Ecocash,5,1,3,1,7,2,94
1406,Ashley Nkala,27,Female,Hwange,High,Family,14,0,Mobile Money,1,3,1,2,8,4,52
1407,Kudzai Mutizwa,25,Female,Gweru,Low,Individual,21,4,Ecocash,3,0,1,1,8,3,49
1408,Memory Mutizwa,24,Male,Harare,High,Individual,79,1,Mobile Money,5,2,0,3,2,5,47
1409,Rutendo Masuku,37,Female,Norton,Low,Family,14,0,Mobile Money,0,4,3,3,3,5,66
1410,Memory Mashava,65,Female,Victoria Falls,Medium,Individual,95,4,Ecocash,7,0,4,0,4,1,100
1411,Nyarai Mashingaidze,37,Female,Gweru,High,Family,18,4,Mobile Money,2,1,4,3,8,2,89
1412,Tadiwa Chibanda,60,Female,Victoria Falls,Low,Individual,35,2,Bank Debit,7,3,2,3,3,3,100
1413,Farai Mupinga,56,Male,Victoria Falls,High,Family,26,4,Cash,7,1,4,0,3,1,100
1414,Anesu Mupfumi,24,Male,Mutare,Low,Individual,86,3,Cash,0,4,1,1,3,5,46
1415,Elton Masuku,28,Male,Marondera,Medium,Individual,100,5,Mobile Money,6,1,1,0,4,3,71
1416,Tanaka Mapfumo,37,Male,Norton,Low,Family,58,1,Bank Debit,5,2,4,0,4,2,100
1417,Clive Mupfudze,43,Male,Kariba,Low,Family,10,2,Ecocash,4,2,4,2,9,3,98
1418,Tonderai Mhlanga,53,Male,Kwekwe,Medium,Individual,31,1,Mobile Money,8,1,0,3,7,3,71
1419,Tendai Ncube,74,Male,Kariba,High,Individual,89,4,Cash,0,2,4,2,1,4,72
1420,Kudzai Mutambara,66,Male,Kadoma,Low,Individual,39,2,Ecocash,5,3,4,1,6,4,100
1421,Shamiso Chigumba,67,Male,Mutare,Low,Individual,55,0,Mobile Money,9,4,4,0,8,2,100
1422,Rutendo Chigumba,57,Male,Chitungwiza,Medium,Individual,118,0,Mobile Money,1,5,4,2,1,3,100
1423,Tanaka Mupoperi,23,Female,Chitungwiza,Low,Family,117,4,Bank Debit,7,3,4,0,8,3,100
1424,Tanaka Mupamhanga,74,Male,Bulawayo,High,Family,88,2,Ecocash,0,0,2,0,8,2,52
1425,Memory Mhlanga,72,Female,Hwange,High,Individual,41,2,Ecocash,0,1,2,1,2,4,43
1426,Melody Chikafu,67,Female,Gweru,High,Family,60,4,Ecocash,2,5,1,1,4,1,95
1427,Tonderai Chigumba,22,Female,Hwange,High,Individual,46,3,Cash,6,0,4,2,6,3,94
1428,Kudakwashe Moyo,63,Female,Gweru,Medium,Individual,64,1,Cash,8,1,4,2,9,4,100
1429,Tariro Chikore,27,Male,Harare,High,Individual,48,4,Ecocash,6,0,0,2,6,2,62
1430,Tadiwa Masuku,52,Female,Victoria Falls,High,Individual,95,4,Bank Debit,3,2,4,0,1,1,100
1431,Elton Ncube,18,Female,Kadoma,High,Family,119,1,Mobile Money,4,4,3,3,4,5,86
1432,Farai Chirinda,38,Female,Mutare,Medium,Individual,12,5,Mobile Money,6,2,3,3,6,2,100
1433,Tonderai Mutambara,61,Male,Victoria Falls,High,Family,74,5,Mobile Money,7,0,3,0,1,5,75
1434,Tadiwa Chigumba,60,Male,Victoria Falls,High,Family,117,1,Bank Debit,3,5,1,0,2,4,76
1435,Tanaka Chikore,19,Male,Harare,Low,Family,93,3,Ecocash,0,5,2,2,2,3,79
1436,Taurai Mataruse,68,Female,Gweru,High,Individual,34,4,Bank Debit,5,0,0,0,5,2,57
1437,Rutendo Chigumba,50,Male,Chitungwiza,Medium,Family,73,3,Cash,8,5,0,2,8,3,99
1438,Precious Mutasa,43,Male,Gweru,High,Individual,34,5,Bank Debit,0,4,1,0,4,1,78
1439,Rutendo Mataruse,20,Male,Chitungwiza,Low,Family,66,4,Mobile Money,9,1,3,0,8,2,100
1440,Rutendo Mutambara,66,Male,Marondera,High,Individual,21,5,Bank Debit,1,4,2,1,7,5,61
1441,Taurai Matiza,24,Male,Mutare,High,Individual,25,5,Ecocash,3,2,1,1,2,4,55
1442,Rutendo Mhlanga,63,Male,Hwange,Low,Family,90,2,Cash,4,3,1,0,9,5,59
1443,Rumbidzai Ncube,42,Male,Harare,High,Family,10,1,Bank Debit,4,5,4,2,8,1,100
1444,Anesu Matiza,31,Male,Chitungwiza,Medium,Individual,98,4,Mobile Money,1,3,1,3,8,5,44
1445,Nyasha Mupfumi,74,Male,Kariba,Low,Family,83,2,Bank Debit,8,1,4,1,1,5,97
1446,Tanaka Mashingaidze,71,Male,Harare,Low,Family,67,5,Ecocash,4,0,0,1,4,1,60
1447,Rumbidzai Chikwanda,34,Male,Bindura,High,Family,107,2,Bank Debit,5,0,2,1,7,2,77
1448,Kudzai Mupfumi,69,Male,Marondera,Medium,Family,60,2,Cash,8,1,3,2,5,3,100
1449,Kudakwashe Sibanda,49,Female,Kadoma,High,Family,93,5,Mobile Money,2,2,0,1,4,1,64
1450,Tendai Chirume,39,Female,Hwange,Medium,Family,32,1,Cash,7,5,0,2,6,2,100
1451,Takudzwa Munyai,62,Female,Victoria Falls,Low,Individual,13,3,Mobile Money,7,4,1,2,7,5,81
1452,Shingirai Mataruse,68,Female,Kariba,Low,Family,26,4,Ecocash,7,4,1,2,7,4,89
1453,Tafadzwa Mutasa,49,Male,Kadoma,High,Individual,42,3,Ecocash,5,5,0,1,3,1,100
1454,Tatenda Munyai,27,Female,Chegutu,Medium,Family,12,5,Bank Debit,6,5,4,2,1,1,100
1455,Tadiwa Mupfudze,48,Male,Hwange,High,Individual,39,3,Ecocash,7,2,3,3,4,5,87
1456,Ashley Munyoro,18,Female,Kadoma,Medium,Family,92,1,Bank Debit,8,3,2,0,4,1,100
1457,Nyasha Chikafu,44,Male,Marondera,High,Individual,111,5,Cash,8,3,3,1,4,5,99
1458,Tariro Chibanda,20,Male,Kwekwe,High,Individual,67,1,Mobile Money,0,5,0,0,6,5,43
1459,Taurai Masango,58,Female,Chitungwiza,High,Family,63,2,Mobile Money,4,0,0,0,8,5,28
1460,Kundai Mhlanga,44,Male,Kariba,High,Individual,112,3,Cash,0,3,3,1,3,5,59
1461,Tawanda Mupinga,25,Male,Bulawayo,Medium,Family,90,4,Mobile Money,9,0,3,0,7,3,99
1462,Tapiwa Mutasa,45,Female,Marondera,Medium,Individual,14,5,Bank Debit,3,3,4,0,8,4,92
1463,Rudo Mpofu,18,Male,Harare,High,Family,32,5,Bank Debit,2,5,0,3,1,1,87
1464,Tonderai Chikwanda,50,Female,Hwange,Low,Individual,42,2,Mobile Money,5,0,0,3,1,3,51
1465,Anesu Chikore,42,Female,Kariba,Medium,Individual,18,1,Bank Debit,2,0,1,0,4,2,52
1466,Tafadzwa Mashingaidze,70,Male,Bindura,High,Individual,11,2,Bank Debit,7,5,1,0,4,3,100
1467,Elton Chirume,64,Male,Harare,Medium,Individual,50,1,Ecocash,8,1,0,0,4,4,63
1468,Natsai Sibanda,45,Male,Hwange,Medium,Family,22,0,Cash,5,4,2,3,8,2,100
1469,Nyarai Mutambara,63,Female,Hwange,Low,Family,19,5,Ecocash,0,5,2,3,5,1,95
1470,Tanaka Munyoro,53,Male,Harare,Low,Family,102,4,Ecocash,7,2,3,2,1,2,100
1471,Elton Mupamhanga,24,Male,Chegutu,High,Individual,12,2,Bank Debit,2,4,1,3,7,4,64
1472,Tinashe Chibanda,62,Female,Marondera,Low,Family,72,3,Mobile Money,7,4,4,2,5,4,100
1473,Shamiso Chibanda,64,Male,Mutare,Low,Family,29,5,Ecocash,1,2,2,1,2,5,47
1474,Tinashe Munyoro,18,Male,Hwange,Low,Individual,115,3,Bank Debit,1,1,4,2,6,2,84
1475,Nyasha Mashingaidze,21,Male,Hwange,Low,Family,19,1,Mobile Money,0,4,2,0,7,1,88
1476,Tendai Chigumba,70,Female,Chitungwiza,Medium,Individual,10,4,Ecocash,6,2,3,3,7,1,100
1477,Tendai Mupinga,46,Female,Kwekwe,Low,Family,47,5,Mobile Money,6,2,1,1,3,2,86
1478,Tinotenda Mupfumi,19,Male,Gweru,High,Family,89,0,Mobile Money,9,5,3,2,9,1,100
1479,Faith Nkomo,64,Male,Kariba,Medium,Individual,20,2,Cash,1,3,1,2,9,5,44
1480,Natsai Mutambara,68,Female,Kwekwe,Low,Individual,72,0,Ecocash,1,4,0,0,3,2,65
1481,Simbarashe Mashingaidze,27,Male,Kwekwe,High,Individual,84,2,Bank Debit,6,2,4,2,8,4,100
1482,Tatenda Chirinda,57,Female,Bulawayo,Low,Family,82,3,Cash,5,0,1,1,6,1,75
1483,Tendai Mashava,38,Male,Masvingo,Medium,Individual,113,0,Ecocash,6,0,3,0,1,3,86
1484,Rudo Chikwanda,69,Female,Marondera,High,Family,103,3,Cash,2,5,3,1,3,1,100
1485,Prince Mhlanga,53,Male,Victoria Falls,Medium,Individual,42,4,Ecocash,1,2,1,0,5,3,53
1486,Simba Chikowore,48,Female,Kadoma,Low,Family,52,0,Mobile Money,5,3,0,1,6,3,70
1487,Fadzai Mutsvangwa,18,Female,Chitungwiza,High,Individual,24,1,Ecocash,2,0,3,0,1,1,82
1488,Nyasha Sibanda,20,Female,Harare,Low,Individual,21,1,Ecocash,5,5,0,3,3,2,92
1489,Tinashe Mutasa,62,Female,Mutare,Medium,Family,93,1,Bank Debit,8,4,0,3,7,1,100
1490,Simba Mutambara,52,Male,Masvingo,Medium,Individual,117,4,Mobile Money,8,4,4,0,4,2,100
1491,Rudo Moyo,47,Male,Gweru,Low,Family,22,5,Cash,0,1,0,0,3,5,15
1492,Tendekai Mutambara,72,Male,Mutare,Low,Family,88,4,Bank Debit,7,4,3,0,7,3,100
1493,Rutendo Mupinga,46,Male,Harare,Low,Family,47,5,Ecocash,4,1,1,1,9,2,69
1494,Tanaka Sibanda,30,Female,Chitungwiza,Low,Individual,38,2,Ecocash,9,1,4,2,5,5,100
1495,Tafadzwa Chikwanda,52,Male,Harare,Low,Family,14,2,Cash,6,2,3,0,6,1,100
1496,Tendai Mashingaidze,31,Female,Chegutu,High,Family,72,1,Ecocash,9,2,4,2,7,4,100
1497,Anesu Mpofu,49,Female,Marondera,Low,Individual,105,4,Ecocash,6,4,3,2,4,1,100
1498,Anesu Mutsvairo,45,Male,Victoria Falls,Low,Individual,68,2,Ecocash,8,4,4,0,5,2,100
1499,Tawanda Mashava,21,Male,Kariba,High,Family,92,4,Ecocash,7,4,1,0,2,4,89
1500,Simbarashe Mutizwa,55,Male,Bulawayo,Medium,Individual,79,2,Ecocash,6,5,2,3,5,4,100
1501,Taurai Mutasa,35,Male,Kwekwe,Medium,Family,44,1,Ecocash,7,5,4,3,5,1,100
1502,Rutendo Chikore,28,Male,Kwekwe,High,Family,36,2,Bank Debit,7,0,0,1,4,5,43
1503,Memory Munetsi,69,Male,Harare,Medium,Individual,46,5,Cash,0,2,1,3,8,2,56
1504,Rudo Moyo,57,Female,Bindura,High,Individual,17,5,Bank Debit,0,5,4,3,2,2,100
1505,Elton Munetsi,69,Male,Chitungwiza,Low,Family,119,3,Cash,6,1,0,3,4,5,45
1506,Prince Mupunga,50,Male,Bulawayo,Low,Family,97,5,Cash,0,5,3,1,8,3,89
1507,Ashley Munyai,36,Male,Norton,High,Individual,20,5,Bank Debit,9,3,1,3,5,2,100
1508,Shamiso Munetsi,30,Male,Marondera,Medium,Individual,86,3,Cash,1,3,0,3,5,2,58
1509,Tawanda Munyoro,59,Male,Masvingo,High,Family,89,0,Ecocash,5,4,2,1,3,3,97
1510,Tendekai Nkomo,59,Female,Gweru,Low,Individual,12,4,Mobile Money,1,5,2,0,3,2,92
1511,Ashley Sibanda,59,Female,Norton,Medium,Individual,70,3,Ecocash,2,0,0,3,3,1,50
1512,Taurai Dube,58,Male,Harare,High,Family,45,2,Ecocash,8,4,3,1,8,5,100
1513,Tapiwa Moyo,25,Male,Chitungwiza,High,Family,16,3,Bank Debit,4,5,2,3,7,2,100
1514,Tadiwa Chikafu,73,Male,Kwekwe,High,Individual,98,5,Mobile Money,1,2,1,2,9,5,37
1515,Nyasha Masango,19,Female,Mutare,Low,Family,27,2,Bank Debit,6,1,2,3,6,2,89
1516,Tafadzwa Mutsvangwa,72,Male,Bulawayo,High,Individual,92,5,Bank Debit,6,1,1,1,9,1,87
1517,Tatenda Mupfudze,39,Female,Victoria Falls,High,Individual,106,0,Cash,7,0,4,3,5,1,100
1518,Tendekai Chibanda,47,Female,Harare,Medium,Individual,38,2,Mobile Money,9,4,2,2,5,1,100
1519,Anesu Chikwanda,20,Female,Gweru,Medium,Individual,38,0,Cash,9,3,2,1,9,2,100
1520,Tatenda Mutsvairo,43,Female,Mutare,High,Family,26,2,Mobile Money,0,0,4,0,1,5,50
1521,Precious Ncube,47,Male,Marondera,Medium,Family,112,1,Bank Debit,4,2,3,0,5,5,72
1522,Precious Mhlanga,23,Male,Masvingo,High,Family,66,0,Ecocash,4,1,2,1,1,1,89
1523,Brian Mataruse,74,Female,Kwekwe,Low,Family,89,1,Bank Debit,6,2,3,3,1,3,100
1524,Takudzwa Mutsvangwa,59,Male,Bulawayo,Low,Family,21,4,Bank Debit,8,4,3,1,9,1,100
1525,Memory Munyai,46,Male,Harare,Low,Individual,69,3,Mobile Money,8,2,3,1,5,4,100
1526,Tanaka Mupamhanga,36,Male,Kwekwe,High,Family,22,5,Bank Debit,4,1,0,3,3,2,59
1527,Prince Mapfumo,71,Male,Victoria Falls,Medium,Family,41,2,Bank Debit,8,3,3,3,2,3,100
1528,Rumbidzai Mupamhanga,36,Female,Marondera,Low,Family,54,0,Bank Debit,2,0,1,2,7,2,52
1529,Farai Chikafu,31,Male,Harare,Low,Individual,81,0,Ecocash,5,1,0,0,2,2,64
1530,Rutendo Chikowore,29,Male,Kadoma,Medium,Family,84,2,Mobile Money,3,4,1,0,8,2,85
1531,Shamiso Mashiri,72,Male,Bindura,Low,Family,13,4,Bank Debit,6,2,4,1,1,5,94
1532,Faith Mashingaidze,36,Female,Bulawayo,Medium,Individual,40,5,Cash,0,1,2,1,4,4,43
1533,Tapiwa Munyai,42,Female,Bulawayo,Low,Family,64,4,Mobile Money,0,2,4,0,3,2,86
1534,Blessing Masango,36,Male,Harare,High,Individual,105,5,Bank Debit,4,3,3,3,8,2,100
1535,Shingirai Mutsvangwa,65,Male,Marondera,High,Individual,47,1,Bank Debit,4,1,3,2,7,5,65
1536,Ashley Mapfumo,61,Male,Masvingo,Medium,Family,73,2,Ecocash,1,1,0,0,3,4,28
1537,Takudzwa Mupfudze,39,Male,Gweru,High,Individual,51,0,Cash,9,2,0,2,1,3,85
1538,Shamiso Nkala,41,Male,Masvingo,Low,Individual,74,0,Ecocash,9,1,4,3,4,5,100
1539,Tinotenda Mataruse,52,Female,Kadoma,High,Family,74,1,Mobile Money,1,4,2,2,9,5,61
1540,Takudzwa Chikafu,51,Female,Victoria Falls,High,Family,64,2,Ecocash,9,4,2,3,2,5,100
1541,Tinotenda Mupfudze,51,Male,Chegutu,Medium,Individual,12,2,Ecocash,4,0,2,1,1,5,50
1542,Kudakwashe Mupunga,23,Female,Bulawayo,Medium,Family,73,1,Bank Debit,8,1,2,0,7,2,99
1543,Clive Nkala,63,Female,Kwekwe,Low,Family,112,3,Cash,9,1,2,1,5,2,100
1544,Rutendo Dube,55,Male,Norton,Low,Family,70,1,Bank Debit,8,1,4,1,8,5,95
1545,Tanaka Chikwanda,56,Female,Chegutu,Low,Individual,67,0,Mobile Money,8,4,2,2,9,1,100
1546,Tinotenda Mutambara,61,Female,Kadoma,High,Individual,98,0,Cash,9,2,2,0,4,4,95
1547,Farai Ncube,25,Male,Kwekwe,High,Individual,74,2,Mobile Money,1,5,1,2,5,2,82
1548,Anesu Matiza,53,Female,Bindura,High,Family,34,1,Bank Debit,8,5,0,0,4,2,100
1549,Simba Mutasa,38,Male,Kadoma,Medium,Family,12,1,Ecocash,6,2,3,3,3,5,82
1550,Blessing Mashava,43,Female,Hwange,Medium,Individual,100,3,Cash,3,5,2,3,1,3,96
1551,Tawanda Chikore,39,Female,Kariba,Medium,Individual,62,0,Cash,3,4,4,2,1,4,100
1552,Tafadzwa Mashava,63,Male,Harare,Low,Family,88,1,Cash,2,2,2,0,6,1,84
1553,Prince Chirinda,21,Male,Victoria Falls,High,Individual,53,0,Cash,4,0,0,2,8,4,36
1554,Nyasha Chirinda,35,Female,Kwekwe,Medium,Family,119,3,Ecocash,1,1,2,3,6,1,72
1555,Shingirai Ncube,46,Male,Norton,High,Individual,98,1,Bank Debit,7,3,1,0,9,3,90
1556,Tonderai Mashiri,53,Male,Chitungwiza,High,Family,56,5,Bank Debit,8,1,0,3,5,1,87
1557,Tapiwa Mataruse,19,Male,Hwange,Low,Individual,11,5,Mobile Money,5,0,1,2,8,1,75
1558,Tinotenda Masuku,25,Female,Kwekwe,Low,Family,53,2,Ecocash,1,2,1,0,7,5,37
1559,Tonderai Mapfumo,58,Male,Kwekwe,Medium,Family,10,5,Bank Debit,5,1,3,1,8,5,70
1560,Prince Masuku,40,Female,Kadoma,Low,Family,111,5,Ecocash,6,2,4,1,3,3,100
1561,Taurai Mupamhanga,36,Male,Hwange,Low,Family,97,3,Mobile Money,8,2,1,0,3,5,72
1562,Tonderai Chikwanda,65,Male,Marondera,High,Individual,94,4,Cash,9,5,3,1,3,2,100
1563,Tadiwa Munyoro,67,Female,Kadoma,Low,Individual,114,2,Bank Debit,1,4,4,0,7,3,97
1564,Elton Sibanda,34,Female,Chegutu,High,Individual,90,5,Ecocash,5,4,2,0,2,4,89
1565,Fadzai Munyoro,34,Female,Gweru,Low,Family,74,3,Ecocash,2,4,1,2,2,5,56
1566,Shamiso Mashingaidze,56,Female,Kadoma,Low,Family,66,4,Bank Debit,7,4,4,3,6,1,100
1567,Tawanda Mupinga,67,Male,Hwange,High,Family,28,5,Ecocash,2,3,0,2,8,2,63
1568,Fadzai Chikwanda,47,Male,Kadoma,Medium,Family,78,5,Cash,9,3,1,0,3,2,100
1569,Rutendo Chirume,48,Male,Kwekwe,Low,Individual,107,1,Bank Debit,3,2,3,1,9,1,99
1570,Takudzwa Chirinda,18,Male,Chegutu,High,Individual,97,0,Ecocash,1,5,2,2,2,4,76
1571,Tariro Mutasa,54,Male,Hwange,Medium,Individual,47,3,Cash,2,4,0,2,5,1,78
1572,Tanaka Chirinda,64,Male,Victoria Falls,Low,Family,86,0,Bank Debit,0,2,0,0,3,4,30
1573,Rumbidzai Mapfumo,21,Female,Mutare,Medium,Family,42,1,Ecocash,8,3,2,0,1,2,100
1574,Simbarashe Mupinga,40,Female,Hwange,Low,Family,72,1,Ecocash,8,5,1,3,4,4,100
1575,Tendai Mashiri,22,Male,Marondera,High,Individual,75,4,Bank Debit,6,5,2,2,5,5,93
1576,Tinashe Mapfumo,31,Female,Gweru,High,Individual,24,3,Mobile Money,8,0,0,0,8,1,80
1577,Clive Munetsi,39,Female,Bulawayo,Low,Family,112,5,Mobile Money,6,4,0,0,4,3,82
1578,Tendai Mashava,56,Female,Hwange,Low,Family,116,1,Mobile Money,3,4,3,0,4,2,100
1579,Kudakwashe Chikafu,28,Female,Kariba,Low,Family,104,5,Cash,8,5,4,2,4,3,100
1580,Shamiso Mupunga,47,Male,Bindura,Low,Family,78,1,Bank Debit,2,2,3,1,8,5,62
1581,Clive Mupoperi,48,Male,Bindura,Low,Individual,50,4,Cash,8,4,3,1,3,1,100
1582,Shamiso Munyoro,55,Male,Gweru,High,Individual,65,0,Mobile Money,3,0,3,2,1,4,63
1583,Precious Mutambara,21,Female,Bulawayo,Low,Family,29,0,Cash,3,5,1,2,8,3,84
1584,Tinotenda Munetsi,52,Male,Hwange,High,Individual,75,5,Ecocash,2,3,3,2,6,2,93
1585,Clive Chikowore,70,Male,Chitungwiza,High,Individual,101,0,Mobile Money,5,2,2,2,2,1,99
1586,Shingirai Mashiri,72,Male,Bindura,Low,Family,62,4,Cash,7,4,2,3,9,5,91
1587,Faith Masuku,41,Female,Victoria Falls,Medium,Individual,102,1,Cash,8,1,2,2,3,3,91
1588,Brian Mutambara,29,Female,Harare,Low,Individual,79,1,Cash,4,5,3,0,1,5,95
1589,Tawanda Mutasa,39,Male,Bindura,Medium,Individual,77,3,Bank Debit,8,4,4,1,5,3,100
1590,Brian Mataruse,44,Male,Norton,Medium,Family,115,4,Bank Debit,1,3,2,0,9,2,78
1591,Brian Mutasa,64,Male,Norton,Low,Family,83,0,Bank Debit,1,3,1,0,2,3,60
1592,Shingirai Chikore,37,Female,Norton,High,Family,107,4,Bank Debit,8,2,3,1,2,3,100
1593,Nyarai Chirinda,69,Female,Chegutu,High,Individual,112,4,Ecocash,6,1,1,2,9,3,71
1594,Rumbidzai Mutsvangwa,47,Female,Kariba,Medium,Family,93,2,Ecocash,9,1,0,0,1,4,70
1595,Tinashe Nkala,63,Male,Hwange,High,Family,28,1,Cash,2,4,3,0,7,1,100
1596,Tafadzwa Mutsvairo,45,Male,Kadoma,High,Individual,66,0,Ecocash,7,0,2,3,7,5,63
1597,Fadzai Chikowore,19,Female,Bulawayo,Low,Family,22,1,Mobile Money,1,5,1,2,9,4,66
1598,Tinotenda Ndlovu,22,Male,Kwekwe,High,Individual,36,5,Cash,2,4,3,0,3,4,84
1599,Kundai Nkomo,63,Female,Marondera,Medium,Individual,15,5,Ecocash,7,1,1,2,6,3,76
1600,Simbarashe Mataruse,29,Female,Masvingo,Medium,Individual,83,3,Mobile Money,7,3,4,1,3,3,100
1601,Tanaka Moyo,34,Male,Bindura,Medium,Individual,110,5,Bank Debit,9,3,4,1,1,3,100
1602,Nyarai Mataruse,28,Male,Bindura,Low,Individual,100,1,Mobile Money,3,1,0,2,4,5,30
1603,Blessing Mupfumi,29,Male,Bindura,Low,Individual,24,1,Bank Debit,7,0,0,0,5,5,43
1604,Fadzai Mutizwa,67,Male,Kariba,Medium,Individual,54,5,Mobile Money,5,5,4,2,5,5,100
1605,Tadiwa Chigumba,42,Female,Kwekwe,Medium,Individual,91,1,Ecocash,1,2,2,0,8,2,71
1606,Shamiso Mutsvairo,45,Female,Masvingo,High,Family,86,0,Ecocash,4,3,4,0,1,5,91
1607,Anesu Mutambara,61,Male,Norton,High,Individual,115,4,Ecocash,7,4,3,1,6,4,100
1608,Prince Mapfumo,69,Female,Marondera,High,Individual,68,2,Mobile Money,6,5,0,0,8,3,89
1609,Tawanda Ncube,73,Male,Marondera,High,Individual,84,0,Ecocash,4,1,1,3,6,3,61
1610,Shamiso Mpofu,51,Male,Kadoma,Low,Individual,85,1,Cash,2,3,0,2,6,4,47
1611,Tapiwa Mutizwa,22,Female,Harare,High,Individual,36,0,Bank Debit,5,1,3,1,9,2,94
1612,Tinotenda Mashiri,45,Female,Kariba,High,Individual,70,5,Bank Debit,2,5,3,3,3,4,91
1613,Nyarai Chirinda,34,Male,Hwange,Medium,Family,45,5,Ecocash,0,5,2,3,7,1,95
1614,Blessing Mutambara,53,Male,Chitungwiza,Low,Family,19,4,Ecocash,7,2,0,0,2,1,89
1615,Rumbidzai Mpofu,64,Female,Kwekwe,High,Family,73,3,Mobile Money,6,2,3,3,8,1,100
1616,Precious Nkala,41,Male,Marondera,High,Individual,45,4,Ecocash,2,4,4,3,5,3,100
1617,Memory Mupamhanga,61,Female,Chitungwiza,Low,Individual,90,5,Ecocash,6,3,0,3,3,2,83
1618,Simba Chikafu,70,Female,Bulawayo,Low,Family,13,5,Bank Debit,4,4,0,3,4,5,56
1619,Tonderai Mashingaidze,41,Male,Chitungwiza,Low,Individual,38,5,Cash,5,1,0,1,9,4,48
1620,Prince Mupinga,53,Female,Mutare,Medium,Family,108,3,Ecocash,9,2,0,0,9,5,67
1621,Takudzwa Mataruse,62,Female,Kariba,High,Family,38,2,Ecocash,0,5,3,2,5,4,81
1622,Nyarai Mashingaidze,48,Female,Hwange,Low,Individual,56,1,Ecocash,0,2,2,2,2,4,50
1623,Ashley Masango,35,Male,Marondera,High,Individual,23,4,Ecocash,1,0,3,1,8,3,59
1624,Shamiso Dube,55,Female,Mutare,High,Family,73,3,Cash,5,0,4,1,1,4,83
1625,Tendai Mpofu,34,Male,Kariba,Low,Individual,115,2,Cash,9,5,3,3,1,3,100
1626,Rutendo Munyoro,45,Male,Norton,Low,Individual,89,3,Mobile Money,9,5,4,3,3,4,100
1627,Tafadzwa Sibanda,37,Male,Bulawayo,Low,Individual,50,2,Cash,7,5,3,0,3,2,100
1628,Clive Chiweshe,61,Male,Chitungwiza,High,Individual,116,5,Bank Debit,7,0,4,1,5,2,100
1629,Ashley Matiza,74,Female,Chitungwiza,Medium,Family,73,3,Bank Debit,6,4,3,0,8,1,100
1630,Tatenda Mutizwa,33,Female,Bindura,Low,Individual,101,0,Ecocash,0,4,1,3,7,5,46
1631,Simba Mashiri,71,Male,Norton,Medium,Individual,43,1,Cash,9,2,1,0,6,4,85
1632,Shamiso Sibanda,33,Female,Victoria Falls,High,Family,104,2,Bank Debit,9,5,3,2,6,2,100
1633,Tariro Ndlovu,27,Female,Harare,Low,Family,30,5,Mobile Money,5,2,4,1,3,1,100
1634,Tonderai Chibanda,56,Female,Kariba,High,Individual,34,2,Ecocash,6,2,2,1,4,5,72
1635,Melody Mhlanga,71,Male,Kadoma,Low,Individual,83,0,Cash,6,2,0,1,7,3,68
1636,Simbarashe Nkomo,38,Female,Chitungwiza,Low,Family,11,0,Mobile Money,9,2,1,1,9,1,100
1637,Tatenda Munyoro,51,Female,Bindura,Low,Individual,115,2,Ecocash,3,3,4,3,5,5,84
1638,Kundai Chiweshe,41,Male,Masvingo,Low,Family,106,3,Ecocash,5,2,4,2,5,2,100
1639,Rutendo Moyo,48,Male,Chitungwiza,High,Individual,20,0,Bank Debit,7,0,0,3,5,5,43
1640,Tariro Mutizwa,26,Female,Mutare,Medium,Individual,106,0,Bank Debit,3,4,4,3,7,2,100
1641,Melody Masuku,72,Female,Kadoma,Low,Family,36,3,Bank Debit,2,1,3,1,4,3,71
1642,Ashley Mupfumi,19,Male,Kadoma,Medium,Individual,114,5,Mobile Money,4,4,2,2,2,2,100
1643,Memory Mupoperi,52,Female,Bindura,Medium,Individual,95,5,Bank Debit,6,1,2,3,7,3,81
1644,Rudo Munetsi,65,Female,Hwange,Low,Individual,103,4,Cash,1,0,4,0,6,2,77
1645,Simba Mataruse,44,Female,Gweru,Low,Individual,26,1,Bank Debit,1,2,3,3,9,2,81
1646,Blessing Mataruse,25,Male,Kariba,Low,Family,92,2,Mobile Money,9,0,3,0,9,2,100
1647,Tadiwa Chirume,37,Female,Bindura,High,Individual,78,1,Mobile Money,3,0,2,2,4,1,75
1648,Tendekai Mupamhanga,56,Female,Kadoma,Medium,Individual,14,3,Cash,0,4,4,2,1,3,94
1649,Brian Masango,59,Male,Marondera,Medium,Individual,39,4,Bank Debit,8,4,1,2,8,1,100
1650,Tonderai Mutambara,19,Female,Bulawayo,High,Individual,55,5,Cash,6,4,3,3,5,4,100
1651,Precious Chikafu,70,Female,Gweru,Medium,Family,74,3,Mobile Money,1,4,4,1,4,3,97
1652,Elton Masuku,18,Male,Gweru,High,Family,115,1,Bank Debit,7,5,4,0,2,3,100
1653,Tonderai Munyoro,72,Male,Harare,Medium,Family,105,1,Cash,3,3,1,1,1,5,56
1654,Prince Mutsvangwa,70,Female,Kadoma,Medium,Family,42,4,Mobile Money,2,2,4,3,9,3,88
1655,Tonderai Chibanda,31,Female,Bulawayo,Low,Family,113,2,Mobile Money,0,1,1,2,7,2,49
1656,Blessing Dube,56,Male,Harare,Low,Family,15,2,Bank Debit,6,4,3,2,7,4,100
1657,Tafadzwa Mupunga,45,Male,Norton,High,Family,85,0,Mobile Money,3,3,3,2,9,4,82
1658,Melody Mashingaidze,59,Male,Masvingo,High,Individual,89,4,Ecocash,3,3,2,3,9,5,64
1659,Tafadzwa Mashava,40,Male,Chegutu,High,Individual,42,0,Mobile Money,2,3,2,2,1,3,77
1660,Faith Chigumba,66,Male,Chegutu,High,Individual,97,5,Bank Debit,9,5,4,0,4,3,100
1661,Tanaka Mhlanga,43,Female,Bindura,High,Individual,33,4,Mobile Money,2,5,2,3,5,5,73
1662,Nyarai Chigumba,61,Female,Chitungwiza,Medium,Family,20,3,Ecocash,7,1,3,1,9,4,88
1663,Precious Moyo,65,Male,Chegutu,Low,Family,68,1,Cash,8,3,0,2,4,5,69
1664,Kudakwashe Mupamhanga,28,Male,Mutare,Low,Individual,78,0,Ecocash,4,0,3,0,6,2,82
1665,Tinashe Chikafu,32,Male,Kadoma,Medium,Individual,85,1,Cash,6,2,0,2,7,4,60
1666,Tariro Munyai,70,Male,Chegutu,Medium,Family,55,4,Cash,1,3,1,3,1,4,54
1667,Tinashe Mupfumi,44,Female,Chegutu,Low,Family,37,1,Cash,3,2,1,1,1,5,49
1668,Simbarashe Mutsvairo,41,Female,Marondera,High,Family,42,1,Ecocash,8,3,3,3,4,4,100
1669,Taurai Munyai,39,Male,Marondera,Medium,Family,28,2,Mobile Money,4,3,3,3,3,1,100
1670,Kundai Ncube,59,Male,Kadoma,Low,Individual,108,0,Cash,3,3,1,1,1,3,72
1671,Tendai Mupfudze,41,Male,Kariba,High,Family,98,1,Cash,5,5,3,2,2,4,100
1672,Ashley Ncube,22,Male,Hwange,Medium,Individual,117,4,Mobile Money,7,4,3,1,7,4,100
1673,Tafadzwa Chikafu,19,Female,Chitungwiza,Low,Family,111,1,Mobile Money,3,4,3,3,6,5,81
1674,Natsai Mhlanga,66,Female,Harare,Low,Individual,94,1,Bank Debit,5,3,1,1,8,3,80
1675,Tonderai Mupinga,72,Female,Harare,Medium,Family,101,0,Ecocash,6,1,0,1,6,1,77
1676,Tinotenda Mapfumo,60,Male,Kwekwe,High,Family,57,2,Bank Debit,5,3,4,1,4,2,100
1677,Shamiso Munyoro,34,Male,Chitungwiza,Medium,Individual,23,4,Ecocash,0,5,2,2,6,1,95
1678,Shingirai Mashava,57,Male,Masvingo,Low,Family,24,3,Cash,4,3,3,1,7,2,100
1679,Anesu Moyo,61,Female,Kariba,High,Individual,50,5,Cash,8,4,3,0,5,5,100
1680,Tariro Mupunga,38,Male,Hwange,High,Family,74,1,Mobile Money,5,3,0,3,5,4,62
1681,Nyasha Chigumba,49,Male,Masvingo,High,Individual,56,4,Bank Debit,4,4,2,1,4,4,84
1682,Tatenda Chikore,49,Male,Mutare,Medium,Family,70,3,Bank Debit,5,3,3,2,3,5,84
1683,Kudzai Chikwanda,21,Female,Kwekwe,Low,Individual,111,3,Cash,0,4,2,0,6,5,56
1684,Tapiwa Mutsvangwa,34,Male,Chegutu,Low,Family,46,3,Ecocash,3,5,1,2,8,5,68
1685,Rudo Mutambara,27,Male,Kwekwe,High,Family,97,2,Ecocash,6,2,0,3,8,4,60
1686,Elton Masango,21,Female,Marondera,Low,Family,25,0,Ecocash,7,0,1,0,8,3,69
1687,Shamiso Mutambara,72,Male,Bindura,Low,Family,97,2,Mobile Money,7,0,1,0,3,1,85
1688,Tinashe Sibanda,43,Male,Bulawayo,Low,Family,100,0,Cash,9,5,1,3,2,2,100
1689,Clive Chirinda,44,Male,Hwange,Low,Family,46,1,Bank Debit,8,0,3,1,6,1,100
1690,Blessing Chikowore,48,Male,Gweru,Low,Individual,30,2,Cash,0,1,0,1,3,1,47
1691,Nyasha Munyoro,56,Female,Kwekwe,Medium,Family,64,0,Mobile Money,0,0,3,2,7,3,54
1692,Natsai Sibanda,38,Female,Mutare,Medium,Family,70,1,Ecocash,3,1,4,1,2,5,70
1693,Nyarai Mashiri,50,Male,Kariba,Low,Individual,60,0,Cash,1,2,2,0,1,1,81
1694,Farai Mpofu,57,Female,Gweru,Medium,Family,48,0,Ecocash,9,3,3,1,2,1,100
1695,Taurai Matiza,55,Male,Bindura,Low,Family,89,1,Ecocash,4,2,3,2,7,4,80
1696,Melody Chirinda,62,Male,Victoria Falls,Low,Individual,55,5,Mobile Money,4,1,4,3,3,2,99
1697,Shingirai Mpofu,62,Female,Kadoma,Medium,Individual,55,4,Mobile Money,6,3,0,2,2,1,91
1698,Precious Chirume,53,Male,Gweru,Medium,Individual,90,1,Bank Debit,2,5,2,1,3,5,73
1699,Rudo Masango,62,Female,Gweru,Low,Individual,49,4,Ecocash,7,5,4,0,3,3,100
1700,Shingirai Mutsvairo,46,Female,Chegutu,Low,Family,91,4,Cash,7,3,0,1,5,2,88
1701,Precious Chikowore,68,Female,Victoria Falls,Medium,Individual,33,2,Cash,6,4,1,2,1,5,78
1702,Tendai Chirume,44,Male,Gweru,Low,Individual,58,1,Mobile Money,9,2,4,2,1,1,100
1703,Shingirai Mutasa,64,Female,Bulawayo,High,Individual,112,2,Cash,9,3,0,0,6,4,82
1704,Simbarashe Masango,34,Male,Masvingo,Medium,Family,34,0,Cash,7,0,2,2,5,4,71
1705,Kudzai Chirume,22,Female,Kariba,Low,Family,16,2,Bank Debit,2,3,0,3,8,1,71
1706,Tendai Munyai,63,Female,Marondera,Low,Family,34,4,Bank Debit,7,0,4,3,5,5,83
1707,Memory Munetsi,60,Female,Gweru,Low,Family,16,4,Bank Debit,7,0,3,0,6,5,73
1708,Tinashe Chikafu,44,Male,Chegutu,High,Individual,104,1,Ecocash,0,1,0,1,4,1,47
1709,Tatenda Matiza,63,Male,Masvingo,High,Family,52,2,Ecocash,8,0,2,2,8,1,100
1710,Tonderai Chikore,40,Female,Marondera,Low,Individual,61,3,Ecocash,6,0,4,3,2,1,100
1711,Tafadzwa Moyo,24,Female,Chegutu,Low,Family,17,5,Ecocash,7,3,0,3,7,2,88
1712,Tonderai Chikwanda,48,Male,Mutare,Medium,Family,119,3,Cash,5,4,1,2,7,3,87
1713,Elton Mupamhanga,74,Male,Norton,High,Family,21,2,Mobile Money,1,1,4,2,9,5,60
1714,Farai Masango,70,Male,Hwange,High,Individual,27,2,Mobile Money,0,1,0,1,9,5,15
1715,Rumbidzai Mhlanga,27,Female,Kariba,Medium,Individual,104,1,Mobile Money,2,2,3,0,3,5,62
1716,Tendekai Chikore,57,Male,Marondera,High,Individual,27,5,Mobile Money,9,5,3,3,5,4,100
1717,Tinotenda Mupfumi,20,Female,Bindura,Medium,Family,99,5,Ecocash,9,0,1,1,7,5,63
1718,Clive Munetsi,52,Male,Marondera,High,Individual,26,5,Cash,7,4,1,3,8,1,100
1719,Prince Nkala,59,Female,Chegutu,High,Family,28,0,Cash,7,5,2,2,9,4,100
1720,Taurai Ncube,46,Female,Gweru,Medium,Family,23,5,Ecocash,6,4,3,1,8,2,100
1721,Clive Chikowore,32,Female,Victoria Falls,Low,Individual,64,0,Bank Debit,3,1,2,0,5,3,66
1722,Clive Ndlovu,43,Male,Chitungwiza,High,Individual,40,3,Bank Debit,0,0,4,3,8,3,64
1723,Kundai Mashava,40,Female,Norton,Medium,Individual,106,4,Ecocash,4,5,0,1,5,3,79
1724,Nyasha Mutsvangwa,72,Female,Norton,Medium,Individual,67,4,Mobile Money,6,2,4,3,3,1,100
1725,Kundai Ncube,27,Male,Bindura,Medium,Individual,77,5,Mobile Money,1,2,2,2,4,3,63
1726,Melody Mupamhanga,73,Male,Chitungwiza,High,Individual,57,0,Cash,2,1,3,2,5,1,87
1727,Tonderai Dube,24,Male,Victoria Falls,Low,Individual,74,3,Ecocash,5,4,4,1,1,4,100
1728,Fadzai Mapfumo,34,Male,Kwekwe,Low,Individual,16,4,Mobile Money,2,3,1,3,5,1,81
1729,Tadiwa Mutasa,25,Male,Masvingo,Low,Individual,72,1,Mobile Money,7,4,0,1,4,1,100
1730,Melody Mutasa,24,Female,Chitungwiza,Low,Family,20,0,Ecocash,8,0,4,2,1,2,100
1731,Tendekai Mupfudze,46,Male,Chitungwiza,Low,Individual,43,0,Ecocash,2,2,2,3,6,5,52
1732,Farai Nkomo,20,Male,Masvingo,Low,Individual,18,1,Mobile Money,6,2,3,2,3,3,98
1733,Memory Nkomo,72,Male,Chegutu,Medium,Individual,99,4,Cash,5,2,3,0,2,1,100
1734,Elton Munyoro,69,Female,Marondera,Medium,Family,17,2,Mobile Money,1,2,4,2,1,2,93
1735,Natsai Chikwanda,59,Female,Masvingo,Low,Family,60,3,Cash,2,2,4,0,9,2,96
1736,Tendai Dube,39,Female,Chitungwiza,High,Individual,54,0,Ecocash,8,5,0,0,5,3,99
1737,Tariro Chikore,36,Male,Harare,Medium,Family,36,2,Cash,7,1,2,0,2,3,86
1738,Prince Chiweshe,25,Female,Kwekwe,Medium,Individual,75,0,Bank Debit,8,4,0,0,6,3,92
1739,Melody Ncube,71,Male,Harare,High,Family,51,2,Ecocash,9,4,4,0,9,4,100
1740,Takudzwa Mutizwa,54,Male,Hwange,Medium,Family,69,1,Ecocash,3,4,3,3,4,4,89
1741,Simbarashe Matiza,56,Male,Kadoma,High,Family,77,0,Ecocash,1,4,4,3,3,4,89
1742,Natsai Mashingaidze,54,Female,Mutare,Low,Family,44,3,Ecocash,2,3,2,1,2,4,67
1743,Tendekai Mapfumo,56,Female,Kariba,Low,Individual,28,4,Cash,5,2,0,0,6,4,55
1744,Faith Mupfumi,67,Male,Mutare,Low,Family,115,3,Bank Debit,3,4,2,2,9,4,79
1745,Simbarashe Mashava,48,Male,Kadoma,Medium,Family,72,3,Ecocash,1,1,3,1,1,2,76
1746,Clive Sibanda,25,Male,Gweru,High,Family,13,2,Cash,6,2,1,2,8,3,78
1747,Shingirai Mpofu,57,Female,Harare,High,Family,71,1,Ecocash,0,5,4,2,3,5,83
1748,Tatenda Munetsi,52,Female,Kwekwe,Medium,Individual,91,5,Cash,3,0,2,0,9,2,67
1749,Brian Munyoro,72,Male,Victoria Falls,Medium,Individual,96,2,Ecocash,2,2,0,3,7,3,48
1750,Tapiwa Chikore,32,Male,Gweru,Medium,Family,116,2,Mobile Money,4,0,1,1,2,4,46
1751,Tanaka Mutasa,25,Male,Kadoma,Low,Individual,40,2,Bank Debit,8,4,3,2,1,2,100
1752,Simba Masuku,35,Male,Harare,Low,Individual,96,2,Ecocash,5,3,0,3,9,1,86
1753,Tinotenda Mutsvairo,43,Female,Harare,High,Family,40,4,Bank Debit,7,1,4,3,7,4,98
1754,Tariro Sibanda,46,Female,Bindura,High,Individual,36,4,Cash,0,2,4,3,2,4,70
1755,Rudo Chikore,55,Male,Masvingo,High,Family,94,1,Ecocash,9,5,2,3,7,4,100
1756,Tawanda Mupfumi,48,Female,Harare,Medium,Individual,118,0,Bank Debit,8,3,4,0,3,3,100
1757,Rutendo Munyoro,39,Female,Masvingo,High,Family,80,4,Cash,9,0,4,2,7,5,93
1758,Simba Masango,18,Female,Gweru,Medium,Individual,98,1,Bank Debit,7,3,3,3,6,5,94
1759,Tadiwa Mupoperi,48,Female,Kwekwe,Low,Family,73,0,Ecocash,4,1,3,0,3,2,89
1760,Tadiwa Mupunga,37,Female,Bulawayo,Low,Individual,13,2,Bank Debit,8,4,3,3,2,1,100
1761,Tapiwa Mupamhanga,34,Female,Hwange,Medium,Family,111,1,Mobile Money,5,3,4,1,8,5,94
1762,Simbarashe Mapfumo,47,Female,Kariba,Low,Family,72,3,Ecocash,2,5,4,2,2,5,93
1763,Tatenda Chikore,30,Male,Chitungwiza,High,Individual,102,5,Cash,9,5,1,1,1,2,100
1764,Tinotenda Mupinga,22,Male,Chitungwiza,High,Individual,99,0,Bank Debit,2,0,4,3,6,3,74
1765,Farai Munetsi,46,Female,Kadoma,Medium,Individual,17,2,Mobile Money,0,4,4,2,8,5,76
1766,Tafadzwa Mutizwa,28,Male,Chegutu,High,Family,109,0,Ecocash,0,0,1,3,9,2,42
1767,Elton Munyai,42,Female,Kadoma,Medium,Family,65,2,Cash,5,4,0,2,5,5,61
1768,Shingirai Mashingaidze,64,Male,Kwekwe,Medium,Family,86,1,Bank Debit,9,4,2,2,6,5,100
1769,Tawanda Moyo,29,Male,Norton,Medium,Family,32,3,Cash,4,5,0,1,4,4,71
1770,Tinashe Chibanda,25,Male,Mutare,Medium,Individual,17,4,Mobile Money,0,0,4,1,8,2,72
1771,Tatenda Masuku,65,Female,Mutare,Low,Individual,40,1,Ecocash,4,1,1,0,4,1,77
1772,Natsai Chiweshe,43,Male,Bulawayo,High,Individual,46,3,Bank Debit,8,5,1,0,4,5,93
1773,Tonderai Nkala,34,Female,Kadoma,Medium,Family,41,5,Ecocash,4,5,1,0,8,1,100
1774,Tendekai Mupoperi,71,Female,Bulawayo,Low,Individual,15,0,Bank Debit,4,2,0,2,8,3,58
1775,Nyarai Nkomo,51,Female,Masvingo,Low,Family,51,5,Bank Debit,9,0,2,2,4,1,100
1776,Kudakwashe Mutambara,28,Male,Chegutu,Medium,Individual,52,1,Bank Debit,5,3,1,2,3,3,80
1777,Tafadzwa Mataruse,32,Female,Bindura,Low,Family,115,5,Mobile Money,8,3,3,2,7,4,100
1778,Kudzai Masango,26,Male,Victoria Falls,Medium,Individual,25,1,Mobile Money,7,4,4,2,2,2,100
1779,Simbarashe Nkala,39,Male,Mutare,Low,Family,110,1,Mobile Money,2,2,0,0,1,4,42
1780,Nyarai Mutsvangwa,51,Female,Mutare,Medium,Individual,116,5,Cash,3,5,1,2,3,4,76
1781,Farai Munyoro,24,Male,Bindura,Low,Individual,106,3,Bank Debit,1,1,2,0,6,1,72
1782,Brian Mashiri,73,Male,Kadoma,Low,Family,13,0,Mobile Money,9,2,0,2,7,1,99
1783,Memory Mupamhanga,49,Male,Harare,Low,Individual,16,3,Ecocash,1,0,1,2,7,1,55
1784,Kundai Mupamhanga,20,Male,Gweru,Medium,Individual,35,3,Cash,5,4,2,0,2,5,81
1785,Tendai Mupunga,32,Female,Kwekwe,Low,Family,107,1,Cash,1,5,3,0,9,2,100
1786,Tatenda Chikafu,72,Male,Kariba,Medium,Individual,100,4,Cash,6,2,0,0,4,2,76
1787,Tariro Mupunga,47,Female,Harare,High,Family,25,5,Ecocash,5,1,3,1,3,2,94
1788,Clive Sibanda,33,Female,Hwange,Low,Family,12,1,Cash,6,1,3,0,4,2,99
1789,Farai Chibanda,53,Male,Hwange,Low,Family,37,1,Cash,4,2,3,2,8,5,72
1790,Rumbidzai Munetsi,32,Male,Chegutu,Medium,Individual,56,4,Ecocash,3,1,4,0,9,2,94
1791,Tendai Munyoro,73,Male,Victoria Falls,Low,Individual,32,0,Ecocash,3,1,1,3,5,2,64
1792,Brian Mashiri,29,Male,Mutare,Medium,Family,99,1,Ecocash,2,2,1,1,9,2,66
1793,Faith Chikafu,50,Male,Kadoma,Medium,Family,100,4,Ecocash,8,0,3,2,3,1,100
1794,Rudo Mupamhanga,34,Female,Gweru,High,Family,21,4,Cash,7,1,3,0,8,4,88
1795,Brian Chikowore,21,Male,Harare,High,Family,78,4,Ecocash,3,1,1,1,7,3,56
1796,Prince Nkala,24,Male,Harare,Medium,Family,92,5,Bank Debit,3,2,2,0,7,2,81
1797,Tawanda Matiza,53,Female,Gweru,High,Individual,33,5,Ecocash,8,1,4,1,2,1,100
1798,Tariro Dube,69,Female,Mutare,High,Family,57,0,Ecocash,7,3,0,0,8,5,64
1799,Melody Chikowore,67,Male,Chegutu,Medium,Individual,62,2,Mobile Money,1,0,4,2,4,1,85
1800,Shamiso Chikowore,67,Male,Bulawayo,High,Individual,103,4,Cash,3,4,3,1,5,4,89
1801,Faith Munetsi,60,Female,Bulawayo,High,Individual,35,2,Mobile Money,8,2,2,3,9,3,98
1802,Rudo Mashava,65,Male,Chitungwiza,High,Individual,88,0,Ecocash,3,3,0,0,7,2,68
1803,Elton Chikore,19,Male,Marondera,High,Individual,102,3,Mobile Money,7,5,0,0,7,5,78
1804,Tawanda Mupinga,51,Male,Bulawayo,High,Family,72,3,Bank Debit,7,0,1,2,9,5,53
1805,Precious Mapfumo,54,Male,Marondera,Low,Family,84,3,Mobile Money,4,5,1,2,6,1,100
1806,Anesu Ncube,27,Male,Kariba,High,Individual,46,5,Cash,4,5,1,0,7,5,73
1807,Tawanda Mupunga,54,Female,Bindura,Low,Individual,116,2,Cash,1,2,2,1,6,4,55
1808,Memory Chiweshe,41,Female,Harare,Low,Individual,104,2,Cash,3,5,3,2,5,2,100
1809,Tendai Mupfumi,69,Male,Harare,High,Individual,47,3,Cash,1,3,4,0,6,5,74
1810,Shamiso Munyoro,47,Male,Kariba,Medium,Individual,29,1,Ecocash,1,3,0,0,6,5,34
1811,Tariro Mapfumo,18,Male,Hwange,Low,Family,52,3,Bank Debit,0,3,0,1,3,4,37
1812,Tendekai Ndlovu,45,Female,Chegutu,Low,Individual,107,3,Ecocash,4,3,3,3,9,2,100
1813,Prince Moyo,28,Female,Chegutu,Medium,Individual,119,1,Mobile Money,4,0,2,0,7,5,48
1814,Memory Nkomo,62,Male,Kadoma,Medium,Family,64,4,Ecocash,4,5,1,2,5,5,73
1815,Tonderai Chiweshe,28,Male,Chegutu,High,Individual,46,0,Bank Debit,4,1,2,2,7,4,63
1816,Elton Matiza,44,Female,Kadoma,Medium,Individual,105,4,Cash,2,3,4,0,1,4,89
1817,Farai Chigumba,29,Male,Victoria Falls,Medium,Family,19,5,Cash,2,1,1,2,5,2,59
1818,Takudzwa Mupamhanga,67,Male,Gweru,Low,Individual,115,2,Ecocash,1,0,0,0,6,5,13
1819,Rumbidzai Mapfumo,63,Female,Gweru,Medium,Family,73,3,Mobile Money,9,0,3,1,8,4,91
1820,Melody Mashava,22,Female,Kariba,High,Individual,95,2,Ecocash,7,5,3,0,3,3,100
1821,Tafadzwa Mapfumo,23,Female,Hwange,Low,Family,108,4,Bank Debit,9,3,3,3,2,1,100
1822,Prince Mashingaidze,67,Female,Chitungwiza,Low,Individual,17,3,Cash,8,2,1,2,8,3,88
1823,Tonderai Mupfumi,21,Male,Marondera,Low,Individual,37,2,Bank Debit,2,1,2,1,2,4,53
1824,Anesu Ndlovu,62,Male,Norton,Medium,Individual,95,2,Ecocash,5,4,0,2,9,3,77
1825,Rumbidzai Mpofu,59,Female,Kadoma,High,Family,91,3,Cash,5,2,1,3,4,3,73
1826,Takudzwa Mutasa,29,Female,Norton,Medium,Individual,53,0,Ecocash,9,0,0,1,4,2,77
1827,Kundai Ncube,47,Female,Masvingo,Medium,Individual,102,0,Cash,5,1,0,0,6,2,64
1828,Nyasha Mupinga,70,Male,Norton,Medium,Family,67,3,Ecocash,5,2,3,3,9,2,100
1829,Fadzai Chikafu,35,Male,Mutare,Medium,Individual,66,0,Bank Debit,1,0,2,0,3,5,33
1830,Tendekai Ncube,21,Male,Chegutu,Low,Family,20,0,Mobile Money,4,0,4,1,4,4,76
1831,Rutendo Munyai,52,Male,Kwekwe,Medium,Family,55,1,Bank Debit,9,4,0,3,3,5,81
1832,Prince Mapfumo,64,Male,Hwange,Medium,Individual,78,3,Cash,1,3,1,3,9,2,68
1833,Fadzai Mupinga,28,Male,Hwange,Low,Individual,114,3,Mobile Money,3,3,4,0,5,5,84
1834,Prince Nkala,47,Female,Bulawayo,Low,Individual,36,0,Cash,5,4,3,1,1,2,100
1835,Tadiwa Masango,42,Female,Masvingo,Medium,Individual,68,2,Bank Debit,5,3,0,2,6,3,70
1836,Blessing Mutsvangwa,67,Male,Hwange,High,Family,104,3,Mobile Money,0,5,4,0,8,2,100
1837,Shingirai Matiza,59,Female,Kariba,Low,Family,98,3,Ecocash,7,1,0,3,8,4,58
1838,Farai Chibanda,45,Male,Chegutu,Medium,Individual,44,1,Ecocash,4,4,3,1,9,3,100
1839,Tinashe Mutambara,64,Male,Gweru,Low,Individual,68,4,Mobile Money,6,1,0,3,7,2,69
1840,Melody Chikore,45,Male,Harare,Medium,Family,92,3,Ecocash,4,0,0,1,2,3,44
1841,Precious Mupoperi,63,Female,Kwekwe,Low,Family,72,3,Ecocash,7,5,1,1,4,1,100
1842,Prince Ncube,51,Female,Bulawayo,High,Family,11,2,Cash,7,2,4,3,6,4,100
1843,Taurai Mutasa,38,Female,Chitungwiza,Low,Family,31,0,Ecocash,1,2,3,0,7,4,65
1844,Tonderai Mupfudze,41,Female,Harare,High,Individual,28,4,Bank Debit,1,3,3,0,5,1,96
1845,Nyasha Chibanda,52,Male,Norton,Low,Family,109,0,Ecocash,3,0,0,0,3,4,31
1846,Tinashe Nkala,64,Male,Norton,Medium,Family,61,3,Bank Debit,1,3,0,0,1,5,36
1847,Nyasha Mutsvangwa,28,Female,Bulawayo,High,Family,72,3,Ecocash,2,2,1,0,1,2,68
1848,Taurai Mhlanga,25,Female,Kwekwe,High,Family,71,0,Bank Debit,8,4,4,0,4,3,100
1849,Ashley Matiza,55,Female,Hwange,Low,Family,39,3,Ecocash,0,2,1,2,1,2,58
1850,Rumbidzai Mpofu,39,Male,Masvingo,Medium,Family,73,5,Cash,5,1,2,1,1,4,70
1851,Ashley Mhlanga,67,Male,Chitungwiza,High,Family,75,0,Cash,6,1,1,3,4,3,71
1852,Natsai Mashingaidze,34,Female,Marondera,Low,Family,115,5,Mobile Money,0,4,3,2,3,5,66
1853,Rutendo Ncube,35,Male,Bindura,Low,Family,64,3,Mobile Money,4,4,4,0,7,3,100
1854,Clive Mutizwa,25,Male,Harare,Low,Family,28,2,Ecocash,0,2,2,3,9,2,66
1855,Kudzai Mpofu,54,Male,Hwange,High,Individual,92,1,Ecocash,7,5,0,0,5,2,100
1856,Shingirai Mapfumo,54,Male,Marondera,Medium,Individual,80,2,Ecocash,2,1,4,3,9,3,81
1857,Nyarai Mashiri,21,Male,Chegutu,High,Family,119,0,Cash,2,5,0,1,7,4,61
1858,Tendai Nkala,72,Female,Bulawayo,High,Family,102,4,Mobile Money,1,5,3,0,1,1,100
1859,Tapiwa Mapfumo,24,Female,Harare,Medium,Individual,113,3,Mobile Money,3,3,1,1,4,3,70
1860,Nyasha Munyai,30,Female,Bindura,Medium,Individual,59,4,Cash,6,5,3,2,1,1,100
1861,Clive Nkomo,67,Male,Chegutu,High,Individual,31,0,Cash,1,3,0,2,5,2,58
1862,Tadiwa Chiweshe,60,Female,Victoria Falls,High,Individual,64,3,Bank Debit,0,1,2,1,1,3,53
1863,Anesu Mpofu,44,Female,Bindura,Low,Family,10,1,Cash,4,3,0,1,6,1,81
1864,Tafadzwa Moyo,40,Male,Mutare,Medium,Individual,19,4,Bank Debit,9,1,3,1,3,3,100
1865,Farai Matiza,54,Male,Hwange,Medium,Family,13,1,Cash,3,5,2,2,3,5,78
1866,Shingirai Nkala,44,Male,Gweru,Low,Family,79,3,Bank Debit,1,1,1,2,5,1,62
1867,Tafadzwa Mutsvairo,61,Male,Victoria Falls,High,Family,57,0,Bank Debit,9,5,3,2,6,4,100
1868,Tonderai Ndlovu,41,Female,Kadoma,Medium,Family,51,4,Ecocash,7,1,0,2,8,1,82
1869,Tadiwa Chigumba,65,Male,Hwange,High,Family,98,0,Mobile Money,5,1,0,1,4,2,64
1870,Simba Mutasa,45,Female,Bindura,High,Family,102,1,Ecocash,6,0,4,3,9,3,94
1871,Simbarashe Chirinda,55,Female,Kadoma,Low,Family,102,4,Bank Debit,7,5,4,1,9,2,100
1872,Tatenda Mpofu,62,Male,Hwange,Low,Family,112,0,Mobile Money,2,3,3,1,8,3,85
1873,Tafadzwa Munyoro,24,Female,Gweru,High,Family,44,1,Cash,2,0,0,0,9,5,18
1874,Elton Mhlanga,63,Male,Kariba,High,Individual,87,5,Bank Debit,4,3,0,1,4,1,81
1875,Tendekai Munyai,43,Male,Kadoma,Low,Family,108,0,Bank Debit,7,0,1,3,8,1,85
1876,Rumbidzai Mupfumi,71,Male,Kadoma,Medium,Family,63,3,Bank Debit,8,3,1,2,9,2,100
1877,Tonderai Chikwanda,67,Male,Bindura,Medium,Family,119,0,Mobile Money,0,4,4,3,2,5,76
1878,Nyarai Matiza,34,Female,Masvingo,Low,Individual,39,4,Ecocash,7,2,3,3,3,1,100
1879,Fadzai Mutambara,65,Male,Marondera,High,Family,52,5,Cash,6,3,3,3,2,5,89
1880,Rumbidzai Mutizwa,50,Male,Kariba,Low,Family,67,1,Cash,6,3,2,2,7,3,95
1881,Tinashe Mashava,40,Female,Hwange,High,Individual,37,2,Ecocash,3,3,1,3,8,4,62
1882,Rutendo Mashiri,39,Female,Mutare,Low,Family,101,0,Mobile Money,8,4,1,0,7,3,100
1883,Kudzai Chikwanda,19,Male,Chegutu,High,Family,88,1,Ecocash,5,2,0,3,4,5,47
1884,Shingirai Munyai,33,Male,Kwekwe,High,Family,40,4,Mobile Money,6,1,0,3,7,1,77
1885,Simbarashe Mataruse,43,Male,Kariba,Low,Individual,24,5,Bank Debit,1,3,1,2,8,1,76
1886,Tendai Chiweshe,69,Male,Bindura,Medium,Individual,50,5,Mobile Money,1,1,2,3,7,5,40
1887,Fadzai Mutsvangwa,31,Female,Hwange,High,Family,118,3,Cash,6,0,2,3,7,4,66
1888,Tendekai Mhlanga,58,Female,Chitungwiza,Medium,Individual,115,0,Ecocash,9,1,0,2,4,1,92
1889,Kundai Chirume,37,Male,Marondera,Medium,Family,76,3,Ecocash,2,3,1,0,9,5,49
1890,Tendai Mashiri,69,Female,Masvingo,High,Family,34,3,Ecocash,1,3,0,1,3,3,50
1891,Tadiwa Mutsvangwa,34,Female,Chitungwiza,Medium,Individual,35,5,Mobile Money,6,4,2,1,8,4,94
1892,Tawanda Mashingaidze,23,Male,Victoria Falls,Medium,Individual,109,2,Mobile Money,5,3,2,0,5,4,82
1893,Anesu Matiza,45,Female,Hwange,Medium,Family,19,5,Bank Debit,6,4,3,1,6,5,96
1894,Nyarai Chikafu,58,Male,Bulawayo,Medium,Individual,115,5,Cash,1,4,3,0,5,1,100
1895,Takudzwa Chikore,35,Female,Kwekwe,Medium,Family,88,5,Ecocash,1,1,0,0,4,1,52
1896,Precious Chikore,39,Female,Chegutu,Low,Individual,65,5,Ecocash,2,3,2,1,9,3,75
1897,Tanaka Mupoperi,47,Female,Gweru,High,Family,48,3,Ecocash,8,5,4,1,9,1,100
1898,Clive Moyo,40,Female,Marondera,Medium,Individual,98,4,Mobile Money,7,0,3,3,7,4,81
1899,Takudzwa Chikowore,31,Female,Kwekwe,Medium,Individual,55,4,Cash,0,1,2,2,9,2,59
1900,Kudzai Chikwanda,55,Female,Hwange,High,Family,44,4,Mobile Money,0,4,0,0,4,4,44
1901,Nyarai Mhlanga,24,Male,Bulawayo,High,Family,96,0,Bank Debit,6,1,2,1,4,2,89
1902,Farai Chirume,55,Male,Norton,High,Individual,41,5,Ecocash,0,5,3,3,8,2,97
1903,Shamiso Nkomo,24,Male,Mutare,Low,Individual,35,3,Ecocash,6,0,0,2,6,3,54
1904,Rutendo Mashava,73,Female,Masvingo,High,Individual,35,5,Mobile Money,9,5,2,3,7,5,100
1905,Prince Masango,39,Female,Chitungwiza,High,Family,45,1,Bank Debit,8,2,2,3,5,5,82
1906,Kudakwashe Chirume,39,Female,Victoria Falls,Low,Individual,45,0,Mobile Money,3,4,1,0,7,4,69
1907,Tawanda Mutsvangwa,35,Male,Norton,High,Family,73,4,Cash,3,1,3,3,2,4,68
1908,Rumbidzai Mupfumi,54,Female,Bindura,High,Individual,61,2,Ecocash,1,0,2,1,1,1,67
1909,Tendai Mutsvairo,20,Female,Masvingo,Medium,Family,23,5,Mobile Money,5,5,3,1,2,1,100
1910,Takudzwa Nkala,18,Female,Masvingo,Medium,Family,64,2,Ecocash,8,3,4,1,6,2,100
1911,Memory Ndlovu,68,Female,Kadoma,High,Family,103,3,Cash,8,5,0,0,2,4,91
1912,Fadzai Chikore,19,Female,Marondera,Medium,Family,85,2,Cash,4,3,3,3,8,2,100
1913,Tapiwa Masuku,50,Male,Chegutu,Medium,Individual,98,1,Mobile Money,0,3,4,3,1,4,79
1914,Tadiwa Nkala,38,Female,Kadoma,Medium,Family,95,5,Bank Debit,0,1,3,0,2,2,69
1915,Tinotenda Chikowore,70,Male,Victoria Falls,Low,Family,114,5,Ecocash,0,4,4,1,9,5,76
1916,Simbarashe Mutsvangwa,22,Female,Kariba,High,Individual,35,4,Cash,2,2,0,1,2,1,64
1917,Tafadzwa Sibanda,64,Male,Masvingo,High,Individual,91,4,Mobile Money,4,4,3,0,8,5,86
1918,Kudakwashe Chikafu,52,Male,Victoria Falls,Low,Family,28,2,Bank Debit,3,0,3,2,3,3,69
1919,Blessing Mashingaidze,41,Male,Hwange,Low,Family,50,3,Bank Debit,1,0,0,3,2,4,21
1920,Tadiwa Mutsvairo,43,Male,Gweru,High,Family,23,5,Ecocash,4,1,1,0,1,1,79
1921,Kudzai Mapfumo,35,Female,Kwekwe,Low,Family,45,5,Mobile Money,8,0,4,0,1,1,100
1922,Faith Matiza,24,Female,Kariba,Low,Individual,83,3,Mobile Money,9,2,3,3,6,1,100
1923,Takudzwa Mashiri,40,Female,Kadoma,Low,Individual,115,0,Ecocash,3,3,2,3,7,2,88
1924,Clive Nkala,60,Male,Kwekwe,Medium,Individual,71,3,Cash,6,5,4,0,3,1,100
1925,Rumbidzai Matiza,53,Female,Hwange,Medium,Individual,84,4,Mobile Money,7,4,4,3,3,2,100
1926,Precious Mutsvangwa,29,Male,Harare,Medium,Individual,96,5,Bank Debit,6,0,4,3,5,2,100
1927,Takudzwa Munyoro,57,Female,Masvingo,Medium,Individual,113,1,Ecocash,2,5,4,3,8,2,100
1928,Tendekai Mashava,64,Female,Kwekwe,Medium,Individual,16,5,Cash,2,1,4,3,2,1,97
1929,Simbarashe Ncube,19,Male,Mutare,Low,Individual,48,0,Cash,9,1,3,1,1,1,100
1930,Takudzwa Mupfudze,49,Male,Bulawayo,Low,Individual,41,1,Bank Debit,2,0,4,0,3,2,82
1931,Tariro Mutsvangwa,18,Male,Chitungwiza,Medium,Family,17,5,Bank Debit,3,4,2,0,3,4,79
1932,Shamiso Ndlovu,26,Male,Chitungwiza,High,Individual,33,0,Bank Debit,2,4,4,0,9,4,94
1933,Tinashe Chikafu,27,Female,Harare,Low,Individual,90,5,Ecocash,4,3,4,1,4,1,100
1934,Ashley Mashava,39,Female,Kariba,Low,Individual,102,4,Bank Debit,4,3,0,1,1,3,67
1935,Kundai Mashiri,60,Female,Bulawayo,Medium,Individual,98,4,Bank Debit,9,5,4,3,4,1,100
1936,Takudzwa Mutsvangwa,73,Male,Kariba,Low,Family,16,2,Mobile Money,3,3,4,2,9,5,84
1937,Memory Mupfudze,42,Male,Bindura,High,Family,43,1,Mobile Money,0,5,2,2,5,4,71
1938,Tafadzwa Chikore,36,Female,Chitungwiza,Low,Family,34,5,Ecocash,4,5,2,3,6,5,83
1939,Taurai Mutasa,42,Female,Marondera,Low,Individual,51,1,Cash,3,4,4,1,1,5,93
1940,Memory Mapfumo,46,Female,Chitungwiza,Low,Individual,102,0,Mobile Money,5,5,3,1,4,4,100
1941,Prince Dube,73,Female,Kwekwe,Low,Family,69,0,Mobile Money,1,2,3,0,2,5,57
1942,Rutendo Mupamhanga,48,Female,Mutare,Low,Family,102,0,Mobile Money,5,2,4,1,4,1,100
1943,Kudakwashe Mashiri,55,Male,Norton,Low,Family,86,0,Cash,4,4,1,2,3,5,66
1944,Memory Chikwanda,41,Male,Chitungwiza,Medium,Individual,119,5,Bank Debit,1,2,3,0,6,4,65
1945,Tonderai Mhlanga,71,Female,Marondera,Low,Individual,60,5,Ecocash,4,2,1,1,9,1,84
1946,Simba Chirume,51,Male,Chitungwiza,High,Individual,28,5,Cash,8,5,1,2,6,1,100
1947,Shamiso Chirinda,44,Female,Gweru,Medium,Family,103,4,Cash,1,3,2,0,3,4,62
1948,Tanaka Sibanda,27,Male,Hwange,Medium,Family,40,4,Mobile Money,9,5,0,1,7,2,100
1949,Taurai Chiweshe,67,Male,Kariba,High,Family,64,5,Cash,5,2,3,3,2,5,77
1950,Tonderai Mupfumi,40,Female,Hwange,High,Individual,52,0,Ecocash,1,4,0,1,1,4,51
1951,Simbarashe Mutizwa,44,Male,Kadoma,Medium,Individual,60,2,Mobile Money,2,1,2,0,2,5,45
1952,Shamiso Munyoro,63,Female,Harare,High,Family,13,3,Mobile Money,2,1,1,2,4,2,59
1953,Tatenda Dube,63,Male,Marondera,Medium,Individual,116,2,Ecocash,4,0,1,3,8,2,62
1954,Memory Mutasa,34,Male,Chitungwiza,Low,Individual,30,1,Bank Debit,4,5,4,1,8,5,100
1955,Takudzwa Nkomo,53,Male,Bindura,Medium,Individual,59,2,Cash,1,5,2,0,1,4,78
1956,Prince Sibanda,47,Male,Victoria Falls,High,Individual,95,1,Cash,7,4,2,1,1,5,93
1957,Tapiwa Chikwanda,66,Female,Kariba,Medium,Individual,59,4,Mobile Money,8,3,0,0,9,1,100
1958,Takudzwa Mupoperi,23,Female,Mutare,Low,Family,47,1,Cash,8,5,1,3,6,2,100
1959,Melody Sibanda,52,Female,Victoria Falls,High,Family,91,3,Mobile Money,1,5,1,3,4,4,66
1960,Kundai Mupfumi,59,Female,Victoria Falls,Low,Family,33,1,Mobile Money,2,1,0,2,4,1,57
1961,Melody Mashingaidze,58,Male,Chitungwiza,Low,Family,55,5,Mobile Money,4,0,4,1,9,1,100
1962,Nyarai Mupunga,28,Female,Mutare,High,Individual,75,4,Mobile Money,9,1,3,1,1,5,92
1963,Takudzwa Nkala,42,Male,Hwange,Medium,Family,83,2,Cash,2,3,4,1,4,2,100
1964,Kundai Mhlanga,53,Male,Bindura,Low,Individual,72,2,Cash,5,0,0,2,2,3,49
1965,Taurai Mashiri,74,Male,Gweru,High,Individual,40,1,Mobile Money,4,1,3,1,3,4,73
1966,Prince Masuku,50,Male,Kwekwe,Medium,Individual,48,1,Cash,7,1,4,0,7,4,98
1967,Fadzai Chikwanda,73,Female,Kariba,High,Individual,56,0,Ecocash,3,1,1,2,9,1,72
1968,Tawanda Moyo,72,Male,Masvingo,Medium,Family,25,1,Mobile Money,2,2,1,3,5,2,66
1969,Tendekai Ncube,69,Male,Kariba,High,Individual,114,3,Bank Debit,4,1,1,0,4,4,53
1970,Faith Mutsvangwa,32,Male,Kariba,High,Family,59,5,Ecocash,5,5,4,3,1,1,100
1971,Anesu Mhlanga,59,Female,Chitungwiza,Low,Individual,69,5,Mobile Money,2,3,4,2,3,4,87
1972,Takudzwa Ncube,67,Male,Marondera,High,Individual,69,2,Cash,7,2,3,0,6,2,100
1973,Tawanda Nkala,28,Male,Marondera,Medium,Individual,38,5,Bank Debit,0,3,4,0,3,5,69
1974,Takudzwa Mutsvangwa,28,Female,Mutare,Low,Family,37,0,Cash,0,0,4,2,7,1,80
1975,Faith Chirume,36,Female,Mutare,High,Family,116,3,Cash,2,1,1,0,9,3,51
1976,Tinashe Mupfudze,62,Female,Hwange,Medium,Family,51,1,Cash,6,1,2,1,9,2,89
1977,Farai Munyai,71,Female,Bulawayo,Medium,Family,104,3,Bank Debit,9,0,0,2,6,3,69
1978,Faith Ncube,47,Male,Chegutu,Medium,Family,115,5,Ecocash,5,0,3,1,6,4,71
1979,Tendai Matiza,60,Female,Masvingo,Medium,Family,64,5,Cash,7,2,2,1,2,3,93
1980,Tapiwa Chiweshe,52,Male,Bindura,Medium,Individual,15,1,Cash,4,4,0,3,7,3,72
1981,Fadzai Chikwanda,35,Male,Victoria Falls,Low,Individual,107,1,Mobile Money,8,1,0,0,4,3,71
1982,Ashley Chikowore,60,Male,Hwange,Medium,Individual,59,5,Mobile Money,3,2,3,1,5,2,91
1983,Tinashe Mutsvairo,37,Female,Bindura,Medium,Family,12,3,Cash,8,0,0,0,6,3,64
1984,Natsai Munetsi,21,Female,Kadoma,High,Family,19,0,Cash,6,4,2,3,2,4,94
1985,Tatenda Chikwanda,58,Male,Chegutu,Medium,Family,105,5,Ecocash,6,0,3,1,3,1,100
1986,Rudo Chikafu,52,Female,Bindura,Low,Family,72,5,Cash,4,5,3,0,3,4,100
1987,Brian Munetsi,55,Male,Marondera,High,Family,64,0,Ecocash,1,2,0,3,7,3,43
1988,Elton Masuku,41,Male,Gweru,Low,Individual,38,1,Ecocash,2,0,3,2,1,5,50
1989,Rutendo Chikowore,20,Female,Victoria Falls,Medium,Individual,76,5,Cash,8,2,4,0,2,4,100
1990,Anesu Mupfudze,70,Female,Masvingo,Medium,Individual,63,1,Cash,5,0,2,2,8,3,69
1991,Elton Mupoperi,74,Male,Norton,Medium,Family,103,0,Bank Debit,1,0,3,3,8,3,59
1992,Rumbidzai Ndlovu,48,Female,Bulawayo,Low,Family,45,3,Cash,4,4,3,0,8,5,86
1993,Tatenda Ncube,47,Female,Kariba,Medium,Individual,29,0,Bank Debit,4,2,1,0,5,4,60
1994,Tapiwa Chikowore,46,Male,Bulawayo,High,Individual,34,2,Mobile Money,2,0,1,2,6,4,36
1995,Tafadzwa Nkomo,27,Female,Hwange,Low,Family,34,2,Bank Debit,9,1,1,2,9,4,78
1996,Brian Chikore,57,Male,Kwekwe,Low,Family,55,4,Mobile Money,5,2,0,3,1,4,57
1997,Blessing Moyo,22,Female,Bulawayo,Low,Individual,68,4,Mobile Money,6,0,2,0,3,5,58
1998,Tapiwa Chirume,24,Female,Harare,Low,Individual,25,5,Mobile Money,7,5,1,1,8,1,100
1999,Rutendo Chikowore,60,Female,Bulawayo,High,Individual,63,4,Cash,7,0,2,2,6,1,95
2000,Rumbidzai Ndlovu,35,Female,Chitungwiza,Low,Individual,70,0,Bank Debit,6,2,2,1,2,2,96
2001,Taurai Mupfumi,25,Male,Marondera,Low,Individual,68,0,Cash,7,3,2,1,3,5,84
2002,Natsai Moyo,39,Male,Harare,Medium,Family,55,4,Mobile Money,7,2,0,2,4,1,89
2003,Taurai Mupfumi,49,Male,Victoria Falls,Medium,Individual,32,5,Cash,0,4,0,0,1,5,38
2004,Tawanda Dube,65,Male,Bulawayo,Low,Family,40,3,Bank Debit,8,3,1,3,1,1,100
2005,Ashley Mashingaidze,64,Female,Harare,Low,Individual,115,2,Bank Debit,8,4,0,2,2,5,76
2006,Anesu Chikwanda,32,Male,Bindura,High,Individual,106,2,Ecocash,8,1,0,0,7,5,55
2007,Nyasha Mupunga,36,Male,Masvingo,Medium,Individual,48,3,Bank Debit,8,5,3,1,3,1,100
2008,Simbarashe Mupamhanga,63,Male,Marondera,Medium,Individual,118,1,Mobile Money,8,1,2,0,2,3,91
2009,Kudzai Mupoperi,36,Male,Kwekwe,High,Individual,45,2,Mobile Money,6,5,0,0,2,2,97
2010,Ashley Mupoperi,65,Female,Kwekwe,High,Family,27,4,Mobile Money,1,3,1,3,5,1,76
2011,Tinashe Chigumba,25,Female,Gweru,High,Family,22,2,Mobile Money,8,3,2,0,9,3,100
2012,Tinashe Chikwanda,25,Male,Victoria Falls,High,Family,102,5,Cash,5,2,0,2,4,2,71
2013,Nyasha Masuku,25,Female,Kariba,Low,Individual,51,2,Ecocash,4,4,0,0,1,4,66
2014,Memory Mashiri,62,Female,Bindura,High,Family,25,1,Mobile Money,3,0,0,3,2,4,31
2015,Elton Ndlovu,58,Male,Mutare,High,Family,63,3,Ecocash,6,3,4,2,8,2,100
2016,Nyasha Matiza,35,Female,Masvingo,Low,Individual,87,0,Cash,1,5,3,3,2,4,86
2017,Nyasha Mupinga,67,Female,Marondera,High,Family,33,4,Cash,5,1,0,1,8,4,48
2018,Farai Mupinga,31,Male,Marondera,Low,Individual,37,5,Cash,3,3,1,0,9,1,86
2019,Faith Mpofu,50,Female,Kwekwe,Low,Individual,99,3,Mobile Money,2,4,0,2,3,4,54
2020,Nyarai Moyo,30,Female,Chitungwiza,Medium,Family,72,1,Ecocash,4,5,1,0,9,5,73
2021,Tinashe Mashiri,26,Female,Victoria Falls,Low,Family,54,3,Cash,3,3,3,2,7,5,74
2022,Tatenda Mataruse,43,Female,Bindura,High,Family,87,5,Bank Debit,7,5,3,3,7,5,100
2023,Shamiso Mashiri,44,Female,Chegutu,Low,Individual,107,4,Cash,6,3,0,3,7,2,83
2024,Tapiwa Nkomo,40,Female,Bulawayo,Medium,Family,117,1,Mobile Money,6,0,1,2,4,4,56
2025,Farai Chigumba,52,Male,Hwange,Medium,Family,33,4,Bank Debit,1,5,0,2,1,4,58
2026,Prince Masuku,21,Female,Kariba,High,Individual,67,2,Mobile Money,1,1,0,1,9,5,20
2027,Tatenda Mupinga,18,Male,Kwekwe,High,Family,31,3,Mobile Money,6,4,2,0,7,4,94
2028,Rutendo Munetsi,41,Male,Bindura,Low,Family,18,4,Cash,1,2,2,1,4,5,47
2029,Farai Mutizwa,22,Female,Masvingo,Medium,Individual,45,2,Mobile Money,5,3,1,3,8,1,96
2030,Tonderai Chigumba,32,Female,Bulawayo,High,Family,77,1,Cash,6,0,1,2,3,4,56
2031,Tatenda Chikwanda,67,Male,Bindura,Low,Individual,59,1,Bank Debit,2,4,3,1,8,4,84
2032,Memory Matiza,29,Female,Harare,High,Individual,35,5,Mobile Money,6,0,1,0,2,5,48
2033,Tafadzwa Mupfumi,61,Male,Victoria Falls,Low,Individual,114,2,Cash,9,3,4,3,8,2,100
2034,Taurai Mpofu,55,Female,Chitungwiza,Low,Individual,77,2,Cash,4,4,4,3,3,4,100
2035,Faith Chikowore,62,Female,Marondera,High,Individual,99,5,Cash,6,2,1,1,6,5,62
2036,Prince Masango,41,Male,Harare,High,Individual,21,5,Cash,1,1,2,2,8,4,48
2037,Precious Mupoperi,61,Male,Kariba,Low,Individual,119,0,Mobile Money,7,0,4,1,9,3,99
2038,Faith Mashiri,46,Female,Norton,Medium,Family,24,2,Ecocash,2,1,1,1,7,1,67
2039,Prince Chikafu,52,Female,Bulawayo,High,Family,52,5,Cash,3,1,1,3,4,2,64
2040,Kundai Sibanda,45,Female,Bindura,Medium,Individual,50,4,Bank Debit,6,1,1,1,5,3,71
2041,Rutendo Mutasa,33,Male,Bulawayo,Low,Individual,118,5,Mobile Money,6,2,3,2,7,3,98
2042,Natsai Chirume,39,Male,Harare,High,Family,93,1,Ecocash,1,1,3,3,1,3,68
2043,Tawanda Dube,70,Male,Kadoma,Medium,Family,93,1,Ecocash,7,3,3,0,4,3,100
2044,Tinashe Ndlovu,34,Female,Kwekwe,Medium,Family,73,3,Bank Debit,5,4,2,0,8,2,100
2045,Ashley Moyo,35,Female,Marondera,Medium,Individual,54,0,Cash,4,4,1,1,1,3,84
2046,Tinotenda Mhlanga,50,Male,Mutare,Low,Individual,83,3,Bank Debit,9,3,1,0,1,2,100
2047,Rudo Mupfudze,49,Female,Kwekwe,Low,Individual,55,1,Cash,7,4,3,2,4,2,100
2048,Faith Ndlovu,25,Female,Mutare,High,Individual,66,3,Bank Debit,3,0,2,1,6,4,51
2049,Rumbidzai Chigumba,65,Male,Kadoma,Low,Individual,113,2,Bank Debit,0,4,1,2,3,3,62
2050,Brian Mupamhanga,29,Female,Bulawayo,High,Family,29,2,Mobile Money,5,5,4,1,7,3,100
2051,Tendai Mupfumi,19,Female,Harare,Low,Family,55,5,Bank Debit,6,3,4,0,1,2,100
2052,Taurai Nkala,56,Female,Chitungwiza,High,Individual,83,5,Cash,2,4,3,0,5,3,92
2053,Natsai Chikwanda,46,Female,Masvingo,Medium,Family,73,3,Cash,7,3,3,3,1,1,100
2054,Farai Chirume,34,Female,Bindura,Medium,Individual,68,0,Bank Debit,1,5,4,2,9,3,100
2055,Rutendo Mataruse,51,Male,Masvingo,Medium,Family,75,4,Bank Debit,6,2,1,3,2,4,70
2056,Tonderai Mupoperi,47,Female,Victoria Falls,Low,Family,96,5,Ecocash,2,4,2,0,1,2,92
2057,Memory Masuku,74,Female,Harare,High,Family,29,1,Ecocash,2,5,0,0,8,2,77
2058,Tendekai Chikore,22,Female,Masvingo,High,Family,84,1,Bank Debit,8,5,1,2,5,5,93
2059,Simbarashe Chikafu,39,Male,Bulawayo,Low,Individual,76,2,Mobile Money,6,2,4,1,5,5,92
2060,Prince Mupunga,58,Female,Victoria Falls,Medium,Individual,99,2,Bank Debit,2,3,2,0,5,3,75
2061,Natsai Mupfudze,73,Male,Bulawayo,Low,Individual,97,5,Mobile Money,1,3,2,3,1,1,88
2062,Farai Mupfumi,67,Male,Masvingo,High,Individual,88,4,Ecocash,4,5,0,1,7,3,79
2063,Prince Munyai,57,Female,Kwekwe,Medium,Family,58,1,Ecocash,7,3,4,0,3,2,100
2064,Brian Dube,35,Male,Mutare,Medium,Family,57,4,Mobile Money,5,5,3,1,2,2,100
2065,Tendekai Mupunga,45,Female,Kadoma,High,Family,43,2,Mobile Money,1,2,3,3,3,2,81
2066,Clive Mapfumo,68,Male,Hwange,High,Individual,17,3,Ecocash,1,2,3,2,6,5,57
2067,Tawanda Chibanda,27,Female,Harare,Low,Individual,57,1,Bank Debit,8,3,2,0,6,3,100
2068,Kudakwashe Mapfumo,74,Female,Kwekwe,High,Individual,31,5,Mobile Money,3,5,3,1,1,4,98
2069,Taurai Nkala,45,Female,Victoria Falls,Medium,Family,93,4,Mobile Money,0,2,4,3,4,5,62
2070,Precious Ndlovu,42,Female,Gweru,High,Individual,14,4,Ecocash,5,4,3,0,5,3,100
2071,Faith Munyoro,63,Female,Victoria Falls,Low,Individual,37,4,Bank Debit,0,4,1,0,2,4,54
2072,Memory Mutambara,24,Male,Chegutu,Medium,Individual,47,4,Mobile Money,4,4,0,3,1,1,90
2073,Rudo Mupfumi,63,Female,Chegutu,High,Family,13,0,Ecocash,0,3,0,1,7,1,61
2074,Tendai Chirume,64,Male,Hwange,Low,Individual,116,0,Bank Debit,7,1,2,2,8,1,100
2075,Kundai Mupoperi,50,Female,Chitungwiza,High,Family,77,3,Cash,2,1,3,2,5,5,55
2076,Tinotenda Ncube,21,Male,Marondera,High,Individual,20,3,Ecocash,2,4,1,0,5,2,80
2077,Kudakwashe Mutasa,27,Male,Hwange,High,Family,94,3,Ecocash,7,5,0,1,9,3,94
2078,Kundai Mupinga,42,Male,Norton,High,Family,20,4,Mobile Money,5,1,1,1,2,1,82
2079,Elton Mupfudze,35,Male,Chegutu,High,Individual,74,0,Ecocash,1,4,4,1,5,4,89
2080,Faith Mashava,64,Male,Kadoma,Medium,Individual,87,1,Cash,4,4,4,2,1,2,100
2081,Tadiwa Chiweshe,63,Male,Kadoma,High,Family,101,3,Mobile Money,2,0,2,1,4,4,46
2082,Tinashe Dube,48,Female,Bindura,High,Family,116,3,Mobile Money,4,3,1,3,9,3,75
2083,Ashley Mutizwa,37,Female,Mutare,Low,Family,63,1,Cash,4,0,2,1,7,3,64
2084,Melody Mashingaidze,23,Male,Bulawayo,High,Family,118,2,Mobile Money,5,0,4,2,4,3,89
2085,Tadiwa Ndlovu,37,Female,Bindura,Low,Individual,21,3,Mobile Money,8,2,2,2,1,2,100
2086,Tendai Mupfumi,43,Female,Mutare,High,Family,11,2,Cash,9,3,1,2,2,2,100
2087,Prince Mapfumo,23,Male,Chitungwiza,Medium,Family,57,0,Bank Debit,1,3,4,0,2,2,98
2088,Memory Mhlanga,31,Male,Victoria Falls,High,Individual,80,0,Bank Debit,7,2,1,3,7,3,83
2089,Clive Chikowore,73,Female,Bulawayo,High,Family,30,3,Bank Debit,9,4,1,3,3,4,99
2090,Rudo Mupamhanga,44,Female,Gweru,High,Family,29,4,Mobile Money,6,0,0,0,8,1,70
2091,Blessing Mutsvairo,50,Female,Bindura,Medium,Family,64,1,Cash,8,1,4,2,5,2,100
2092,Blessing Chiweshe,59,Female,Kadoma,Low,Individual,91,2,Cash,7,3,2,2,9,4,92
2093,Faith Dube,31,Male,Mutare,High,Individual,22,4,Bank Debit,2,1,0,2,8,3,41
2094,Rudo Chikafu,29,Female,Bulawayo,Low,Family,41,1,Ecocash,1,3,3,2,1,2,90
2095,Rutendo Mutambara,44,Female,Norton,Medium,Family,50,3,Mobile Money,0,2,4,1,4,5,62
2096,Elton Masuku,42,Male,Bindura,Medium,Family,46,4,Ecocash,5,1,3,0,1,2,96
2097,Kudakwashe Chirinda,20,Male,Chitungwiza,Medium,Family,96,5,Bank Debit,9,4,4,1,4,1,100
2098,Kundai Moyo,24,Male,Bulawayo,Low,Family,46,4,Bank Debit,2,5,1,2,8,1,95
2099,Anesu Mashava,20,Female,Kadoma,Medium,Family,76,1,Ecocash,7,0,1,0,4,1,85
2100,Farai Mupfumi,31,Female,Hwange,Medium,Individual,98,0,Ecocash,3,5,4,1,5,1,100
2101,Elton Munyai,66,Female,Marondera,Low,Individual,88,2,Mobile Money,1,3,1,3,2,2,68
2102,Shingirai Mashingaidze,74,Female,Kariba,High,Family,30,2,Ecocash,3,3,0,0,1,1,78
2103,Shamiso Mupinga,61,Female,Chegutu,Low,Family,85,4,Mobile Money,9,0,0,3,1,2,79
2104,Tanaka Munyoro,20,Male,Hwange,High,Family,117,0,Cash,3,5,3,3,9,1,100
2105,Nyarai Mutasa,53,Female,Kariba,Medium,Individual,49,2,Bank Debit,5,4,2,0,8,5,81
2106,Nyasha Ncube,66,Female,Chitungwiza,High,Individual,75,4,Mobile Money,8,2,4,0,4,2,100
2107,Natsai Mupfumi,35,Female,Kwekwe,High,Individual,49,2,Mobile Money,1,0,4,2,9,2,77
2108,Tapiwa Chibanda,22,Male,Mutare,High,Family,16,0,Mobile Money,5,3,3,3,2,5,84
2109,Tanaka Mupfudze,62,Male,Mutare,Low,Family,74,4,Ecocash,2,2,2,2,9,3,68
2110,Rumbidzai Mupfudze,41,Male,Kadoma,Low,Family,103,2,Mobile Money,1,2,2,2,7,5,47
2111,Takudzwa Mapfumo,24,Male,Victoria Falls,Medium,Individual,100,3,Bank Debit,9,1,1,0,3,5,70
2112,Fadzai Chigumba,18,Female,Kadoma,High,Family,35,4,Ecocash,0,5,4,0,6,1,100
2113,Tadiwa Mapfumo,64,Female,Kadoma,High,Family,37,1,Cash,3,4,0,2,1,3,69
2114,Tafadzwa Masango,63,Female,Chegutu,High,Family,107,3,Mobile Money,1,1,4,2,5,2,84
2115,Tanaka Chigumba,45,Male,Gweru,Medium,Individual,39,1,Ecocash,6,0,0,3,7,5,38
2116,Tatenda Mutsvangwa,38,Male,Victoria Falls,Low,Family,104,2,Ecocash,6,0,3,2,4,3,84
2117,Shingirai Masuku,47,Female,Kariba,Low,Family,10,3,Cash,6,2,1,0,6,3,78
2118,Kudzai Mashingaidze,60,Female,Masvingo,High,Family,80,3,Cash,8,0,2,2,6,3,84
2119,Tinashe Masango,52,Female,Chitungwiza,Low,Family,93,0,Cash,2,0,4,3,5,5,58
2120,Farai Mutsvangwa,46,Male,Gweru,Low,Family,67,5,Bank Debit,7,4,1,2,4,4,89
2121,Tinotenda Mutasa,30,Female,Kwekwe,Low,Family,30,2,Bank Debit,4,1,1,3,1,2,71
2122,Precious Dube,65,Female,Marondera,Medium,Individual,22,3,Ecocash,9,1,2,1,8,2,100
2123,Tafadzwa Moyo,64,Female,Chegutu,Low,Individual,65,0,Mobile Money,9,2,2,2,3,4,95
2124,Tinashe Mupinga,28,Male,Kadoma,High,Individual,55,2,Ecocash,2,2,1,3,6,1,74
2125,Farai Chigumba,57,Male,Victoria Falls,Medium,Family,51,5,Ecocash,9,2,1,0,9,4,85
2126,Ashley Chikafu,45,Female,Victoria Falls,Low,Family,60,4,Cash,7,5,0,1,8,2,100
2127,Blessing Munyoro,64,Female,Chegutu,High,Individual,26,4,Bank Debit,2,3,4,1,2,2,100
2128,Memory Chirume,40,Male,Gweru,High,Family,63,1,Ecocash,1,4,1,2,1,5,53
2129,Nyasha Nkomo,46,Female,Mutare,Low,Individual,29,1,Ecocash,9,2,3,3,5,2,100
2130,Shamiso Mutsvairo,39,Female,Chegutu,High,Individual,96,0,Cash,2,0,0,1,2,2,42
2131,Tonderai Mupfudze,39,Female,Harare,Medium,Family,44,1,Ecocash,7,5,2,2,7,4,100
2132,Precious Chikore,22,Female,Kadoma,High,Family,14,2,Ecocash,2,4,3,0,4,4,84
2133,Tinotenda Chirume,64,Female,Kariba,High,Individual,107,1,Ecocash,8,3,2,0,2,4,97
2134,Kudakwashe Munyai,49,Male,Hwange,High,Family,70,4,Ecocash,0,3,1,1,2,4,47
2135,Shamiso Chiweshe,72,Female,Kwekwe,Low,Family,80,5,Ecocash,7,2,2,2,5,3,93
2136,Simbarashe Mhlanga,42,Female,Hwange,High,Family,50,1,Cash,8,2,3,3,5,3,100
2137,Kundai Mashiri,23,Male,Harare,Low,Individual,38,0,Ecocash,3,5,2,1,2,2,100
2138,Rudo Masango,28,Male,Masvingo,Low,Individual,78,5,Mobile Money,5,2,0,2,2,4,55
2139,Simba Mupinga,21,Male,Mutare,Low,Individual,44,0,Ecocash,2,1,4,2,2,1,97
2140,Faith Mpofu,22,Female,Chitungwiza,Medium,Family,36,1,Ecocash,7,5,0,1,4,1,100
2141,Kudzai Ndlovu,35,Female,Chegutu,Low,Family,27,2,Cash,3,3,2,1,4,1,96
2142,Tendai Masango,22,Female,Kadoma,Low,Individual,25,3,Mobile Money,5,5,4,3,9,4,100
2143,Brian Ndlovu,30,Male,Norton,High,Individual,82,3,Mobile Money,5,0,1,2,6,1,75
2144,Tariro Ncube,41,Female,Chitungwiza,High,Family,98,4,Bank Debit,9,1,1,0,9,4,78
2145,Fadzai Mutizwa,28,Female,Chegutu,Medium,Family,96,3,Bank Debit,0,1,0,3,7,2,39
2146,Tapiwa Chikafu,61,Male,Marondera,High,Family,104,0,Bank Debit,6,0,0,2,1,5,40
2147,Memory Mutsvairo,71,Male,Chegutu,High,Family,67,3,Mobile Money,9,1,3,3,7,3,100
2148,Tinotenda Sibanda,72,Female,Harare,Medium,Individual,27,3,Bank Debit,1,3,2,0,1,4,64
2149,Blessing Mutasa,30,Female,Masvingo,High,Individual,38,5,Cash,2,5,4,3,3,3,100
2150,Rumbidzai Ndlovu,39,Female,Hwange,High,Individual,60,0,Cash,2,3,1,3,8,1,81
2151,Memory Chirinda,35,Male,Bulawayo,High,Family,44,0,Cash,6,1,1,2,9,3,71
2152,Rumbidzai Mutsvairo,38,Female,Bindura,Low,Family,112,2,Ecocash,3,2,2,0,5,5,57
2153,Faith Mashingaidze,36,Male,Mutare,High,Family,27,0,Mobile Money,0,5,4,3,5,3,99
2154,Simbarashe Mashava,32,Male,Hwange,Low,Family,97,1,Ecocash,0,1,1,2,2,3,41
2155,Elton Mhlanga,63,Female,Gweru,High,Family,108,1,Cash,0,5,4,3,9,2,100
2156,Melody Mutizwa,35,Female,Bindura,High,Individual,78,2,Cash,9,1,4,2,5,3,100
2157,Rumbidzai Chiweshe,64,Male,Bulawayo,Low,Individual,36,1,Bank Debit,4,3,4,1,3,2,100
2158,Rutendo Ncube,63,Male,Hwange,Medium,Individual,36,3,Cash,4,3,3,2,4,2,100
2159,Simba Mupinga,28,Male,Marondera,Low,Individual,16,4,Bank Debit,1,0,0,1,3,3,29
2160,Clive Chiweshe,43,Male,Kariba,High,Individual,86,2,Ecocash,1,5,0,2,1,4,58
2161,Tonderai Mpofu,74,Female,Hwange,High,Individual,85,5,Cash,5,3,4,2,4,4,100
2162,Anesu Masuku,39,Female,Gweru,High,Family,101,5,Mobile Money,2,2,0,1,9,1,64
2163,Taurai Ncube,70,Male,Harare,High,Individual,36,5,Bank Debit,0,3,0,0,2,4,37
2164,Kudzai Moyo,33,Female,Kariba,High,Individual,22,3,Bank Debit,3,1,4,2,2,3,86
2165,Tinotenda Matiza,27,Female,Harare,High,Family,83,2,Cash,2,5,0,2,1,1,87
2166,Takudzwa Mutsvangwa,50,Female,Gweru,Low,Family,117,0,Cash,3,4,1,0,8,4,69
2167,Simba Mutsvairo,73,Female,Gweru,Low,Family,26,0,Bank Debit,1,2,2,2,4,2,71
2168,Simba Mupfumi,29,Male,Kwekwe,High,Family,96,3,Cash,2,4,0,1,7,1,78
2169,Precious Sibanda,21,Male,Bindura,Low,Family,113,2,Bank Debit,2,4,0,0,2,4,54
2170,Tendekai Chikore,48,Male,Marondera,Low,Individual,59,5,Cash,9,4,4,0,6,4,100
2171,Clive Munyoro,40,Male,Gweru,Low,Individual,78,5,Mobile Money,2,2,1,0,8,1,74
2172,Rumbidzai Mutsvangwa,68,Female,Victoria Falls,High,Individual,52,0,Cash,7,1,0,0,4,4,58
2173,Tinotenda Masuku,34,Female,Chitungwiza,Low,Individual,119,3,Cash,5,4,3,0,9,4,99
2174,Ashley Mupamhanga,39,Male,Gweru,Medium,Family,70,1,Ecocash,9,1,4,2,3,5,100
2175,Kundai Moyo,39,Female,Marondera,Low,Individual,66,1,Ecocash,6,0,4,1,9,2,100
2176,Rumbidzai Chigumba,22,Male,Chitungwiza,Medium,Individual,70,0,Mobile Money,0,5,1,2,5,5,53
2177,Rudo Matiza,63,Female,Victoria Falls,High,Family,63,3,Cash,0,4,2,0,5,3,72
2178,Prince Mutizwa,37,Male,Harare,High,Individual,27,4,Bank Debit,2,1,3,0,6,3,71
2179,Rumbidzai Mpofu,56,Male,Masvingo,High,Individual,97,3,Ecocash,3,1,3,3,4,2,84
2180,Tafadzwa Matiza,52,Male,Victoria Falls,Medium,Individual,116,3,Cash,1,2,1,3,1,4,47
2181,Anesu Chikwanda,66,Female,Kadoma,High,Family,22,1,Ecocash,9,3,4,2,3,2,100
2182,Nyarai Chikafu,47,Male,Victoria Falls,Medium,Individual,118,1,Cash,3,1,4,2,9,2,94
2183,Natsai Masango,37,Male,Bulawayo,Low,Family,116,3,Mobile Money,2,0,3,1,3,4,56
2184,Tatenda Chikowore,50,Male,Kadoma,Medium,Individual,80,1,Cash,4,5,0,1,6,4,71
2185,Melody Dube,68,Female,Masvingo,Medium,Individual,38,0,Mobile Money,8,2,2,0,4,1,100
2186,Melody Chibanda,67,Male,Kariba,High,Family,74,1,Mobile Money,9,3,1,0,6,5,84
2187,Shingirai Chigumba,24,Male,Kadoma,Low,Individual,65,1,Cash,6,3,3,1,7,3,100
2188,Nyarai Chiweshe,51,Male,Bindura,Low,Family,53,4,Cash,4,1,1,0,4,3,61
2189,Tawanda Chikwanda,23,Female,Masvingo,Medium,Individual,20,0,Mobile Money,9,3,1,0,6,1,100
2190,Shingirai Chiweshe,37,Female,Bulawayo,High,Family,110,3,Mobile Money,8,0,1,0,2,2,82
2191,Precious Mutsvairo,64,Female,Kadoma,Medium,Family,55,3,Mobile Money,7,0,1,1,2,2,77
2192,Nyarai Mutambara,24,Male,Victoria Falls,High,Family,112,5,Ecocash,9,3,3,0,2,4,100
2193,Rumbidzai Mashiri,35,Male,Victoria Falls,Low,Family,56,4,Cash,0,2,0,2,3,5,22
2194,Kudzai Sibanda,64,Female,Marondera,Medium,Family,108,5,Cash,8,4,1,1,2,3,100
2195,Simbarashe Mupfudze,58,Female,Kariba,Medium,Family,69,2,Bank Debit,7,3,3,1,2,1,100
2196,Tendekai Mutsvangwa,22,Female,Victoria Falls,Low,Family,33,5,Bank Debit,8,2,1,3,3,1,100
2197,Nyarai Mhlanga,18,Male,Bulawayo,Low,Family,97,5,Cash,5,2,3,1,2,4,85
2198,Shingirai Moyo,72,Male,Masvingo,Medium,Family,24,4,Mobile Money,1,3,4,2,6,5,74
2199,Tatenda Mapfumo,26,Male,Hwange,Medium,Family,12,1,Ecocash,8,4,4,0,4,5,100
2200,Shamiso Munyai,70,Male,Victoria Falls,Medium,Individual,106,4,Bank Debit,8,5,0,3,6,4,91
2201,Faith Mupfudze,74,Male,Victoria Falls,Low,Family,109,0,Bank Debit,6,1,1,1,1,3,73
2202,Tanaka Sibanda,49,Male,Hwange,High,Individual,54,5,Mobile Money,5,1,3,3,5,3,86
2203,Tinotenda Chibanda,24,Female,Kariba,High,Individual,79,4,Bank Debit,8,4,1,1,5,4,94
2204,Tadiwa Chigumba,52,Female,Hwange,High,Individual,44,0,Bank Debit,7,3,2,1,6,4,92
2205,Rumbidzai Chikore,47,Male,Kadoma,Low,Family,73,2,Bank Debit,0,1,2,2,4,2,59
2206,Kudzai Mpofu,32,Male,Bindura,Low,Individual,56,5,Cash,9,4,1,0,6,4,99
2207,Simba Chikafu,74,Male,Kadoma,Medium,Individual,49,4,Ecocash,3,4,4,2,1,3,100
2208,Prince Chirinda,43,Female,Kadoma,High,Family,42,4,Ecocash,7,5,0,0,1,1,100
2209,Nyarai Mhlanga,33,Male,Chitungwiza,Medium,Individual,62,1,Mobile Money,1,2,2,3,5,4,55
2210,Kudzai Mupinga,53,Male,Harare,Medium,Individual,64,4,Mobile Money,3,2,3,3,4,4,75
2211,Clive Mhlanga,58,Male,Kariba,High,Family,17,1,Mobile Money,0,0,3,2,3,3,54
2212,Tinashe Chikore,28,Female,Harare,Medium,Individual,17,4,Mobile Money,5,0,1,0,4,2,67
2213,Clive Mpofu,23,Male,Kadoma,Low,Individual,50,1,Mobile Money,5,1,4,1,8,5,80
2214,Melody Mashava,45,Male,Marondera,High,Individual,66,3,Mobile Money,2,3,3,0,8,2,93
2215,Tadiwa Mupunga,26,Female,Hwange,Low,Individual,61,4,Cash,8,0,4,1,9,3,100
2216,Nyasha Chirume,50,Female,Bulawayo,High,Individual,88,2,Bank Debit,9,4,3,0,6,5,100
2217,Prince Nkomo,20,Male,Kariba,Low,Family,55,2,Cash,9,2,4,2,3,5,100
2218,Tonderai Chibanda,20,Female,Mutare,Low,Family,95,2,Cash,3,3,0,3,6,5,44
2219,Tanaka Mupfudze,64,Male,Chitungwiza,High,Individual,76,0,Mobile Money,4,3,0,3,9,5,49
2220,Prince Mupinga,63,Male,Marondera,Low,Individual,81,0,Cash,4,5,3,1,3,3,100
2221,Rumbidzai Chigumba,31,Female,Kwekwe,Low,Individual,20,0,Cash,6,3,1,3,2,2,93
2222,Nyasha Mupamhanga,59,Female,Marondera,High,Individual,80,2,Bank Debit,9,4,2,1,3,3,100
2223,Tariro Mashiri,37,Female,Mutare,Medium,Family,51,1,Ecocash,8,0,0,0,8,4,56
2224,Shamiso Mashingaidze,42,Female,Kariba,Low,Family,111,5,Ecocash,6,3,2,2,3,3,95
2225,Anesu Mapfumo,24,Female,Kadoma,Medium,Individual,85,2,Mobile Money,8,3,4,2,2,5,100
2226,Farai Chikore,74,Female,Kadoma,Low,Family,71,3,Ecocash,5,2,3,2,8,3,93
2227,Simbarashe Moyo,46,Female,Norton,Medium,Individual,72,1,Cash,0,3,0,0,4,1,61
2228,Tanaka Ndlovu,63,Female,Kariba,Low,Family,45,3,Bank Debit,0,5,0,3,4,1,75
2229,Nyasha Mupamhanga,41,Male,Harare,High,Family,31,3,Mobile Money,6,4,2,3,3,1,100
2230,Kudakwashe Munetsi,29,Male,Mutare,Low,Individual,114,0,Mobile Money,6,3,4,3,8,1,100
2231,Kundai Nkala,65,Male,Masvingo,High,Family,96,2,Cash,9,5,0,0,3,3,100
2232,Tadiwa Mutsvairo,36,Male,Chegutu,Medium,Individual,13,1,Bank Debit,3,4,2,2,3,3,87
2233,Nyarai Mupamhanga,42,Female,Marondera,Medium,Individual,74,0,Mobile Money,0,5,2,3,6,5,63
2234,Tawanda Mpofu,74,Female,Chitungwiza,High,Individual,83,3,Mobile Money,1,0,0,3,6,1,45
2235,Tariro Mupunga,60,Female,Kwekwe,High,Individual,30,3,Bank Debit,2,4,4,3,1,5,88
2236,Takudzwa Mutsvairo,37,Female,Victoria Falls,Low,Family,42,5,Mobile Money,3,2,2,1,3,3,73
2237,Shingirai Mupfumi,22,Female,Harare,Low,Family,85,2,Cash,3,5,0,1,9,1,90
2238,Tonderai Masango,32,Male,Kariba,Medium,Individual,57,1,Ecocash,4,2,4,1,7,4,90
2239,Fadzai Mupfumi,67,Female,Bulawayo,Medium,Individual,110,1,Bank Debit,0,1,4,1,2,3,71
2240,Tawanda Munetsi,62,Female,Bulawayo,Low,Family,99,1,Bank Debit,7,2,4,0,9,4,100
2241,Nyasha Nkomo,33,Female,Norton,Medium,Family,94,3,Ecocash,9,4,2,1,1,4,100
2242,Tinashe Mapfumo,19,Female,Bindura,Medium,Family,48,4,Mobile Money,6,4,4,1,5,1,100
2243,Tafadzwa Masango,36,Female,Marondera,High,Family,39,5,Mobile Money,1,2,1,1,9,3,53
2244,Brian Mpofu,70,Male,Masvingo,Medium,Individual,20,1,Ecocash,6,2,4,2,1,1,100
2245,Kundai Chigumba,64,Male,Marondera,Low,Family,86,1,Cash,3,4,3,2,9,3,97
2246,Taurai Nkomo,22,Male,Chitungwiza,High,Family,24,0,Bank Debit,5,2,1,3,9,3,73
2247,Ashley Chibanda,73,Male,Hwange,Low,Individual,67,3,Ecocash,4,2,2,1,7,3,78
2248,Faith Mupoperi,28,Male,Kadoma,High,Individual,34,1,Cash,4,5,0,2,5,4,71
2249,Tafadzwa Mashava,72,Female,Kadoma,Low,Family,116,3,Ecocash,0,5,2,0,4,4,71
2250,Tanaka Moyo,35,Female,Bulawayo,Low,Individual,88,3,Mobile Money,9,1,4,0,8,1,100
2251,Kudakwashe Mashingaidze,59,Male,Gweru,Medium,Individual,17,1,Cash,4,4,1,3,1,4,76
2252,Farai Mutambara,69,Male,Harare,Low,Family,100,5,Ecocash,4,4,3,3,4,3,100
2253,Rumbidzai Nkomo,25,Female,Chitungwiza,High,Individual,80,5,Cash,9,5,0,0,7,4,96
2254,Rudo Chirinda,39,Female,Chegutu,Medium,Family,107,3,Ecocash,5,4,2,0,9,2,100
2255,Prince Mupamhanga,25,Male,Chitungwiza,Medium,Family,88,3,Mobile Money,4,3,4,3,6,5,89
2256,Kundai Chikwanda,62,Female,Kwekwe,High,Individual,23,4,Mobile Money,5,4,4,1,6,1,100
2257,Kundai Mutsvairo,55,Male,Harare,High,Individual,50,2,Cash,2,5,2,3,9,4,81
2258,Tapiwa Mpofu,20,Female,Marondera,Medium,Family,69,4,Mobile Money,8,5,3,2,4,4,100
2259,Fadzai Ncube,54,Male,Bulawayo,Low,Family,109,2,Cash,6,0,2,1,1,1,92
2260,Melody Mashingaidze,58,Male,Norton,High,Individual,66,0,Ecocash,5,0,0,0,4,2,57
2261,Simbarashe Ncube,74,Male,Kwekwe,High,Individual,33,4,Mobile Money,8,2,4,2,2,2,100
2262,Shamiso Mutambara,53,Male,Harare,Low,Individual,16,3,Bank Debit,0,5,3,1,3,1,100
2263,Takudzwa Mupunga,54,Male,Chitungwiza,Medium,Individual,55,3,Ecocash,7,3,4,3,1,2,100
2264,Tadiwa Mataruse,70,Female,Bindura,Medium,Family,24,4,Mobile Money,1,4,1,1,6,4,59
2265,Shamiso Mutsvairo,41,Female,Chegutu,Medium,Individual,51,0,Ecocash,1,4,1,0,7,4,59
2266,Natsai Mashingaidze,26,Male,Chitungwiza,Low,Individual,48,5,Ecocash,5,2,0,1,6,2,71
2267,Kudakwashe Ndlovu,53,Female,Masvingo,Low,Individual,92,2,Cash,0,5,2,1,3,3,79
2268,Rudo Chirinda,48,Female,Kadoma,Medium,Family,47,4,Mobile Money,7,1,0,1,8,1,82
2269,Tonderai Mapfumo,57,Female,Bulawayo,Low,Family,71,1,Mobile Money,1,0,0,3,9,3,29
2270,Rudo Mupfumi,57,Female,Chitungwiza,High,Individual,61,5,Mobile Money,5,0,3,1,7,2,87
2271,Faith Chikwanda,63,Female,Chitungwiza,High,Family,49,5,Bank Debit,6,3,1,3,6,5,69
2272,Tatenda Mupfudze,30,Female,Gweru,Medium,Family,37,3,Mobile Money,7,3,0,0,2,4,72
2273,Tariro Mupunga,54,Male,Kariba,Medium,Individual,108,5,Mobile Money,3,1,1,0,9,2,64
2274,Nyarai Chikore,41,Male,Gweru,Medium,Individual,64,3,Mobile Money,1,3,0,2,8,5,34
2275,Simba Nkomo,22,Male,Hwange,Low,Individual,63,4,Ecocash,3,5,4,0,6,2,100
2276,Tawanda Mupfumi,74,Female,Kwekwe,High,Individual,29,1,Cash,1,3,0,0,4,1,66
2277,Elton Mutasa,62,Female,Chitungwiza,High,Individual,33,5,Ecocash,2,1,2,1,9,4,53
2278,Shingirai Mashingaidze,34,Male,Chegutu,Medium,Family,73,5,Ecocash,8,3,3,0,4,3,100
2279,Tanaka Mutsvairo,54,Female,Gweru,Low,Family,31,1,Bank Debit,8,5,0,2,6,3,99
2280,Rudo Munetsi,58,Male,Mutare,High,Family,17,4,Ecocash,3,0,4,2,9,1,95
2281,Tinashe Mutizwa,38,Female,Chitungwiza,Medium,Family,70,2,Cash,3,0,2,2,1,5,45
2282,Tawanda Mashiri,18,Female,Bindura,High,Family,54,2,Ecocash,8,2,2,3,1,1,100
2283,Kudakwashe Matiza,32,Female,Gweru,Medium,Individual,64,3,Cash,5,5,2,1,6,3,100
2284,Faith Mupinga,34,Male,Bindura,High,Family,49,4,Cash,9,1,0,3,9,1,92
2285,Taurai Nkala,49,Female,Masvingo,High,Family,38,5,Mobile Money,1,2,1,1,8,3,53
2286,Tafadzwa Ndlovu,34,Female,Gweru,High,Individual,32,1,Cash,2,0,2,2,8,4,46
2287,Blessing Chikowore,36,Male,Chegutu,High,Family,58,5,Cash,6,0,3,2,8,4,76
2288,Nyasha Mashiri,29,Male,Kariba,Medium,Individual,112,5,Ecocash,8,4,3,1,8,2,100
2289,Tawanda Dube,30,Female,Hwange,Low,Family,29,0,Ecocash,1,2,0,1,3,5,27
2290,Farai Matiza,73,Female,Norton,Low,Family,44,4,Mobile Money,4,0,2,3,2,2,72
2291,Tariro Ndlovu,71,Female,Harare,Low,Family,62,4,Bank Debit,3,0,1,2,8,3,49
2292,Tendekai Munyai,56,Male,Kwekwe,High,Individual,104,1,Mobile Money,4,3,2,3,6,1,100
2293,Tafadzwa Matiza,19,Female,Victoria Falls,Medium,Family,100,4,Bank Debit,6,4,0,0,1,5,68
2294,Memory Mutsvangwa,68,Female,Gweru,Medium,Individual,112,0,Bank Debit,8,0,3,3,2,5,78
2295,Tawanda Nkomo,38,Male,Kariba,Medium,Family,15,1,Mobile Money,3,1,2,0,5,3,66
2296,Tonderai Dube,70,Male,Marondera,Low,Family,101,0,Mobile Money,9,2,1,1,6,5,77
2297,Precious Nkomo,62,Female,Kadoma,Low,Family,99,2,Mobile Money,1,1,0,2,4,3,36
2298,Tadiwa Chikafu,58,Female,Kariba,Low,Family,83,0,Mobile Money,8,4,1,2,4,1,100
2299,Tinashe Mutizwa,67,Female,Masvingo,High,Individual,34,0,Ecocash,6,4,3,1,5,1,100
2300,Tonderai Moyo,58,Female,Chegutu,High,Individual,41,4,Bank Debit,6,5,2,0,5,2,100
2301,Rudo Mupoperi,52,Male,Mutare,High,Family,88,1,Ecocash,3,2,4,3,7,2,100
2302,Tinashe Mupfudze,27,Female,Masvingo,Medium,Family,26,2,Ecocash,2,1,1,0,5,1,67
2303,Takudzwa Munetsi,30,Male,Chegutu,Low,Family,51,3,Mobile Money,1,5,1,1,8,1,90
2304,Simba Mutsvangwa,49,Female,Victoria Falls,Low,Family,102,2,Cash,3,1,4,3,2,2,94
2305,Memory Mupfudze,39,Male,Masvingo,High,Family,28,2,Bank Debit,4,3,0,0,6,1,81
2306,Kudakwashe Matiza,43,Female,Gweru,High,Individual,96,2,Ecocash,7,2,3,2,1,3,100
2307,Shingirai Mupamhanga,24,Female,Mutare,Medium,Individual,56,3,Mobile Money,4,5,3,1,5,1,100
2308,Tafadzwa Mashingaidze,41,Male,Harare,Medium,Family,67,1,Cash,7,2,0,2,2,5,57
2309,Precious Mupfumi,43,Male,Bulawayo,Low,Individual,81,4,Ecocash,0,5,3,1,2,5,73
2310,Tendekai Munyoro,22,Male,Masvingo,Low,Individual,110,0,Bank Debit,6,1,4,3,6,2,100
2311,Kudzai Mutambara,61,Male,Masvingo,Low,Individual,42,0,Mobile Money,8,4,0,1,4,1,100
2312,Takudzwa Mataruse,45,Female,Bulawayo,High,Individual,85,3,Cash,2,1,1,1,4,1,67
2313,Farai Mhlanga,47,Male,Hwange,High,Family,74,1,Mobile Money,8,2,1,3,8,2,96
2314,Rutendo Chirume,38,Female,Bindura,Low,Family,83,1,Cash,2,2,1,0,2,5,42
2315,Tawanda Munetsi,68,Male,Kariba,High,Family,49,5,Ecocash,7,0,1,2,8,4,61
2316,Elton Munyai,45,Female,Kariba,Low,Family,43,3,Bank Debit,1,3,3,1,7,4,72
2317,Rutendo Chigumba,38,Female,Gweru,Medium,Individual,16,4,Ecocash,3,1,4,2,5,2,94
2318,Precious Nkala,62,Male,Norton,Low,Family,56,5,Mobile Money,3,5,3,3,4,1,100
2319,Tanaka Masuku,33,Male,Victoria Falls,High,Individual,90,3,Ecocash,4,0,4,1,2,3,84
2320,Ashley Ncube,21,Male,Gweru,High,Family,114,2,Ecocash,9,3,4,0,3,4,100
2321,Rumbidzai Ndlovu,36,Female,Victoria Falls,Medium,Individual,75,3,Mobile Money,1,4,1,3,8,5,51
2322,Takudzwa Mupamhanga,69,Male,Harare,High,Individual,113,5,Mobile Money,4,1,4,3,9,5,75
2323,Shingirai Chirinda,50,Male,Kariba,Medium,Family,98,0,Bank Debit,9,0,4,0,5,5,93
2324,Kudakwashe Mutsvangwa,71,Male,Hwange,Low,Individual,35,3,Ecocash,2,0,2,2,1,2,64
2325,Simba Chikore,63,Male,Masvingo,Medium,Individual,92,1,Bank Debit,1,5,3,1,7,4,86
2326,Kudzai Mpofu,30,Female,Mutare,Low,Family,82,0,Mobile Money,6,1,3,1,6,2,99
2327,Shingirai Mutizwa,40,Female,Mutare,Low,Family,20,2,Ecocash,8,4,4,3,9,5,100
2328,Prince Chikowore,65,Male,Kadoma,Low,Individual,38,2,Mobile Money,1,4,2,1,6,3,77
2329,Ashley Nkala,26,Male,Gweru,Medium,Family,79,1,Ecocash,7,4,0,3,7,1,100
2330,Faith Moyo,46,Male,Kadoma,Medium,Family,66,5,Cash,5,0,4,0,8,5,73
2331,Tanaka Chikore,66,Male,Chegutu,Low,Individual,95,3,Ecocash,1,4,1,2,1,2,77
2332,Ashley Chibanda,49,Female,Mutare,High,Individual,34,4,Cash,1,0,3,2,1,5,45
2333,Tonderai Mataruse,34,Female,Kadoma,High,Family,20,1,Bank Debit,6,0,1,1,3,1,80
2334,Tendekai Masuku,61,Male,Chitungwiza,Medium,Individual,105,5,Mobile Money,1,2,3,0,9,3,73
2335,Tariro Mupinga,74,Female,Masvingo,Medium,Individual,75,5,Cash,4,0,0,0,6,5,28
2336,Taurai Chibanda,73,Female,Kariba,Low,Family,81,1,Mobile Money,0,5,4,2,8,4,91
2337,Tafadzwa Ndlovu,19,Female,Victoria Falls,High,Family,23,1,Mobile Money,4,0,1,1,2,5,38
2338,Tariro Mutsvangwa,70,Female,Gweru,High,Individual,100,0,Ecocash,7,1,3,3,3,4,88
2339,Tendai Chikwanda,37,Male,Bindura,Medium,Individual,60,2,Cash,6,5,4,0,8,2,100
2340,Tafadzwa Chiweshe,44,Female,Mutare,High,Family,41,2,Ecocash,0,4,4,2,5,4,84
2341,Rudo Chikowore,29,Female,Kariba,Medium,Family,27,4,Ecocash,0,5,4,2,6,4,91
2342,Rumbidzai Mashava,58,Female,Chitungwiza,High,Family,46,1,Ecocash,0,0,0,1,9,2,32
2343,Tinotenda Sibanda,50,Male,Marondera,Low,Individual,15,4,Bank Debit,4,1,2,1,5,1,87
2344,Tatenda Munetsi,70,Female,Mutare,Low,Individual,25,1,Mobile Money,8,1,2,3,7,3,91
2345,Tinotenda Chikwanda,43,Female,Masvingo,High,Family,64,5,Ecocash,5,4,4,0,7,1,100
2346,Kudakwashe Masuku,40,Female,Kariba,High,Individual,27,4,Ecocash,3,5,2,1,1,5,80
2347,Clive Chikafu,20,Male,Hwange,Medium,Individual,43,3,Bank Debit,7,0,3,1,9,4,81
2348,Kudzai Munyai,59,Female,Hwange,Medium,Individual,47,3,Mobile Money,6,4,1,3,7,5,76
2349,Tatenda Chikowore,46,Female,Kadoma,Low,Individual,64,0,Ecocash,2,4,3,3,4,3,92
2350,Blessing Masuku,53,Male,Bindura,Medium,Family,95,4,Cash,1,3,4,0,7,2,98
2351,Tariro Mupfumi,37,Male,Norton,Low,Family,114,3,Mobile Money,9,2,1,2,4,4,85
2352,Tariro Chikore,51,Female,Kwekwe,Low,Individual,43,3,Bank Debit,9,0,2,3,6,5,73
2353,Takudzwa Mashava,62,Female,Harare,High,Family,59,2,Bank Debit,1,0,0,0,8,5,13
2354,Memory Masuku,62,Male,Kariba,High,Family,34,5,Ecocash,5,5,1,1,7,1,100
2355,Blessing Matiza,25,Female,Kariba,High,Family,88,2,Ecocash,5,3,1,1,4,2,88
2356,Anesu Mutasa,25,Male,Mutare,Low,Family,18,5,Mobile Money,9,1,4,2,2,4,100
2357,Fadzai Mupfumi,66,Female,Gweru,Medium,Individual,100,5,Mobile Money,9,2,2,1,3,3,100
2358,Tinotenda Mutambara,52,Male,Marondera,Medium,Individual,104,0,Cash,4,4,0,0,6,4,64
2359,Fadzai Mashiri,36,Male,Harare,Low,Individual,109,0,Ecocash,8,3,2,1,6,3,100
2360,Fadzai Mutsvangwa,18,Female,Chegutu,High,Family,75,0,Ecocash,4,3,4,0,6,2,100
2361,Faith Mashiri,65,Female,Gweru,Low,Individual,40,3,Bank Debit,6,0,4,3,9,5,78
2362,Simba Nkomo,29,Male,Mutare,High,Family,25,4,Bank Debit,6,3,0,1,3,3,75
2363,Memory Mapfumo,41,Female,Marondera,Low,Individual,21,2,Ecocash,4,0,3,0,2,4,66
2364,Precious Chikwanda,53,Male,Kwekwe,Low,Family,15,0,Mobile Money,8,3,4,2,8,4,100
2365,Taurai Ndlovu,39,Male,Kariba,High,Individual,48,3,Bank Debit,0,4,2,3,1,5,58
2366,Kudakwashe Chirume,65,Female,Kadoma,Medium,Individual,102,0,Mobile Money,8,3,4,3,4,4,100
2367,Tendekai Mupoperi,49,Female,Kadoma,High,Family,78,0,Bank Debit,6,1,0,2,7,4,53
2368,Rutendo Matiza,45,Male,Kwekwe,Medium,Individual,57,5,Mobile Money,7,0,0,3,5,3,59
2369,Brian Mutambara,66,Female,Kariba,High,Individual,26,2,Cash,7,4,4,3,4,3,100
2370,Anesu Chirinda,36,Female,Norton,Medium,Individual,109,2,Mobile Money,7,3,2,1,8,2,100
2371,Tatenda Matiza,59,Female,Mutare,Low,Individual,65,1,Cash,2,2,0,3,4,1,64
2372,Blessing Chirume,65,Female,Kariba,High,Individual,27,2,Mobile Money,7,5,4,0,8,4,100
2373,Ashley Chikowore,44,Male,Kariba,Low,Family,51,1,Bank Debit,7,0,3,0,1,1,100
2374,Prince Mapfumo,66,Male,Mutare,High,Individual,70,2,Cash,6,0,3,3,5,2,92
2375,Tafadzwa Chibanda,72,Male,Marondera,High,Individual,69,1,Mobile Money,8,5,4,3,9,3,100
2376,Kundai Matiza,30,Male,Harare,Low,Family,46,5,Cash,4,2,4,0,1,4,92
2377,Nyasha Mupunga,60,Male,Masvingo,High,Family,79,2,Bank Debit,4,0,4,3,6,3,84
2378,Simbarashe Mupinga,57,Female,Chitungwiza,High,Family,19,2,Cash,0,2,2,0,2,3,58
2379,Tapiwa Chikore,32,Male,Gweru,Medium,Individual,81,4,Bank Debit,7,0,2,2,8,3,79
2380,Rudo Matiza,20,Male,Kariba,Medium,Individual,119,1,Bank Debit,6,5,4,2,4,5,100
2381,Tendekai Mupoperi,74,Male,Chitungwiza,Low,Family,69,0,Mobile Money,7,1,3,2,1,1,100
2382,Faith Chiweshe,58,Male,Kadoma,Medium,Family,105,1,Cash,7,1,2,1,5,3,86
2383,Tawanda Mupoperi,59,Male,Chegutu,Medium,Family,23,0,Cash,6,1,2,2,9,3,81
2384,Tendai Mashiri,49,Male,Chitungwiza,Low,Family,45,5,Cash,7,2,4,1,6,1,100
2385,Kundai Ncube,37,Female,Masvingo,High,Family,84,4,Ecocash,5,2,2,1,9,5,67
2386,Taurai Mupinga,24,Female,Gweru,Medium,Family,81,2,Cash,0,0,3,1,6,1,70
2387,Kudzai Masuku,28,Male,Kwekwe,Low,Family,23,0,Cash,3,0,0,2,5,4,31
2388,Rudo Matiza,36,Male,Mutare,Medium,Individual,96,2,Mobile Money,4,0,3,3,7,2,82
2389,Tatenda Mupamhanga,52,Female,Bindura,High,Individual,80,3,Ecocash,7,5,4,1,6,1,100
2390,Farai Masango,46,Female,Chitungwiza,Low,Family,28,0,Bank Debit,3,3,4,3,1,4,94
2391,Tanaka Chikwanda,51,Female,Bulawayo,Low,Family,96,5,Bank Debit,1,1,0,0,2,1,52
2392,Tendekai Chikwanda,36,Male,Kadoma,Medium,Individual,115,3,Bank Debit,1,5,4,1,3,1,100
2393,Shingirai Mpofu,57,Male,Chitungwiza,Medium,Family,12,4,Mobile Money,0,2,3,0,9,2,76
2394,Tadiwa Nkala,52,Male,Kadoma,Low,Family,19,5,Cash,4,4,4,3,4,3,100
2395,Faith Chigumba,41,Female,Chitungwiza,Medium,Family,59,4,Bank Debit,6,2,2,3,2,1,100
2396,Nyarai Matiza,35,Male,Kwekwe,Medium,Family,43,1,Bank Debit,1,5,2,0,9,2,92
2397,Precious Mutambara,64,Male,Chitungwiza,Medium,Individual,46,4,Cash,8,4,0,0,4,4,84
2398,Tadiwa Chirume,72,Male,Kadoma,Low,Family,118,4,Ecocash,4,0,1,0,2,2,62
2399,Takudzwa Munetsi,55,Female,Gweru,Low,Family,96,1,Ecocash,8,3,1,2,1,3,97
2400,Tinotenda Chikowore,48,Female,Bulawayo,Medium,Family,52,1,Ecocash,0,0,3,1,9,4,46
2401,Simbarashe Mhlanga,69,Female,Bulawayo,High,Family,55,0,Bank Debit,2,5,1,1,1,5,65
2402,Tariro Chigumba,31,Male,Bulawayo,Low,Family,17,1,Cash,1,3,0,2,8,2,58
2403,Tanaka Munetsi,44,Male,Bulawayo,Low,Family,107,3,Cash,6,1,0,1,7,3,61
2404,Nyarai Mashingaidze,57,Male,Marondera,Low,Family,105,3,Mobile Money,2,0,3,3,9,3,64
2405,Ashley Moyo,68,Male,Kariba,Low,Individual,17,2,Cash,9,4,2,2,2,5,100
2406,Natsai Chiweshe,45,Male,Kadoma,Low,Individual,50,5,Bank Debit,5,3,3,0,8,2,100
2407,Fadzai Chikafu,65,Female,Hwange,Low,Family,12,4,Mobile Money,1,1,0,0,3,1,52
2408,Shamiso Moyo,53,Male,Kadoma,Low,Family,95,5,Ecocash,9,4,2,1,3,2,100
2409,Tinashe Mupfumi,49,Male,Norton,High,Individual,53,0,Cash,5,0,4,0,5,4,81
2410,Tanaka Chibanda,48,Male,Chegutu,Low,Family,33,0,Cash,9,3,0,2,7,3,90
2411,Tapiwa Mutasa,53,Female,Kariba,Medium,Family,11,1,Cash,3,0,2,0,5,3,59
2412,Nyasha Masuku,43,Male,Marondera,Medium,Individual,12,1,Mobile Money,0,1,3,3,9,1,77
2413,Memory Mashingaidze,23,Male,Gweru,High,Family,80,2,Ecocash,7,4,3,3,4,2,100
2414,Anesu Mutasa,34,Male,Bulawayo,Medium,Family,85,1,Bank Debit,0,5,3,0,1,5,75
2415,Kundai Munyoro,24,Female,Kwekwe,High,Family,103,4,Cash,6,5,4,3,2,3,100
2416,Kudzai Chibanda,41,Male,Mutare,Medium,Family,11,5,Bank Debit,9,5,0,0,2,1,100
2417,Tanaka Mashingaidze,35,Male,Norton,Low,Individual,49,3,Cash,1,2,2,1,7,5,47
2418,Rutendo Ndlovu,23,Male,Kwekwe,Low,Family,41,2,Ecocash,8,5,3,2,5,2,100
2419,Clive Mutsvangwa,42,Female,Hwange,High,Family,84,2,Ecocash,3,0,3,0,4,4,61
2420,Blessing Nkala,63,Female,Bindura,Medium,Individual,70,1,Cash,3,2,2,0,2,3,73
2421,Shamiso Mpofu,62,Female,Gweru,Medium,Family,11,5,Bank Debit,3,1,1,3,1,3,58
2422,Precious Masango,25,Male,Kadoma,High,Individual,93,2,Ecocash,0,5,0,2,8,3,59
2423,Elton Mutizwa,35,Female,Chitungwiza,Medium,Individual,20,5,Bank Debit,5,5,3,2,4,5,98
2424,Brian Chirume,23,Female,Hwange,Low,Individual,102,0,Bank Debit,4,5,4,3,9,4,100
2425,Simba Mpofu,66,Female,Bulawayo,Low,Family,67,5,Bank Debit,9,5,0,2,3,3,100
2426,Blessing Mashava,63,Female,Chegutu,High,Individual,26,3,Ecocash,0,5,0,1,7,1,75
2427,Tawanda Mapfumo,29,Female,Hwange,Low,Family,21,0,Bank Debit,7,3,3,0,9,3,100
2428,Tanaka Chirume,70,Female,Bindura,Medium,Family,66,3,Mobile Money,0,3,3,0,2,2,83
2429,Prince Masuku,56,Male,Bindura,Low,Individual,21,3,Cash,1,4,2,0,7,2,85
2430,Takudzwa Ndlovu,36,Male,Hwange,High,Individual,113,4,Bank Debit,1,3,1,2,5,3,60
2431,Tonderai Chirume,59,Male,Norton,High,Family,92,0,Bank Debit,5,3,2,0,2,2,98
2432,Shamiso Moyo,53,Male,Gweru,Medium,Family,14,2,Cash,4,1,2,2,6,2,79
2433,Takudzwa Chikowore,35,Female,Bindura,High,Individual,55,3,Mobile Money,2,1,1,1,1,2,61
2434,Rumbidzai Mutambara,53,Female,Kwekwe,High,Family,46,4,Ecocash,1,4,1,0,4,1,83
2435,Rumbidzai Chigumba,37,Male,Bindura,High,Family,40,4,Cash,9,5,0,1,7,3,100
2436,Anesu Masuku,21,Male,Victoria Falls,Medium,Individual,95,5,Cash,0,2,4,0,2,3,78
2437,Tapiwa Mutizwa,26,Male,Hwange,Medium,Individual,118,3,Cash,5,4,2,2,8,4,89
2438,Farai Masango,53,Female,Chegutu,High,Family,41,4,Cash,8,5,3,0,7,1,100
2439,Simba Ndlovu,59,Male,Hwange,High,Individual,116,2,Bank Debit,1,5,4,1,9,5,88
2440,Shingirai Munetsi,72,Male,Kwekwe,High,Individual,70,3,Bank Debit,1,1,3,1,4,4,58
2441,Tawanda Chirume,19,Male,Chegutu,High,Individual,92,5,Mobile Money,6,1,3,2,2,3,91
2442,Anesu Mutizwa,22,Male,Masvingo,Medium,Family,114,2,Bank Debit,7,3,3,3,5,2,100
2443,Takudzwa Mupfumi,45,Male,Norton,Medium,Family,30,4,Ecocash,8,0,0,0,7,3,64
2444,Tonderai Dube,72,Male,Kariba,Low,Family,107,2,Ecocash,1,4,2,3,9,1,93
2445,Tafadzwa Mhlanga,47,Female,Harare,High,Family,68,0,Bank Debit,2,4,4,0,9,1,100
2446,Memory Sibanda,19,Female,Bindura,Medium,Individual,71,2,Bank Debit,0,2,0,2,3,4,30
2447,Nyasha Mapfumo,22,Male,Hwange,High,Individual,113,1,Mobile Money,4,2,0,3,7,2,66
2448,Simbarashe Mapfumo,32,Male,Kadoma,Medium,Individual,112,4,Ecocash,3,0,2,1,4,2,67
2449,Anesu Masango,36,Female,Kadoma,High,Individual,48,0,Cash,8,2,2,0,5,1,100
2450,Tafadzwa Chikore,55,Female,Chitungwiza,Low,Individual,30,0,Cash,0,3,4,1,5,5,69
2451,Shamiso Mupfumi,18,Female,Hwange,Medium,Individual,91,1,Bank Debit,7,2,2,0,6,2,100
2452,Rudo Munetsi,37,Male,Chegutu,High,Individual,11,3,Bank Debit,7,4,2,1,9,3,100
2453,Simba Chikafu,51,Male,Mutare,High,Family,80,2,Ecocash,8,0,4,3,4,4,96
2454,Tadiwa Nkala,33,Female,Kadoma,Low,Family,22,2,Mobile Money,3,1,3,2,6,3,76
2455,Tatenda Mupfudze,64,Male,Kadoma,Low,Individual,24,3,Mobile Money,6,3,0,3,8,2,83
2456,Clive Chikafu,59,Female,Kariba,High,Individual,70,3,Mobile Money,0,2,0,0,8,3,38
2457,Shamiso Chikore,34,Male,Marondera,Medium,Individual,13,0,Mobile Money,2,1,4,1,4,2,89
2458,Memory Mupfumi,55,Male,Victoria Falls,Low,Individual,50,0,Mobile Money,9,3,2,0,9,2,100
2459,Blessing Ncube,65,Female,Masvingo,High,Individual,52,2,Ecocash,0,5,3,3,7,3,89
2460,Farai Chikafu,19,Female,Harare,Low,Family,30,3,Bank Debit,9,0,1,3,5,3,79
2461,Blessing Mataruse,36,Male,Gweru,Low,Individual,106,5,Cash,9,2,3,1,7,5,97
2462,Simba Mupoperi,24,Male,Kwekwe,Low,Individual,40,1,Mobile Money,5,2,4,0,8,5,87
2463,Tinotenda Mashingaidze,35,Female,Kadoma,Medium,Individual,11,0,Mobile Money,9,2,2,2,3,4,95
2464,Ashley Dube,62,Male,Bindura,Medium,Individual,58,4,Cash,3,2,0,0,7,2,61
2465,Kundai Munetsi,59,Male,Bulawayo,Medium,Individual,24,2,Mobile Money,2,5,2,2,8,1,100
2466,Kudakwashe Matiza,46,Female,Victoria Falls,High,Family,118,2,Ecocash,5,1,4,0,3,4,88
2467,Tariro Chikowore,38,Male,Marondera,Medium,Family,87,5,Ecocash,6,2,1,1,9,5,62
2468,Ashley Mupunga,67,Female,Hwange,High,Family,99,4,Cash,4,0,0,1,2,3,44
2469,Kudzai Mashiri,19,Male,Marondera,Low,Individual,61,0,Cash,7,1,3,2,1,1,100
2470,Rudo Masango,62,Male,Hwange,Low,Individual,37,3,Bank Debit,4,2,1,1,5,1,84
2471,Taurai Chikowore,65,Female,Bulawayo,Low,Individual,97,0,Mobile Money,0,1,2,0,8,3,51
2472,Tinotenda Matiza,27,Male,Kadoma,High,Family,37,4,Mobile Money,4,3,2,3,9,2,93
2473,Melody Mupinga,57,Male,Norton,Low,Individual,109,1,Ecocash,6,3,3,2,4,1,100
2474,Faith Mupoperi,41,Female,Kwekwe,High,Individual,68,3,Mobile Money,6,2,1,2,2,4,70
2475,Natsai Matiza,25,Male,Harare,High,Family,46,5,Bank Debit,5,0,4,2,4,1,100
2476,Prince Chikowore,65,Male,Gweru,Medium,Individual,95,0,Mobile Money,8,1,1,2,3,2,89
2477,Tinashe Ndlovu,40,Male,Bulawayo,Medium,Family,85,2,Cash,1,5,0,0,5,3,64
2478,Kudzai Chirinda,21,Female,Masvingo,Low,Individual,60,3,Mobile Money,3,5,0,1,8,1,90
2479,Tonderai Chigumba,64,Male,Norton,Low,Individual,19,3,Ecocash,7,5,4,1,9,3,100
2480,Tonderai Masuku,45,Male,Masvingo,Medium,Family,48,5,Mobile Money,1,2,3,0,7,2,81
2481,Brian Matiza,28,Female,Norton,Medium,Individual,117,5,Cash,1,2,1,1,3,1,69
2482,Kudzai Chikore,59,Male,Marondera,Low,Individual,26,5,Cash,8,5,1,0,2,4,100
2483,Memory Sibanda,37,Male,Harare,Medium,Family,66,0,Ecocash,4,5,1,2,3,5,73
2484,Simbarashe Mhlanga,57,Female,Kwekwe,Low,Individual,14,1,Bank Debit,3,5,4,0,6,1,100
2485,Tatenda Masuku,22,Male,Marondera,Low,Individual,19,2,Ecocash,6,2,1,1,6,1,94
2486,Blessing Mupfudze,31,Female,Kwekwe,Low,Family,28,5,Bank Debit,5,4,2,2,9,1,100
2487,Clive Mashiri,34,Female,Chegutu,Medium,Individual,100,4,Ecocash,7,1,4,3,6,1,100
2488,Kundai Mupfumi,55,Female,Kariba,Medium,Family,118,1,Ecocash,1,0,2,1,1,4,43
2489,Blessing Chibanda,60,Female,Bindura,High,Family,85,1,Mobile Money,4,1,1,1,2,2,69
2490,Kudzai Mutsvangwa,44,Male,Gweru,Low,Family,116,5,Mobile Money,6,5,0,1,5,2,97
2491,Melody Chikafu,19,Female,Hwange,High,Individual,104,4,Ecocash,8,1,4,0,2,3,100
2492,Simba Mashiri,28,Female,Victoria Falls,Low,Family,104,0,Mobile Money,6,2,4,2,5,3,100
2493,Nyarai Chikowore,58,Female,Harare,Low,Family,17,2,Bank Debit,8,5,4,2,1,5,100
2494,Melody Mupfumi,42,Female,Victoria Falls,Low,Individual,44,5,Mobile Money,9,4,3,2,3,3,100
2495,Faith Chikore,69,Male,Gweru,Low,Individual,55,2,Cash,0,4,0,1,2,1,68
2496,Nyarai Mashava,69,Female,Kadoma,High,Individual,61,2,Mobile Money,8,1,3,2,7,2,100
2497,Tinotenda Matiza,64,Female,Mutare,High,Individual,15,3,Bank Debit,7,5,2,1,4,3,100
2498,Tendai Mupinga,35,Male,Chitungwiza,Medium,Individual,95,4,Ecocash,0,1,0,1,2,5,15
2499,Tafadzwa Munyoro,38,Female,Bindura,High,Family,97,2,Mobile Money,9,2,0,2,7,3,83
2500,Simbarashe Nkala,25,Female,Kariba,High,Family,32,4,Ecocash,9,2,0,2,1,3,85
2501,Faith Mataruse,30,Male,Marondera,High,Family,48,3,Ecocash,2,4,1,3,3,5,56
2502,Nyasha Mupfumi,36,Female,Chegutu,High,Individual,99,3,Bank Debit,2,1,4,3,8,3,81
2503,Tadiwa Chirume,39,Male,Mutare,Medium,Individual,94,0,Mobile Money,3,4,2,2,4,3,87
2504,Tinashe Masuku,20,Male,Gweru,Medium,Family,108,0,Ecocash,9,3,3,2,5,2,100
2505,Rutendo Mapfumo,37,Male,Harare,Medium,Individual,34,1,Mobile Money,4,2,2,0,3,3,78
2506,Tawanda Ncube,28,Male,Gweru,Low,Individual,107,3,Mobile Money,5,5,4,1,3,2,100
2507,Natsai Mupfumi,41,Female,Marondera,High,Individual,119,4,Bank Debit,9,4,2,0,2,1,100
2508,Kudakwashe Chikowore,37,Female,Masvingo,Medium,Individual,110,3,Bank Debit,2,5,2,2,1,4,83
2509,Prince Mutizwa,59,Male,Kadoma,High,Individual,88,4,Ecocash,7,3,0,1,8,2,88
2510,Shamiso Chiweshe,56,Male,Gweru,High,Individual,57,2,Cash,1,3,3,1,4,2,88
2511,Tanaka Chikore,38,Female,Marondera,Low,Individual,23,0,Mobile Money,5,2,4,1,3,5,87
2512,Rumbidzai Mupfudze,32,Female,Kadoma,Low,Family,90,0,Mobile Money,4,5,0,2,4,2,87
2513,Rutendo Nkomo,18,Female,Kariba,Medium,Individual,78,3,Mobile Money,9,5,0,0,4,2,100
2514,Tafadzwa Mupinga,36,Female,Hwange,High,Individual,12,3,Bank Debit,8,3,1,1,8,3,95
2515,Precious Mutsvangwa,31,Female,Kariba,Medium,Family,75,1,Cash,0,4,2,1,2,3,72
2516,Blessing Chikore,64,Male,Harare,High,Family,73,5,Cash,2,0,2,1,9,3,54
2517,Anesu Mutasa,57,Male,Kadoma,High,Family,96,5,Mobile Money,0,3,0,0,8,4,37
2518,Tadiwa Mhlanga,59,Female,Victoria Falls,Low,Individual,90,2,Ecocash,3,2,2,2,5,1,89
2519,Blessing Mutizwa,58,Male,Hwange,Low,Family,38,3,Mobile Money,2,5,0,0,4,4,61
2520,Prince Mutsvairo,25,Male,Victoria Falls,Medium,Family,15,0,Cash,7,5,0,3,9,2,100
2521,Rutendo Mupunga,24,Female,Kadoma,Low,Family,87,0,Cash,3,3,4,1,4,1,100
2522,Precious Mutasa,58,Female,Kariba,Low,Family,77,1,Cash,6,5,1,3,8,4,91
2523,Tonderai Mpofu,19,Female,Victoria Falls,Low,Individual,87,4,Cash,6,3,0,2,1,3,77
2524,Anesu Nkala,20,Female,Chegutu,Medium,Individual,51,4,Ecocash,4,5,4,1,9,5,100
2525,Shamiso Ncube,41,Female,Bindura,Medium,Individual,80,4,Bank Debit,4,4,4,0,9,5,96
2526,Elton Mashingaidze,33,Male,Gweru,Medium,Family,11,2,Ecocash,4,5,4,0,9,5,100
2527,Takudzwa Nkala,63,Female,Bindura,Medium,Individual,79,1,Bank Debit,4,3,0,3,8,4,57
2528,Brian Chirinda,24,Male,Harare,Low,Family,27,0,Cash,0,2,3,2,5,3,68
2529,Kudzai Mutasa,70,Male,Chitungwiza,Medium,Family,88,1,Ecocash,9,2,3,2,1,1,100
2530,Tariro Nkomo,53,Female,Hwange,Medium,Individual,110,4,Cash,9,0,4,3,1,4,100
2531,Tapiwa Munetsi,73,Male,Chitungwiza,Low,Individual,50,3,Cash,7,5,3,0,7,3,100
2532,Faith Ncube,36,Male,Marondera,Low,Individual,26,5,Mobile Money,7,5,3,3,1,1,100
2533,Rutendo Chikafu,59,Female,Kwekwe,Medium,Family,79,0,Bank Debit,5,5,1,3,2,3,94
2534,Shamiso Dube,21,Female,Mutare,High,Individual,77,2,Bank Debit,0,3,0,3,8,4,37
2535,Taurai Mpofu,56,Male,Kariba,Medium,Individual,110,3,Cash,2,2,1,0,5,1,74
2536,Tariro Mutambara,68,Male,Harare,Medium,Individual,115,3,Bank Debit,2,3,1,1,4,1,81
2537,Brian Chirinda,59,Female,Hwange,Medium,Family,51,4,Mobile Money,8,0,1,2,3,4,66
2538,Tariro Chirinda,22,Male,Chitungwiza,Low,Family,28,1,Mobile Money,7,0,0,0,7,5,43
2539,Nyasha Munyai,45,Female,Bulawayo,Medium,Family,69,1,Bank Debit,3,3,2,2,2,3,80
2540,Faith Mashingaidze,68,Male,Chitungwiza,Medium,Family,53,5,Ecocash,2,3,0,0,7,2,63
2541,Rutendo Masango,21,Male,Bulawayo,Medium,Individual,70,5,Cash,1,0,1,3,5,4,31
2542,Elton Sibanda,56,Female,Kariba,Medium,Individual,12,5,Mobile Money,9,4,0,2,2,3,97
2543,Faith Munyai,25,Male,Victoria Falls,Medium,Family,108,4,Bank Debit,0,4,4,0,2,2,100
2544,Tendekai Munetsi,36,Female,Norton,Medium,Individual,66,2,Cash,6,3,0,1,7,2,83
2545,Faith Mutsvangwa,23,Male,Norton,Medium,Family,81,1,Ecocash,6,3,0,3,1,4,69
2546,Tariro Mpofu,49,Male,Bulawayo,High,Individual,118,1,Bank Debit,5,3,2,0,7,3,90
2547,Blessing Moyo,56,Male,Kwekwe,High,Family,45,4,Cash,8,4,3,2,6,3,100
2548,Tafadzwa Mutambara,52,Female,Bulawayo,Low,Family,78,5,Bank Debit,6,1,1,2,5,4,63
2549,Blessing Mupamhanga,72,Female,Bindura,Medium,Family,54,4,Cash,8,3,1,3,4,3,95
2550,Faith Sibanda,67,Female,Norton,High,Family,11,1,Cash,2,5,0,3,9,2,77
2551,Ashley Chikowore,38,Male,Gweru,Medium,Family,42,4,Cash,8,1,3,1,2,1,100
2552,Clive Chibanda,58,Female,Harare,Medium,Family,12,3,Ecocash,7,0,4,1,6,3,99
2553,Tinashe Mutasa,57,Male,Norton,High,Family,104,0,Cash,7,0,0,1,7,2,67
2554,Tendekai Nkomo,48,Female,Marondera,Low,Family,31,4,Bank Debit,0,3,3,0,1,3,77
2555,Clive Munyai,59,Male,Hwange,High,Family,18,4,Bank Debit,8,1,3,0,3,1,100
2556,Precious Mutsvairo,44,Female,Chitungwiza,Low,Individual,49,4,Ecocash,6,3,4,0,3,3,100
2557,Memory Mapfumo,37,Female,Kariba,Low,Family,118,3,Ecocash,6,4,4,3,5,4,100
2558,Tadiwa Mapfumo,74,Male,Mutare,Low,Individual,68,4,Cash,1,3,2,2,4,3,70
2559,Elton Mutizwa,27,Female,Masvingo,Medium,Individual,34,2,Mobile Money,0,5,2,2,4,2,87
2560,Shingirai Chikafu,20,Female,Kariba,Medium,Family,88,0,Bank Debit,5,3,3,1,9,3,100
2561,Faith Mutsvairo,65,Female,Norton,Low,Family,80,2,Ecocash,0,1,2,1,4,3,51
2562,Melody Munyai,69,Female,Hwange,High,Individual,69,0,Bank Debit,2,2,0,2,8,4,40
2563,Ashley Mashingaidze,33,Female,Marondera,High,Family,94,3,Ecocash,7,0,3,2,7,2,97
2564,Tariro Mashingaidze,39,Female,Kadoma,High,Family,72,0,Cash,3,1,4,1,2,4,78
2565,Faith Mashava,73,Male,Chitungwiza,Medium,Individual,38,3,Mobile Money,0,5,0,2,1,2,69
2566,Melody Moyo,69,Male,Marondera,Low,Individual,113,2,Bank Debit,6,5,0,0,6,3,89
2567,Blessing Mupamhanga,41,Female,Chitungwiza,Low,Individual,110,3,Cash,8,0,1,3,5,1,90
2568,Faith Mpofu,28,Female,Gweru,Medium,Family,93,4,Ecocash,4,5,1,3,4,4,81
2569,Anesu Masuku,46,Female,Victoria Falls,Medium,Family,52,4,Mobile Money,0,1,1,1,8,2,49
2570,Blessing Chiweshe,45,Male,Bulawayo,Medium,Family,49,3,Bank Debit,8,0,0,0,3,3,64
2571,Anesu Chirume,44,Female,Masvingo,Low,Individual,91,2,Cash,7,4,3,2,7,3,100
2572,Kundai Mpofu,18,Male,Kwekwe,Medium,Individual,76,4,Bank Debit,7,4,1,1,8,5,81
2573,Anesu Mashingaidze,44,Male,Kwekwe,Low,Family,16,4,Cash,9,3,1,2,5,2,100
2574,Ashley Mashava,67,Male,Kariba,Low,Individual,45,4,Cash,2,2,2,1,1,1,86
2575,Precious Mashava,26,Male,Mutare,Medium,Individual,31,1,Mobile Money,6,2,3,2,5,3,98
2576,Tonderai Mashava,43,Female,Hwange,Low,Family,25,4,Cash,7,4,3,2,1,3,100
2577,Blessing Matiza,41,Female,Chegutu,Low,Individual,50,3,Ecocash,6,2,4,2,9,1,100
2578,Memory Mupfudze,50,Female,Hwange,Medium,Family,89,3,Mobile Money,0,2,2,1,2,3,58
2579,Shingirai Chikowore,68,Male,Kwekwe,Low,Family,20,1,Cash,6,0,3,0,8,4,76
2580,Shingirai Chirinda,44,Male,Hwange,Low,Individual,27,5,Mobile Money,0,4,3,0,5,2,90
2581,Kundai Chikowore,25,Male,Kwekwe,High,Individual,45,4,Cash,0,2,4,1,9,3,78
2582,Tinotenda Matiza,23,Female,Kadoma,Medium,Family,65,2,Bank Debit,6,4,2,1,1,4,96
2583,Blessing Munetsi,61,Female,Chegutu,Medium,Individual,45,1,Bank Debit,1,4,0,1,5,1,73
2584,Blessing Chibanda,25,Female,Masvingo,Low,Individual,108,0,Cash,0,2,2,0,8,2,66
2585,Takudzwa Mashiri,39,Female,Kwekwe,High,Family,112,2,Ecocash,6,4,4,2,5,1,100
2586,Tawanda Ncube,31,Female,Marondera,Low,Family,113,4,Mobile Money,9,5,4,0,5,5,100
2587,Simbarashe Mupamhanga,44,Male,Mutare,Low,Family,83,2,Cash,9,1,3,2,4,5,90
2588,Faith Matiza,70,Female,Kariba,High,Family,60,0,Cash,1,4,4,1,1,3,99
2589,Blessing Nkala,47,Male,Mutare,High,Individual,59,4,Mobile Money,6,5,4,3,3,3,100
2590,Rumbidzai Chiweshe,69,Male,Gweru,Medium,Individual,118,1,Bank Debit,3,1,3,0,8,5,60
2591,Ashley Munyoro,60,Female,Victoria Falls,High,Family,11,3,Bank Debit,1,1,1,1,4,2,54
2592,Nyarai Mashingaidze,20,Female,Hwange,High,Family,60,1,Bank Debit,9,4,3,2,2,5,100
2593,Tariro Chibanda,21,Male,Bindura,Medium,Family,95,4,Bank Debit,2,5,3,2,2,5,83
2594,Simba Moyo,66,Female,Bulawayo,Medium,Individual,11,4,Ecocash,6,4,3,1,1,4,100
2595,Blessing Mupinga,34,Male,Victoria Falls,Medium,Individual,85,5,Ecocash,6,4,3,2,1,4,100
2596,Shingirai Mupfudze,37,Male,Bulawayo,High,Family,35,2,Cash,5,0,4,3,8,5,73
2597,Kudzai Mupunga,25,Male,Bindura,Medium,Family,81,0,Bank Debit,5,1,2,3,9,5,60
2598,Kundai Chirinda,51,Female,Masvingo,Low,Family,115,5,Bank Debit,0,1,1,0,3,2,49
2599,Nyasha Moyo,47,Male,Norton,Low,Family,73,5,Ecocash,0,5,3,3,9,3,89
2600,Tapiwa Mupinga,42,Female,Harare,High,Family,112,3,Mobile Money,2,3,3,1,1,3,87
2601,Shingirai Nkomo,66,Female,Marondera,Low,Family,117,2,Cash,4,4,1,2,3,3,82
2602,Memory Munyoro,68,Male,Mutare,High,Family,38,0,Mobile Money,6,0,4,2,8,2,100
2603,Prince Mashingaidze,71,Female,Mutare,Low,Family,36,1,Mobile Money,1,1,1,3,4,3,46
2604,Melody Chirume,66,Male,Kwekwe,Low,Family,10,5,Mobile Money,1,5,0,3,4,1,80
2605,Tinotenda Chirume,19,Female,Chegutu,Medium,Individual,31,4,Bank Debit,5,2,1,2,4,4,65
2606,Faith Chikafu,68,Male,Kadoma,High,Individual,49,2,Bank Debit,1,5,1,0,6,2,82
2607,Shamiso Mutasa,38,Male,Chegutu,Low,Family,58,0,Ecocash,3,4,4,0,8,1,100
2608,Tapiwa Mashava,36,Male,Masvingo,Low,Family,40,3,Ecocash,6,1,4,1,3,3,100
2609,Tendekai Mutambara,21,Female,Chegutu,Medium,Family,76,4,Mobile Money,4,5,0,2,6,4,71
2610,Tatenda Mashiri,64,Male,Bulawayo,Low,Individual,34,3,Ecocash,2,4,0,0,5,4,54
2611,Tinotenda Matiza,29,Male,Kwekwe,Low,Family,61,1,Bank Debit,3,4,0,0,1,2,77
2612,Prince Mutizwa,26,Female,Kadoma,Low,Individual,57,0,Bank Debit,8,5,3,3,4,1,100
2613,Kudakwashe Chikafu,36,Male,Kariba,High,Family,21,4,Ecocash,6,5,4,0,3,3,100
2614,Blessing Chiweshe,74,Male,Norton,High,Individual,53,2,Cash,7,5,2,0,6,4,100
2615,Kudzai Nkomo,60,Male,Gweru,Low,Family,22,3,Bank Debit,3,2,4,1,3,5,77
2616,Shingirai Chiweshe,58,Female,Norton,Medium,Family,97,0,Ecocash,7,2,1,0,9,3,83
2617,Simbarashe Mutsvairo,28,Female,Gweru,High,Family,88,0,Ecocash,3,5,0,0,1,1,92
2618,Prince Chikowore,64,Male,Harare,Medium,Individual,46,5,Mobile Money,0,1,0,3,3,2,39
2619,Tariro Sibanda,53,Female,Chitungwiza,Medium,Family,77,0,Mobile Money,8,3,2,1,8,5,89
2620,Shingirai Mapfumo,32,Male,Bindura,High,Family,17,1,Bank Debit,9,3,1,1,5,5,84
2621,Tatenda Mhlanga,24,Female,Chitungwiza,Low,Family,46,5,Cash,7,4,4,3,9,1,100
2622,Tadiwa Chikowore,39,Female,Chegutu,Low,Individual,85,2,Mobile Money,3,3,4,1,2,1,100
2623,Taurai Mutasa,63,Female,Harare,Low,Family,86,5,Mobile Money,5,5,1,2,6,3,94
2624,Rudo Munetsi,60,Male,Norton,Medium,Family,41,2,Ecocash,3,0,3,0,2,2,77
2625,Natsai Mupfumi,32,Male,Hwange,High,Individual,19,2,Mobile Money,7,2,3,2,1,4,97
2626,Ashley Mupfumi,63,Female,Chegutu,High,Family,64,1,Bank Debit,5,3,0,1,1,4,64
2627,Shingirai Mutsvangwa,25,Male,Marondera,Medium,Individual,27,4,Ecocash,3,1,2,2,5,4,58
2628,Fadzai Mashava,36,Female,Chitungwiza,Low,Individual,23,3,Ecocash,4,0,2,0,3,4,56
2629,Tafadzwa Mhlanga,23,Male,Kwekwe,Low,Individual,70,1,Ecocash,3,4,2,0,3,2,95
2630,Taurai Chikwanda,46,Female,Norton,Medium,Individual,84,5,Bank Debit,5,0,0,3,1,3,51
2631,Rudo Mashava,33,Male,Kwekwe,High,Family,44,1,Cash,6,5,2,3,9,3,100
2632,Tonderai Mupfudze,64,Male,Gweru,Low,Family,20,5,Ecocash,9,0,3,2,8,2,100
2633,Prince Mashiri,74,Male,Marondera,Low,Family,112,3,Mobile Money,4,4,0,1,9,1,88
2634,Elton Matiza,60,Male,Victoria Falls,Medium,Family,73,1,Bank Debit,9,2,2,0,6,4,95
2635,Kudakwashe Chikwanda,64,Female,Kariba,Medium,Family,54,1,Cash,4,5,1,3,4,3,89
2636,Brian Mupfumi,74,Male,Chegutu,High,Individual,37,0,Bank Debit,9,2,1,2,8,3,93
2637,Kudakwashe Moyo,33,Male,Bulawayo,Low,Family,73,3,Cash,6,2,2,2,5,4,80
2638,Rumbidzai Ndlovu,27,Female,Victoria Falls,Medium,Individual,71,1,Ecocash,5,2,3,3,7,5,77
2639,Kudakwashe Chikafu,71,Female,Marondera,High,Individual,61,1,Mobile Money,4,1,3,0,1,2,91
2640,Rumbidzai Chikore,33,Female,Norton,High,Family,32,1,Bank Debit,8,2,4,0,6,1,100
2641,Tafadzwa Sibanda,68,Male,Gweru,High,Individual,78,2,Cash,5,4,2,2,9,5,81
2642,Tinashe Dube,45,Female,Victoria Falls,Low,Individual,67,2,Bank Debit,7,4,1,1,1,4,91
2643,Anesu Chikowore,64,Male,Chitungwiza,High,Individual,116,0,Bank Debit,5,4,0,1,3,3,77
2644,Natsai Chikwanda,24,Male,Masvingo,Medium,Family,93,1,Mobile Money,3,1,0,2,3,1,62
2645,Simbarashe Mashingaidze,62,Male,Kwekwe,Low,Family,93,1,Bank Debit,1,2,2,0,3,5,47
2646,Tatenda Mupinga,64,Female,Masvingo,Medium,Individual,104,5,Mobile Money,8,4,4,2,7,2,100
2647,Tadiwa Dube,27,Male,Gweru,High,Family,37,0,Mobile Money,6,2,3,0,1,2,100
2648,Tendai Chikwanda,41,Female,Victoria Falls,Medium,Individual,51,2,Bank Debit,8,3,3,2,3,5,99
2649,Simbarashe Mpofu,65,Female,Chitungwiza,Low,Family,48,2,Ecocash,6,5,3,3,9,1,100
2650,Blessing Mupfumi,67,Male,Chitungwiza,Medium,Individual,25,4,Mobile Money,8,0,0,1,4,3,64
2651,Rutendo Moyo,45,Male,Gweru,Low,Individual,109,1,Bank Debit,1,1,3,1,4,3,66
2652,Memory Chikafu,44,Male,Harare,High,Family,28,0,Cash,2,3,3,1,6,2,93
2653,Takudzwa Munyoro,39,Male,Harare,Low,Family,17,1,Mobile Money,9,1,0,1,1,5,62
2654,Tinashe Nkala,55,Male,Masvingo,High,Individual,57,5,Cash,9,0,1,1,9,4,71
2655,Melody Mutsvairo,30,Female,Chegutu,Medium,Individual,100,5,Ecocash,5,4,1,0,9,5,71
2656,Prince Dube,45,Female,Bulawayo,Medium,Individual,92,3,Mobile Money,2,4,4,2,3,3,100
2657,Clive Ncube,51,Male,Victoria Falls,Medium,Individual,79,5,Cash,5,4,0,2,8,2,85
2658,Tafadzwa Chirume,25,Female,Norton,Low,Individual,83,3,Bank Debit,2,0,4,2,3,4,66
2659,Tafadzwa Chikafu,44,Male,Kwekwe,Low,Individual,81,5,Cash,9,4,1,1,1,5,93
2660,Tendekai Masango,20,Male,Kwekwe,High,Family,21,3,Ecocash,3,2,4,3,5,4,85
2661,Simbarashe Mupunga,61,Male,Mutare,Medium,Family,68,1,Mobile Money,7,4,2,2,6,4,99
2662,Nyasha Chiweshe,19,Female,Bindura,Low,Individual,27,4,Ecocash,5,2,4,0,2,5,87
2663,Simba Ncube,38,Female,Kadoma,Low,Family,93,4,Ecocash,4,1,1,2,3,5,45
2664,Tanaka Chiweshe,58,Male,Chegutu,Low,Individual,77,5,Ecocash,9,3,3,2,4,1,100
2665,Tadiwa Chirinda,39,Female,Kwekwe,High,Family,13,3,Cash,5,4,0,1,6,4,69
2666,Nyarai Mpofu,73,Male,Marondera,Low,Individual,55,2,Ecocash,8,1,1,3,4,3,81
2667,Tadiwa Mutambara,59,Male,Gweru,High,Individual,28,0,Mobile Money,4,3,3,3,6,1,100
2668,Tendekai Mashingaidze,39,Female,Bulawayo,Medium,Family,57,5,Ecocash,4,1,4,2,4,5,75
2669,Natsai Mutizwa,24,Male,Bulawayo,High,Family,42,0,Bank Debit,6,0,4,2,3,4,86
2670,Tendekai Sibanda,33,Male,Victoria Falls,High,Family,16,4,Cash,8,2,2,2,9,5,82
2671,Nyasha Ncube,39,Male,Kwekwe,High,Family,95,2,Cash,3,0,3,2,3,1,85
2672,Tadiwa Chikore,19,Female,Harare,Medium,Family,43,3,Bank Debit,1,2,2,0,5,1,79
2673,Elton Mupunga,41,Male,Gweru,High,Family,38,1,Mobile Money,1,5,4,3,6,3,100
2674,Rumbidzai Mashiri,60,Male,Chegutu,High,Individual,37,3,Bank Debit,0,2,4,0,8,4,70
2675,Rutendo Chirinda,21,Male,Mutare,High,Individual,61,3,Mobile Money,0,3,2,1,4,1,81
2676,Clive Matiza,34,Male,Gweru,High,Family,62,5,Mobile Money,6,4,0,0,8,5,66
2677,Tawanda Ncube,70,Male,Norton,High,Individual,113,2,Mobile Money,5,1,4,2,6,4,88
2678,Tadiwa Munyai,54,Female,Kadoma,High,Individual,101,1,Cash,4,2,2,3,6,2,86
2679,Clive Chirume,27,Female,Mutare,Low,Family,108,0,Mobile Money,3,3,3,0,9,2,98
2680,Natsai Munyoro,72,Male,Marondera,High,Individual,55,1,Bank Debit,7,2,0,2,2,4,65
2681,Tinashe Mupfumi,70,Female,Masvingo,Medium,Family,106,4,Cash,0,3,0,3,3,2,53
2682,Tendekai Dube,53,Female,Chegutu,Medium,Individual,86,1,Bank Debit,0,3,4,2,1,3,87
2683,Anesu Chibanda,41,Female,Chegutu,Medium,Individual,106,3,Mobile Money,9,5,2,0,6,3,100
2684,Tawanda Sibanda,23,Male,Bulawayo,High,Individual,78,5,Mobile Money,2,5,0,1,3,1,85
2685,Memory Nkala,29,Male,Chitungwiza,High,Individual,107,1,Mobile Money,6,2,2,3,2,3,88
2686,Tafadzwa Masuku,23,Male,Gweru,Low,Individual,99,4,Cash,6,0,0,2,1,4,48
2687,Tendai Mutasa,26,Male,Harare,High,Individual,96,1,Cash,8,3,3,2,9,3,100
2688,Taurai Masuku,48,Male,Bulawayo,Low,Family,86,1,Bank Debit,5,5,0,0,4,2,92
2689,Tanaka Sibanda,18,Male,Mutare,High,Individual,65,2,Bank Debit,4,0,0,2,9,4,36
2690,Shingirai Mupoperi,54,Female,Gweru,High,Family,43,4,Ecocash,2,5,1,0,9,3,79
2691,Faith Chirinda,42,Female,Harare,High,Individual,29,5,Bank Debit,9,5,0,3,2,2,100
2692,Kudakwashe Chirinda,60,Male,Hwange,Low,Family,95,5,Ecocash,2,5,3,2,1,2,100
2693,Clive Chikore,58,Male,Kariba,Low,Individual,46,1,Cash,0,0,4,3,8,1,80
2694,Elton Munetsi,67,Female,Norton,High,Individual,46,5,Mobile Money,2,4,0,1,3,4,54
2695,Takudzwa Chibanda,44,Male,Harare,Low,Family,109,4,Bank Debit,6,1,4,3,3,5,85
2696,Shingirai Mashava,22,Female,Mutare,Low,Individual,34,1,Ecocash,4,5,0,1,3,4,71
2697,Memory Chigumba,48,Male,Kwekwe,Low,Family,113,5,Bank Debit,6,4,4,3,2,2,100
2698,Nyasha Mpofu,34,Female,Bulawayo,High,Individual,42,2,Ecocash,2,3,0,1,5,2,63
2699,Faith Mupinga,55,Male,Chegutu,High,Individual,44,0,Bank Debit,9,2,2,1,4,5,87
2700,Takudzwa Mupfumi,43,Male,Mutare,Medium,Individual,46,1,Bank Debit,5,4,4,2,9,4,100
2701,Tatenda Mupoperi,58,Male,Harare,High,Individual,98,4,Cash,2,1,1,0,6,2,59
2702,Tariro Ndlovu,50,Male,Mutare,Low,Individual,109,3,Cash,8,1,0,1,1,2,81
2703,Tapiwa Masuku,41,Male,Chegutu,Medium,Individual,35,1,Cash,4,2,0,0,5,4,50
2704,Simbarashe Chiweshe,49,Female,Masvingo,Low,Family,17,5,Mobile Money,4,4,2,0,2,2,100
2705,Kudakwashe Sibanda,20,Female,Chitungwiza,Medium,Individual,96,5,Mobile Money,1,5,0,2,1,3,66
2706,Prince Matiza,24,Female,Victoria Falls,High,Family,89,3,Bank Debit,5,5,2,1,1,4,98
2707,Tanaka Chikowore,61,Female,Norton,Medium,Individual,83,1,Mobile Money,2,1,4,3,4,4,73
2708,Simbarashe Mutizwa,50,Female,Gweru,High,Individual,112,3,Ecocash,6,1,2,0,3,4,73
2709,Tanaka Mutizwa,37,Male,Gweru,High,Individual,55,0,Mobile Money,7,4,0,2,7,2,95
2710,Taurai Mashingaidze,29,Male,Harare,High,Individual,31,1,Ecocash,6,3,0,2,2,2,83
2711,Kudzai Mutizwa,31,Female,Hwange,High,Individual,23,1,Mobile Money,8,5,1,2,7,4,100
2712,Tinashe Mupfudze,56,Female,Victoria Falls,Low,Individual,28,2,Mobile Money,0,3,2,3,1,5,51
2713,Tinashe Chibanda,36,Male,Harare,Low,Individual,101,5,Ecocash,3,5,0,0,4,1,90
2714,Rudo Mupfudze,28,Female,Bindura,Medium,Family,44,0,Ecocash,5,1,3,3,8,3,86
2715,Kudakwashe Mashingaidze,42,Female,Masvingo,Low,Family,51,5,Bank Debit,8,2,0,0,3,3,78
2716,Fadzai Nkala,39,Male,Gweru,Low,Individual,88,3,Mobile Money,5,4,2,1,7,5,81
2717,Rudo Mataruse,27,Female,Kariba,High,Individual,91,3,Ecocash,5,2,2,3,2,3,83
2718,Ashley Chiweshe,59,Female,Gweru,High,Individual,53,1,Cash,9,2,3,3,7,1,100
2719,Takudzwa Munyai,74,Female,Mutare,Low,Individual,93,2,Cash,1,5,1,0,3,1,90
2720,Tinotenda Mutsvairo,68,Male,Bulawayo,Medium,Family,16,4,Cash,4,5,3,1,8,1,100
2721,Taurai Chikafu,63,Female,Harare,High,Individual,113,0,Bank Debit,7,5,4,1,4,5,100
2722,Tapiwa Mupfudze,70,Female,Chitungwiza,Medium,Family,93,1,Mobile Money,0,4,4,3,3,4,84
2723,Kundai Chirinda,20,Female,Mutare,High,Family,52,2,Cash,4,3,2,0,5,5,69
2724,Anesu Mhlanga,39,Female,Bulawayo,High,Individual,113,3,Mobile Money,2,4,2,3,2,5,66
2725,Tatenda Mutambara,29,Female,Masvingo,Medium,Individual,114,0,Ecocash,8,3,0,2,2,1,100
2726,Takudzwa Mupfudze,36,Male,Marondera,Low,Family,94,3,Cash,3,1,1,2,5,3,56
2727,Prince Chikwanda,59,Male,Harare,Medium,Individual,90,3,Bank Debit,3,4,4,2,8,5,91
2728,Kundai Chirume,57,Male,Harare,Medium,Family,76,3,Cash,1,0,3,2,6,3,59
2729,Nyarai Chikwanda,44,Female,Bindura,Low,Individual,73,4,Bank Debit,5,5,2,2,7,4,96
2730,Taurai Mashiri,40,Male,Victoria Falls,Low,Family,70,0,Bank Debit,9,1,4,0,2,1,100
2731,Brian Munetsi,46,Male,Chegutu,High,Individual,67,1,Cash,4,3,4,0,5,2,100
2732,Shingirai Chikore,74,Male,Chegutu,High,Family,66,4,Mobile Money,9,2,0,0,1,5,69
2733,Prince Mutasa,45,Female,Norton,Low,Family,109,1,Ecocash,9,3,1,2,3,2,100
2734,Tanaka Chigumba,24,Male,Hwange,Medium,Individual,42,5,Bank Debit,6,3,0,3,3,3,75
2735,Kudzai Chigumba,24,Female,Kariba,Medium,Family,100,4,Bank Debit,2,4,2,0,1,2,92
2736,Tendai Chirume,29,Male,Chegutu,Low,Individual,113,4,Bank Debit,2,1,0,3,5,2,49
2737,Blessing Mutsvangwa,21,Female,Hwange,Low,Individual,91,0,Mobile Money,2,4,4,2,9,4,94
2738,Tafadzwa Chirinda,69,Male,Victoria Falls,Low,Family,113,1,Mobile Money,1,0,2,2,5,1,65
2739,Tawanda Mutizwa,25,Male,Bulawayo,Medium,Individual,52,1,Bank Debit,9,5,4,1,1,2,100
2740,Nyasha Mataruse,62,Male,Kariba,Medium,Individual,51,4,Bank Debit,7,3,4,3,4,5,100
2741,Blessing Chibanda,73,Male,Mutare,Low,Individual,82,1,Cash,7,5,1,1,9,4,96
2742,Simbarashe Mutizwa,64,Female,Kariba,High,Individual,47,2,Ecocash,3,3,4,2,3,3,100
2743,Faith Sibanda,34,Female,Bindura,Low,Family,117,2,Cash,1,5,0,3,9,1,80
2744,Clive Mupinga,49,Male,Chegutu,Medium,Individual,57,2,Bank Debit,4,4,1,3,6,5,66
2745,Takudzwa Mashava,45,Male,Marondera,High,Individual,103,2,Bank Debit,9,1,2,3,6,3,96
2746,Memory Mhlanga,51,Female,Bulawayo,Low,Individual,38,2,Cash,4,3,1,1,9,3,75
2747,Kudzai Chiweshe,43,Female,Norton,Low,Family,57,5,Mobile Money,0,1,0,2,4,3,31
2748,Kundai Matiza,62,Male,Bulawayo,Medium,Family,85,4,Ecocash,3,3,2,1,2,3,80
2749,Taurai Mutsvairo,24,Female,Marondera,Medium,Individual,25,2,Mobile Money,0,4,2,0,2,5,56
2750,Anesu Mutambara,53,Female,Marondera,High,Individual,98,1,Mobile Money,6,4,0,0,4,1,98
2751,Rudo Mupunga,40,Male,Marondera,Low,Family,106,4,Bank Debit,9,1,2,2,7,3,96
2752,Tapiwa Chikowore,65,Male,Bulawayo,Medium,Family,18,1,Mobile Money,3,5,1,3,6,2,92
2753,Faith Ndlovu,18,Female,Gweru,Low,Individual,100,2,Cash,4,5,3,1,5,4,100
2754,Tendai Mutsvangwa,63,Female,Kadoma,High,Family,75,3,Ecocash,1,4,3,3,6,1,100
2755,Simba Mupunga,22,Male,Gweru,Medium,Family,70,2,Ecocash,5,0,1,0,1,1,77
2756,Tawanda Chiweshe,30,Female,Mutare,Medium,Family,117,5,Cash,5,4,0,0,1,3,79
2757,Shamiso Mashingaidze,59,Female,Marondera,Low,Individual,10,4,Mobile Money,6,5,0,3,2,2,97
2758,Fadzai Chikafu,50,Male,Gweru,Medium,Individual,89,2,Bank Debit,2,0,0,2,7,2,42
2759,Anesu Ndlovu,59,Female,Marondera,High,Individual,58,4,Mobile Money,9,5,1,3,8,4,100
2760,Anesu Dube,70,Female,Chitungwiza,High,Family,29,2,Mobile Money,2,5,3,1,6,4,91
2761,Clive Chigumba,68,Female,Chitungwiza,Medium,Family,62,2,Mobile Money,3,3,2,2,1,2,90
2762,Tinashe Mutambara,47,Male,Gweru,Low,Individual,34,1,Mobile Money,2,0,3,3,5,5,48
2763,Tadiwa Masuku,47,Female,Kariba,Low,Individual,93,4,Mobile Money,5,1,4,3,5,5,80
2764,Farai Sibanda,73,Male,Gweru,Low,Individual,106,3,Cash,3,3,3,1,8,4,82
2765,Rumbidzai Moyo,53,Female,Kadoma,High,Family,40,4,Ecocash,1,4,4,2,1,4,91
2766,Ashley Ndlovu,29,Male,Gweru,High,Individual,41,0,Cash,9,0,3,2,3,1,100
2767,Tendekai Munetsi,57,Male,Chitungwiza,High,Individual,82,0,Cash,2,0,3,3,3,1,80
2768,Tonderai Mupfumi,74,Female,Chegutu,Medium,Family,94,1,Bank Debit,9,0,1,1,3,3,79
2769,Tonderai Chibanda,40,Female,Hwange,Medium,Family,47,1,Mobile Money,5,3,4,1,6,5,94
2770,Faith Chikowore,61,Female,Chitungwiza,Low,Family,37,2,Cash,1,5,0,0,7,4,56
2771,Takudzwa Mashava,63,Female,Kariba,Medium,Individual,72,3,Mobile Money,1,2,1,0,7,3,53
2772,Shamiso Mupamhanga,25,Female,Norton,Medium,Individual,76,5,Ecocash,4,3,3,0,3,4,87
2773,Tariro Mashingaidze,60,Male,Chegutu,Low,Family,83,5,Cash,3,1,1,3,9,4,48
2774,Taurai Mhlanga,41,Male,Masvingo,Low,Family,18,4,Ecocash,6,0,0,1,3,1,70
2775,Tonderai Mataruse,69,Female,Norton,Medium,Family,50,5,Ecocash,7,5,1,2,5,3,100
2776,Brian Chikafu,37,Female,Mutare,High,Individual,89,5,Cash,3,0,2,2,2,4,51
2777,Rumbidzai Matiza,56,Male,Chitungwiza,Medium,Individual,34,0,Ecocash,0,3,1,2,2,3,55
2778,Prince Masango,37,Female,Hwange,Medium,Family,16,4,Cash,9,2,2,1,1,1,100
2779,Memory Mutsvairo,43,Male,Kwekwe,High,Family,52,1,Ecocash,4,3,4,3,7,2,100
2780,Tendai Nkomo,25,Female,Kariba,High,Individual,78,4,Cash,2,0,0,0,2,4,26
2781,Melody Mutizwa,37,Male,Bindura,Low,Family,24,0,Bank Debit,9,0,3,2,3,5,83
2782,Shingirai Chirume,39,Female,Chitungwiza,Medium,Family,21,2,Mobile Money,1,4,1,3,7,4,59
2783,Kundai Moyo,18,Female,Bindura,Low,Individual,45,3,Bank Debit,6,0,0,1,5,5,38
2784,Faith Mapfumo,72,Female,Mutare,High,Family,94,1,Bank Debit,5,2,0,2,1,2,73
2785,Natsai Mataruse,21,Female,Chitungwiza,High,Individual,41,2,Bank Debit,7,5,3,2,2,3,100
2786,Taurai Mutizwa,69,Male,Bulawayo,Medium,Family,91,3,Mobile Money,8,4,2,0,3,5,96
2787,Rutendo Chigumba,18,Female,Kariba,Low,Individual,87,5,Ecocash,7,1,2,2,6,3,86
2788,Precious Mutambara,72,Male,Kadoma,Medium,Family,100,0,Bank Debit,2,5,2,2,8,2,97
2789,Simbarashe Chigumba,72,Male,Gweru,Medium,Family,21,5,Cash,2,0,1,2,1,3,46
2790,Brian Ndlovu,18,Female,Chitungwiza,Low,Family,108,1,Mobile Money,7,1,2,3,6,2,94
2791,Nyasha Mataruse,62,Female,Kwekwe,Low,Family,17,5,Bank Debit,3,4,2,0,7,5,71
2792,Tinashe Chirume,35,Male,Kadoma,Low,Family,81,1,Cash,5,0,4,1,5,5,73
2793,Kudzai Mutsvangwa,73,Male,Bindura,Medium,Family,94,1,Mobile Money,0,4,1,2,8,1,78
2794,Tinotenda Matiza,55,Male,Chegutu,Medium,Individual,57,5,Mobile Money,7,5,3,0,1,5,100
2795,Tafadzwa Chikowore,64,Male,Marondera,High,Family,35,4,Cash,9,2,1,3,2,5,77
2796,Tawanda Mashiri,42,Male,Bulawayo,Low,Individual,83,5,Ecocash,7,3,3,2,6,2,100
2797,Tanaka Nkomo,65,Male,Marondera,High,Family,54,4,Bank Debit,9,1,4,1,1,3,100
2798,Memory Dube,61,Female,Gweru,Low,Family,95,3,Mobile Money,2,2,0,1,9,1,64
2799,Faith Masango,28,Female,Kwekwe,Low,Family,41,1,Mobile Money,7,5,4,0,1,1,100
2800,Blessing Munetsi,21,Female,Kadoma,Low,Individual,67,2,Mobile Money,8,4,0,1,1,3,94
2801,Tendai Mupunga,66,Male,Bindura,Low,Family,46,0,Mobile Money,8,4,2,1,1,4,100
2802,Melody Chigumba,42,Female,Kariba,Medium,Family,40,3,Bank Debit,0,0,4,3,4,4,56
2803,Kudakwashe Masuku,40,Female,Kwekwe,Medium,Family,100,1,Mobile Money,6,5,4,1,7,2,100
2804,Blessing Mupfudze,62,Female,Bulawayo,Medium,Individual,93,0,Ecocash,7,0,0,3,5,4,51
2805,Tawanda Mupfudze,20,Female,Victoria Falls,Low,Individual,17,5,Ecocash,0,3,3,1,5,1,91
2806,Clive Mataruse,40,Male,Gweru,Medium,Individual,86,4,Ecocash,5,1,4,0,9,5,80
2807,Taurai Matiza,51,Female,Kadoma,Low,Family,14,4,Cash,3,0,4,1,9,1,95
2808,Rumbidzai Chirume,74,Female,Bulawayo,Medium,Individual,32,2,Cash,9,0,3,3,3,1,100
2809,Simbarashe Sibanda,28,Male,Chitungwiza,Low,Family,54,1,Bank Debit,7,1,4,0,9,5,90
2810,Farai Mapfumo,65,Female,Masvingo,High,Family,96,1,Bank Debit,3,2,3,1,9,5,67
2811,Clive Chiweshe,24,Male,Hwange,Medium,Family,105,1,Mobile Money,7,2,3,0,6,5,87
2812,Nyasha Mpofu,73,Female,Bindura,High,Family,84,2,Ecocash,1,1,2,3,7,4,48
2813,Tawanda Mupamhanga,24,Female,Kadoma,Medium,Individual,18,1,Cash,8,1,2,1,4,5,75
2814,Rumbidzai Chikafu,34,Male,Norton,Medium,Individual,57,1,Mobile Money,5,0,3,2,5,2,87
2815,Fadzai Mhlanga,56,Male,Mutare,Low,Family,34,0,Bank Debit,9,3,2,1,5,5,94
2816,Rudo Mupunga,52,Female,Bulawayo,Medium,Individual,19,1,Ecocash,3,2,3,1,1,4,77
2817,Anesu Mashiri,24,Male,Bulawayo,Low,Family,20,0,Bank Debit,9,0,3,1,3,4,91
2818,Tanaka Chirinda,50,Female,Kadoma,Medium,Individual,27,5,Cash,3,1,4,2,3,2,94
2819,Fadzai Sibanda,52,Female,Hwange,Low,Family,105,2,Cash,1,5,2,2,7,3,84
2820,Elton Mupunga,71,Male,Victoria Falls,High,Family,112,1,Cash,0,5,3,3,4,4,81
2821,Tendai Mupunga,27,Male,Chegutu,Low,Individual,58,3,Ecocash,0,3,4,2,8,5,69
2822,Tonderai Mupinga,56,Male,Bulawayo,High,Family,64,1,Mobile Money,1,1,0,2,5,3,36
2823,Clive Masuku,43,Female,Hwange,Low,Family,20,5,Ecocash,7,4,1,2,3,3,97
2824,Tadiwa Mataruse,47,Male,Bulawayo,High,Family,30,0,Mobile Money,7,4,2,0,2,3,100
2825,Simba Mupfumi,67,Male,Harare,High,Individual,57,3,Bank Debit,2,4,2,2,7,4,74
2826,Brian Ncube,52,Male,Bulawayo,High,Family,55,3,Ecocash,5,3,0,1,8,1,86
2827,Tendekai Chirinda,40,Female,Kariba,High,Individual,29,5,Cash,3,3,2,0,8,5,64
2828,Tariro Mupfumi,48,Male,Chegutu,High,Individual,37,2,Ecocash,6,1,3,0,5,1,100
2829,Taurai Mashava,36,Male,Bulawayo,Medium,Family,70,5,Mobile Money,5,5,0,2,3,2,92
2830,Nyarai Mutasa,57,Female,Victoria Falls,High,Family,67,2,Mobile Money,8,2,4,0,2,5,100
2831,Simbarashe Chikwanda,18,Male,Harare,Low,Family,112,0,Ecocash,3,2,3,1,2,2,91
2832,Kundai Masuku,55,Female,Kwekwe,Medium,Individual,87,3,Bank Debit,7,1,4,2,9,5,90
2833,Natsai Mpofu,65,Male,Chitungwiza,Medium,Family,92,3,Cash,7,4,3,1,2,5,100
2834,Shingirai Moyo,23,Male,Chitungwiza,Medium,Individual,17,2,Cash,9,4,0,2,5,3,97
2835,Precious Ncube,40,Female,Kadoma,Low,Family,109,5,Bank Debit,7,3,1,0,6,4,82
2836,Natsai Mutsvangwa,19,Male,Bulawayo,High,Individual,97,3,Mobile Money,1,1,0,3,2,5,20
2837,Rudo Mashava,35,Male,Harare,Low,Family,60,4,Ecocash,6,4,2,3,4,5,86
2838,Simba Mupfumi,51,Male,Mutare,Low,Family,49,0,Bank Debit,5,4,0,1,1,2,87
2839,Prince Chikafu,35,Male,Bindura,Medium,Family,111,0,Bank Debit,6,2,2,2,6,5,72
2840,Kudakwashe Munyai,51,Female,Bindura,Medium,Family,114,2,Cash,6,2,4,0,9,1,100
2841,Fadzai Mupunga,24,Female,Kadoma,Low,Family,25,4,Mobile Money,1,0,2,1,4,4,41
2842,Nyarai Sibanda,21,Male,Chegutu,Medium,Family,101,0,Bank Debit,0,3,1,0,8,1,71
2843,Tafadzwa Mupoperi,43,Female,Norton,Medium,Individual,32,1,Bank Debit,2,4,1,3,8,2,80
2844,Tanaka Mutsvairo,52,Male,Bindura,High,Individual,84,5,Mobile Money,4,3,1,3,6,2,83
2845,Tinashe Sibanda,46,Male,Hwange,High,Family,37,0,Mobile Money,8,3,0,3,7,4,77
2846,Shamiso Chibanda,60,Male,Chegutu,High,Family,60,0,Cash,6,4,0,0,7,2,90
2847,Kudzai Moyo,32,Male,Chegutu,Medium,Family,43,3,Cash,0,5,1,0,7,1,85
2848,Anesu Mapfumo,60,Female,Gweru,High,Family,29,0,Bank Debit,6,3,0,3,8,5,59
2849,Precious Mupoperi,24,Male,Norton,High,Family,30,2,Ecocash,1,2,2,3,4,1,79
2850,Nyarai Nkomo,62,Female,Chegutu,Medium,Individual,25,4,Mobile Money,3,3,1,3,8,2,78
2851,Tadiwa Sibanda,58,Male,Kwekwe,High,Family,10,1,Bank Debit,8,0,1,1,2,5,58
2852,Rudo Masango,64,Male,Kadoma,Low,Individual,35,3,Cash,5,5,4,0,2,1,100
2853,Fadzai Mupfumi,54,Male,Masvingo,Medium,Individual,35,0,Ecocash,0,1,1,0,9,5,25
2854,Rutendo Chirume,35,Female,Hwange,Low,Family,31,2,Ecocash,0,1,0,2,7,1,47
2855,Tendai Chibanda,65,Male,Victoria Falls,Medium,Individual,60,4,Ecocash,4,1,2,2,1,5,57
2856,Rutendo Moyo,32,Female,Bindura,Medium,Individual,40,5,Cash,1,5,4,1,7,3,100
2857,Prince Mapfumo,57,Female,Kwekwe,High,Family,67,4,Bank Debit,7,1,2,1,5,4,78
2858,Kundai Chikwanda,60,Male,Mutare,Low,Individual,45,5,Mobile Money,7,4,1,1,7,2,100
2859,Shamiso Mashingaidze,28,Female,Gweru,Medium,Individual,72,1,Mobile Money,2,5,3,0,9,4,91
2860,Tendai Nkomo,57,Male,Gweru,Low,Individual,111,4,Mobile Money,0,5,2,1,3,1,95
2861,Faith Mupamhanga,47,Male,Norton,Low,Family,82,5,Mobile Money,8,2,2,0,7,2,100
2862,Elton Chiweshe,29,Female,Norton,Low,Family,69,5,Bank Debit,9,2,4,1,9,2,100
2863,Kudakwashe Mataruse,28,Male,Bindura,Medium,Individual,34,1,Bank Debit,3,1,4,0,9,4,78
2864,Blessing Nkala,51,Male,Chitungwiza,Low,Family,82,0,Bank Debit,5,1,3,3,1,1,100
2865,Nyarai Dube,44,Male,Kadoma,High,Family,91,5,Ecocash,9,5,3,2,2,5,100
2866,Natsai Mpofu,22,Female,Victoria Falls,High,Family,48,4,Cash,5,5,0,1,9,4,76
2867,Farai Masuku,51,Male,Marondera,Medium,Family,74,5,Bank Debit,9,0,4,2,1,5,95
2868,Kundai Sibanda,34,Male,Bulawayo,High,Family,84,0,Bank Debit,9,1,3,1,6,1,100
2869,Tanaka Mupamhanga,69,Female,Kadoma,Low,Individual,16,4,Mobile Money,1,0,0,3,5,2,37
2870,Natsai Masuku,33,Female,Kariba,High,Family,34,5,Bank Debit,2,1,2,0,9,5,45
2871,Kudzai Nkomo,32,Male,Kariba,Medium,Family,16,0,Mobile Money,4,5,4,2,9,5,100
2872,Ashley Mhlanga,35,Female,Mutare,Medium,Individual,38,5,Bank Debit,7,3,1,0,9,4,82
2873,Shamiso Mashiri,32,Female,Norton,Low,Individual,13,0,Mobile Money,4,4,0,1,7,5,56
2874,Rumbidzai Chirume,52,Female,Chitungwiza,High,Family,21,3,Mobile Money,8,5,0,1,8,4,91
2875,Simbarashe Masuku,33,Male,Kariba,Low,Individual,60,1,Bank Debit,9,1,3,0,7,5,90
2876,Nyasha Mutizwa,62,Female,Kariba,Medium,Family,56,2,Mobile Money,8,3,2,2,4,3,100
2877,Ashley Mhlanga,57,Male,Kariba,High,Individual,111,1,Ecocash,8,4,3,2,8,5,100
2878,Farai Masuku,29,Male,Marondera,Medium,Individual,21,2,Mobile Money,5,4,0,0,4,2,85
2879,Farai Chiweshe,32,Male,Victoria Falls,High,Individual,113,3,Ecocash,3,4,1,0,1,2,87
2880,Brian Mupfudze,54,Female,Norton,High,Individual,108,3,Cash,0,5,0,0,5,3,59
2881,Nyasha Mashiri,59,Male,Masvingo,Low,Individual,30,3,Bank Debit,1,0,4,3,4,2,77
2882,Kudakwashe Mhlanga,37,Female,Kwekwe,Low,Individual,23,0,Cash,6,0,1,2,9,2,72
2883,Simba Mupunga,31,Male,Bindura,High,Individual,52,3,Mobile Money,8,0,0,1,3,1,80
2884,Kudzai Ndlovu,46,Male,Harare,High,Family,110,5,Cash,3,2,1,3,9,2,71
2885,Rudo Ncube,51,Female,Chegutu,Medium,Family,113,5,Mobile Money,9,1,1,1,3,1,100
2886,Clive Masuku,66,Male,Marondera,Low,Individual,44,4,Ecocash,1,2,4,3,4,3,83
2887,Nyarai Masuku,28,Female,Masvingo,Medium,Individual,20,1,Ecocash,8,4,4,2,9,3,100
2888,Tendekai Nkomo,29,Female,Bulawayo,High,Individual,92,2,Cash,5,4,0,3,5,3,77
2889,Tatenda Ndlovu,31,Female,Kadoma,Low,Individual,30,0,Mobile Money,9,0,4,3,6,1,100
2890,Anesu Mashiri,40,Female,Kadoma,Medium,Family,19,2,Ecocash,9,3,4,3,8,1,100
2891,Kudakwashe Chikowore,56,Male,Hwange,Low,Individual,60,2,Mobile Money,6,4,1,3,9,2,100
2892,Prince Nkomo,56,Male,Gweru,High,Individual,31,2,Bank Debit,9,4,1,0,5,2,100
2893,Shamiso Mutasa,62,Female,Bulawayo,Low,Individual,95,5,Mobile Money,5,1,2,2,8,4,68
2894,Tendai Mhlanga,52,Male,Bindura,High,Individual,16,4,Bank Debit,9,1,0,0,9,2,84
2895,Takudzwa Nkomo,61,Male,Norton,High,Family,49,0,Ecocash,3,4,1,1,1,2,87
2896,Ashley Mupfudze,62,Male,Chegutu,Low,Family,77,4,Ecocash,3,3,2,1,3,5,64
2897,Farai Chikwanda,23,Female,Mutare,High,Individual,79,1,Ecocash,3,3,0,0,8,5,44
2898,Nyarai Mupunga,29,Male,Gweru,Low,Family,29,3,Ecocash,9,2,4,0,3,5,100
2899,Elton Mashingaidze,28,Male,Kariba,High,Family,27,3,Ecocash,1,2,3,1,8,3,73
2900,Rutendo Chikwanda,67,Female,Kadoma,Medium,Family,31,0,Cash,6,5,3,3,8,5,100
2901,Faith Munetsi,52,Female,Hwange,Medium,Individual,108,3,Bank Debit,7,1,4,1,1,4,100
2902,Anesu Sibanda,19,Female,Mutare,Medium,Family,54,2,Cash,6,2,1,3,9,1,94
2903,Takudzwa Mpofu,29,Female,Kariba,High,Family,63,1,Mobile Money,9,4,4,2,4,1,100
2904,Tanaka Mhlanga,40,Male,Gweru,High,Individual,55,1,Ecocash,8,4,1,1,9,2,100
2905,Nyarai Mupamhanga,60,Male,Hwange,Low,Family,42,5,Bank Debit,1,5,0,1,4,2,72
2906,Memory Mpofu,54,Female,Bindura,Low,Individual,72,5,Ecocash,6,5,2,1,9,1,100
2907,Fadzai Chikafu,62,Male,Kariba,Low,Family,29,4,Mobile Money,3,5,0,0,8,1,90
2908,Elton Mutsvairo,53,Female,Gweru,High,Family,104,0,Ecocash,3,1,1,2,5,4,48
2909,Tendekai Chikafu,57,Male,Victoria Falls,Low,Family,61,1,Cash,6,4,4,1,4,2,100
2910,Shingirai Mataruse,63,Male,Harare,Low,Individual,25,5,Cash,2,4,2,1,9,4,74
2911,Tonderai Mutsvairo,29,Male,Kariba,Medium,Family,37,5,Cash,3,4,1,1,2,3,77
2912,Nyarai Mupamhanga,49,Male,Bindura,Low,Individual,118,0,Ecocash,6,0,4,0,3,2,100
2913,Kudzai Mupinga,29,Female,Kariba,Low,Individual,89,2,Ecocash,4,1,0,2,9,2,59
2914,Melody Masuku,39,Female,Norton,Medium,Family,58,2,Ecocash,1,5,4,1,2,2,100
2915,Tafadzwa Mupfumi,21,Female,Kwekwe,High,Family,52,5,Ecocash,7,4,0,1,2,1,100
2916,Tafadzwa Masuku,58,Male,Mutare,Medium,Individual,24,5,Cash,4,5,1,2,3,2,97
2917,Precious Mupfudze,27,Female,Mutare,High,Individual,14,2,Bank Debit,6,4,3,3,9,3,100
2918,Shingirai Mutizwa,29,Female,Bindura,Low,Family,58,4,Cash,5,1,3,0,9,2,94
2919,Tinashe Mupfudze,36,Female,Masvingo,High,Individual,10,0,Cash,2,5,1,0,6,1,95
2920,Memory Sibanda,48,Male,Kariba,High,Family,15,5,Ecocash,8,3,0,2,4,5,69
2921,Simbarashe Mapfumo,31,Male,Mutare,Low,Individual,17,5,Bank Debit,7,4,1,2,6,2,100
2922,Simba Mashiri,62,Male,Norton,High,Individual,63,5,Mobile Money,1,4,3,1,4,3,87
2923,Shamiso Mupfumi,47,Female,Marondera,High,Family,75,5,Bank Debit,6,1,1,0,2,4,63
2924,Shamiso Chigumba,22,Female,Norton,Medium,Individual,69,4,Ecocash,6,2,2,0,6,5,72
2925,Tendai Mashiri,41,Male,Masvingo,High,Individual,29,0,Mobile Money,4,3,2,1,9,5,69
2926,Farai Chikore,42,Male,Bindura,Medium,Family,115,0,Cash,9,2,3,3,4,1,100
2927,Anesu Mupamhanga,46,Female,Hwange,High,Individual,10,2,Mobile Money,4,5,0,1,9,3,79
2928,Kudakwashe Mupfudze,67,Male,Bulawayo,Medium,Individual,91,5,Bank Debit,4,5,4,3,9,1,100
2929,Prince Matiza,43,Female,Hwange,Medium,Family,103,4,Bank Debit,2,5,0,1,3,5,53
2930,Tendekai Chigumba,45,Female,Norton,Low,Family,65,1,Bank Debit,1,0,1,1,6,1,55
2931,Rutendo Chirume,49,Female,Norton,Low,Family,43,2,Mobile Money,4,1,1,2,8,3,61
2932,Farai Ndlovu,43,Female,Gweru,Medium,Family,39,3,Bank Debit,1,5,3,1,8,3,94
2933,Faith Mupoperi,52,Male,Norton,High,Family,36,5,Mobile Money,4,0,0,2,5,1,60
2934,Takudzwa Mashava,23,Male,Kwekwe,High,Individual,43,0,Bank Debit,4,3,4,1,5,4,97
2935,Kundai Mapfumo,41,Female,Chitungwiza,Low,Individual,56,5,Ecocash,4,4,0,1,1,3,74
2936,Fadzai Chirume,37,Male,Masvingo,High,Family,106,1,Ecocash,4,0,4,1,9,3,84
2937,Tatenda Mutsvairo,69,Male,Marondera,Medium,Individual,64,0,Mobile Money,7,4,2,2,7,1,100
2938,Tinotenda Mashava,46,Female,Masvingo,High,Family,98,3,Bank Debit,6,4,4,0,3,4,100
2939,Natsai Chirume,31,Male,Chegutu,Low,Family,71,0,Ecocash,0,3,2,1,5,4,57
2940,Tariro Chirume,37,Male,Gweru,Medium,Family,97,1,Bank Debit,2,3,2,3,6,3,75
2941,Kudakwashe Sibanda,33,Male,Kwekwe,Low,Individual,31,1,Ecocash,1,0,1,1,1,5,25
2942,Shingirai Mupamhanga,45,Female,Norton,High,Family,95,3,Ecocash,5,5,2,0,3,3,100
2943,Tendai Mutambara,54,Male,Bindura,Low,Family,56,3,Mobile Money,8,1,1,3,3,3,81
2944,Memory Chikafu,43,Male,Norton,Medium,Family,59,1,Mobile Money,4,5,0,2,3,3,79
2945,Tatenda Masango,22,Female,Norton,Medium,Family,91,5,Cash,4,4,1,0,9,5,66
2946,Kundai Masango,45,Male,Victoria Falls,High,Individual,81,2,Bank Debit,2,0,0,2,1,5,20
2947,Melody Munetsi,29,Male,Harare,Low,Family,52,3,Cash,7,3,1,2,6,1,100
2948,Clive Mupfudze,42,Female,Harare,Low,Individual,39,5,Ecocash,1,5,0,2,5,4,56
2949,Elton Masuku,26,Female,Harare,Low,Individual,30,5,Bank Debit,8,2,1,3,3,3,88
2950,Tadiwa Mupinga,32,Male,Kadoma,High,Family,118,5,Cash,1,3,1,2,7,5,44
2951,Simbarashe Chikafu,71,Female,Victoria Falls,High,Family,113,2,Bank Debit,5,2,3,2,1,1,100
2952,Nyarai Mutasa,55,Male,Kariba,Medium,Individual,49,5,Cash,2,1,0,3,9,4,33
2953,Tawanda Chirinda,34,Male,Kwekwe,High,Individual,74,3,Mobile Money,2,2,4,2,9,4,80
2954,Elton Dube,25,Female,Victoria Falls,Medium,Family,68,5,Mobile Money,5,4,0,3,8,3,77
2955,Takudzwa Mutsvangwa,34,Male,Harare,Medium,Individual,41,5,Bank Debit,3,3,1,2,3,1,86
2956,Clive Mupinga,57,Male,Kwekwe,High,Family,15,1,Cash,5,0,1,1,9,5,43
2957,Kudzai Chigumba,24,Female,Victoria Falls,High,Individual,100,4,Cash,2,2,1,0,8,2,66
2958,Tariro Nkala,34,Female,Kwekwe,High,Individual,100,1,Bank Debit,1,5,2,2,7,4,76
2959,Prince Mashingaidze,34,Male,Chitungwiza,Medium,Family,52,0,Ecocash,8,1,0,1,5,3,71
2960,Nyasha Chirume,35,Male,Masvingo,High,Family,93,3,Cash,7,3,4,2,1,4,100
2961,Tapiwa Mashava,67,Female,Harare,Low,Family,46,2,Ecocash,7,1,1,3,1,1,94
2962,Precious Mupfumi,38,Male,Bindura,Medium,Individual,110,0,Bank Debit,7,0,0,3,6,1,75
2963,Shamiso Masuku,30,Female,Marondera,High,Individual,36,4,Cash,1,3,4,3,5,3,90
2964,Kudakwashe Ncube,27,Male,Gweru,High,Individual,69,1,Cash,4,3,1,2,8,2,83
2965,Tendekai Mutizwa,48,Female,Kariba,Low,Individual,57,3,Ecocash,9,0,4,3,1,5,95
2966,Nyasha Mutsvairo,49,Female,Norton,High,Family,35,1,Cash,1,1,1,1,4,4,38
2967,Memory Mutambara,47,Female,Harare,High,Family,76,5,Bank Debit,3,5,3,1,3,5,88
2968,Nyasha Chikafu,44,Male,Kariba,Low,Family,76,3,Cash,7,5,1,1,7,1,100
2969,Rumbidzai Mashiri,61,Male,Marondera,High,Family,100,5,Bank Debit,1,5,1,1,5,5,58
2970,Faith Sibanda,69,Male,Mutare,High,Individual,58,5,Mobile Money,4,0,0,2,3,3,44
2971,Tatenda Mutizwa,23,Male,Mutare,Low,Individual,117,5,Cash,0,3,0,3,9,3,45
2972,Ashley Mashingaidze,38,Female,Norton,High,Individual,23,4,Ecocash,2,1,1,3,5,1,67
2973,Clive Munyai,74,Male,Kariba,High,Individual,45,3,Cash,9,1,0,1,7,5,60
2974,Tendekai Mhlanga,62,Female,Marondera,Low,Individual,13,0,Bank Debit,9,3,4,1,2,4,100
2975,Rumbidzai Mhlanga,58,Male,Hwange,High,Individual,16,1,Ecocash,9,2,2,3,3,3,100
2976,Kudakwashe Mataruse,22,Male,Kwekwe,Medium,Individual,66,5,Ecocash,3,2,0,1,1,3,55
2977,Melody Ncube,47,Female,Bulawayo,High,Individual,28,1,Bank Debit,2,5,1,3,1,1,97
2978,Tendai Matiza,42,Male,Gweru,Low,Individual,20,4,Mobile Money,2,4,2,1,6,2,90
2979,Tafadzwa Chigumba,57,Male,Kadoma,High,Family,80,3,Cash,4,1,4,0,3,1,100
2980,Melody Mutizwa,45,Female,Marondera,Low,Individual,112,3,Mobile Money,9,2,1,1,5,1,100
2981,Simba Mupoperi,59,Female,Bindura,Medium,Family,91,3,Bank Debit,7,2,2,3,3,1,100
2982,Kudakwashe Mupamhanga,29,Female,Mutare,High,Individual,15,5,Cash,6,0,0,3,4,2,62
2983,Tafadzwa Nkala,62,Female,Chitungwiza,High,Individual,65,3,Cash,8,1,1,0,6,5,65
2984,Tawanda Chikowore,56,Female,Gweru,Low,Family,32,1,Ecocash,5,2,1,3,6,2,81
2985,Clive Mashiri,68,Female,Bindura,Medium,Family,31,2,Cash,9,4,1,2,9,1,100
2986,Simbarashe Matiza,64,Female,Victoria Falls,High,Individual,42,0,Mobile Money,3,2,1,2,4,4,55
2987,Rutendo Chiweshe,55,Male,Masvingo,Medium,Individual,82,5,Bank Debit,8,1,2,1,1,3,93
2988,Clive Mutizwa,21,Male,Kadoma,Low,Individual,107,4,Bank Debit,2,2,2,3,5,2,76
2989,Nyarai Mutsvairo,74,Female,Gweru,Low,Family,39,4,Mobile Money,8,5,3,0,3,3,100
2990,Rudo Chirume,34,Female,Victoria Falls,Low,Family,61,2,Ecocash,2,3,0,2,6,3,55
2991,Precious Chirume,33,Male,Victoria Falls,Medium,Individual,95,5,Mobile Money,2,3,2,2,4,4,67
2992,Blessing Chibanda,69,Female,Bulawayo,High,Family,40,3,Bank Debit,2,4,1,1,5,3,72
2993,Fadzai Mutizwa,72,Male,Marondera,Medium,Family,44,0,Cash,1,2,0,3,8,2,51
2994,Farai Chikore,48,Male,Masvingo,Low,Individual,26,5,Cash,8,0,1,1,2,5,58
2995,Tariro Mhlanga,26,Male,Bindura,High,Individual,61,3,Cash,6,5,4,1,5,4,100
2996,Shingirai Mutsvangwa,71,Female,Hwange,Low,Individual,62,3,Cash,0,1,4,1,5,2,79
2997,Taurai Sibanda,54,Male,Kwekwe,Medium,Family,63,1,Cash,9,5,2,0,3,3,100
2998,Tawanda Chirinda,18,Female,Kariba,Medium,Family,80,4,Ecocash,6,5,2,0,7,4,100
2999,Tinashe Mupfumi,71,Male,Kwekwe,High,Individual,52,2,Ecocash,2,4,4,2,1,2,100
3000,Tonderai Nkomo,32,Female,Chegutu,Medium,Family,90,5,Ecocash,1,0,2,2,5,3,49
3001,Faith Chikwanda,69,Female,Norton,High,Family,84,2,Ecocash,1,5,3,1,3,4,86
3002,Rudo Mutambara,36,Male,Bulawayo,High,Individual,46,2,Bank Debit,8,1,2,2,5,3,91
3003,Memory Mupinga,67,Male,Gweru,Medium,Family,17,2,Cash,8,2,3,3,2,5,92
3004,Tafadzwa Chikafu,28,Female,Norton,High,Individual,119,3,Ecocash,5,0,2,2,5,3,69
3005,Nyasha Dube,48,Male,Kadoma,Low,Family,59,5,Ecocash,8,2,0,2,8,5,62
3006,Takudzwa Nkomo,62,Male,Kadoma,Low,Family,100,4,Bank Debit,7,1,3,3,9,2,100
3007,Kundai Mpofu,32,Male,Bindura,Medium,Family,67,1,Cash,9,4,2,3,2,4,100
3008,Kudakwashe Mashava,73,Male,Masvingo,Low,Family,35,1,Bank Debit,9,4,2,1,2,3,100
3009,Kundai Moyo,72,Male,Norton,High,Family,107,0,Cash,9,4,4,2,6,2,100
3010,Tinotenda Masango,52,Female,Kwekwe,High,Family,53,4,Cash,6,4,4,1,5,3,100
3011,Anesu Mupfumi,30,Female,Gweru,Medium,Individual,56,3,Ecocash,3,1,2,2,6,4,58
3012,Kudzai Ndlovu,31,Female,Kwekwe,High,Individual,116,5,Bank Debit,3,4,4,1,1,4,100
3013,Tadiwa Munyai,35,Male,Chegutu,Low,Family,95,5,Ecocash,7,0,0,2,6,5,43
3014,Precious Mashiri,58,Female,Bindura,High,Individual,49,1,Bank Debit,7,3,2,1,2,2,100
3015,Blessing Mutambara,72,Female,Hwange,High,Individual,56,5,Ecocash,8,0,4,2,7,2,100
3016,Takudzwa Nkala,21,Female,Kadoma,High,Family,13,1,Mobile Money,3,2,0,1,6,3,53
3017,Brian Mupunga,64,Male,Chitungwiza,High,Family,63,1,Ecocash,7,2,4,0,8,1,100
3018,Tendekai Chirume,35,Female,Chegutu,Medium,Family,107,4,Cash,1,4,2,1,1,5,63
3019,Kudzai Mupinga,39,Female,Norton,Low,Individual,98,2,Mobile Money,6,4,4,1,7,2,100
3020,Elton Ndlovu,60,Male,Hwange,Low,Family,108,2,Bank Debit,6,2,2,2,6,3,88
3021,Tinotenda Masuku,50,Male,Mutare,High,Family,95,0,Mobile Money,9,1,2,3,2,5,80
3022,Elton Mupamhanga,41,Female,Chitungwiza,High,Individual,49,4,Bank Debit,2,4,3,1,4,3,92
3023,Nyarai Masuku,40,Female,Harare,Medium,Family,57,5,Cash,1,4,4,3,4,4,89
3024,Takudzwa Munyai,54,Female,Mutare,High,Individual,20,2,Bank Debit,2,5,4,0,3,3,100
3025,Kudakwashe Chikore,41,Male,Kwekwe,High,Individual,110,3,Mobile Money,6,2,1,3,7,4,70
3026,Clive Chiweshe,55,Female,Kadoma,High,Family,45,0,Bank Debit,2,1,2,2,8,1,77
3027,Shingirai Mashiri,36,Male,Mutare,Medium,Family,71,2,Ecocash,0,3,0,0,6,5,29
3028,Blessing Chirinda,21,Male,Mutare,Medium,Family,26,3,Bank Debit,8,2,1,1,8,5,72
3029,Simbarashe Chirume,62,Male,Masvingo,Low,Family,36,5,Mobile Money,3,1,4,0,2,3,86
3030,Tinashe Mupinga,52,Female,Kariba,Medium,Individual,24,4,Bank Debit,5,4,0,3,9,3,77
3031,Shamiso Mapfumo,52,Female,Bulawayo,High,Individual,71,0,Bank Debit,9,3,4,1,9,4,100
3032,Kudakwashe Mataruse,30,Female,Harare,Medium,Individual,115,5,Bank Debit,0,4,0,1,7,2,60
3033,Rumbidzai Matiza,48,Female,Hwange,Medium,Family,104,4,Bank Debit,4,3,3,3,2,2,100
3034,Simbarashe Chibanda,25,Female,Chegutu,Medium,Individual,79,0,Cash,2,5,1,3,9,4,71
3035,Natsai Mashava,49,Male,Norton,High,Individual,85,5,Mobile Money,0,2,1,0,2,5,32
3036,Tafadzwa Chikwanda,29,Male,Norton,High,Family,87,4,Bank Debit,8,2,2,0,1,3,100
3037,Simba Mutambara,37,Male,Masvingo,Low,Family,87,5,Bank Debit,8,3,0,0,7,4,77
3038,Natsai Mupunga,45,Female,Chitungwiza,Medium,Family,20,3,Mobile Money,2,4,4,0,1,4,96
3039,Tendai Mupfumi,65,Male,Marondera,Low,Individual,25,5,Mobile Money,3,2,3,2,4,5,67
3040,Taurai Mupfudze,33,Male,Norton,High,Individual,70,4,Ecocash,1,5,2,0,1,3,86
3041,Ashley Chikowore,70,Female,Kadoma,Medium,Family,65,4,Ecocash,1,5,1,3,4,2,82
3042,Kudakwashe Mutizwa,72,Male,Gweru,High,Family,44,3,Ecocash,9,4,1,1,1,1,100
3043,Taurai Moyo,50,Male,Mutare,Medium,Family,58,4,Ecocash,8,4,3,0,1,2,100
3044,Fadzai Chikore,67,Male,Kariba,Low,Family,35,3,Bank Debit,4,3,4,2,6,5,89
3045,Tawanda Mupoperi,70,Female,Mutare,Medium,Family,86,1,Bank Debit,7,0,0,3,6,1,75
3046,Nyarai Chiweshe,55,Female,Masvingo,Medium,Family,28,2,Mobile Money,4,3,4,0,6,4,97
3047,Taurai Ncube,47,Male,Norton,Low,Family,96,1,Cash,3,3,0,3,8,1,76
3048,Tariro Mutambara,66,Male,Hwange,Medium,Family,80,0,Mobile Money,4,5,2,0,2,3,99
3049,Tawanda Munyoro,30,Male,Chegutu,Medium,Family,16,3,Mobile Money,9,5,1,3,4,3,100
3050,Precious Munetsi,59,Male,Harare,Medium,Individual,43,1,Bank Debit,2,4,2,0,4,3,82
3051,Rudo Chikowore,19,Male,Chegutu,High,Individual,31,1,Bank Debit,2,3,2,0,5,3,75
3052,Kundai Mutizwa,35,Female,Victoria Falls,Medium,Individual,49,3,Cash,7,5,0,0,7,4,86
3053,Tapiwa Munyoro,48,Male,Gweru,Low,Individual,102,4,Mobile Money,2,3,1,2,5,1,81
3054,Rutendo Mapfumo,72,Female,Bulawayo,Low,Family,19,0,Mobile Money,6,4,0,2,9,5,66
3055,Tonderai Mupamhanga,45,Female,Bulawayo,Low,Family,106,0,Ecocash,0,1,2,3,9,2,59
3056,Simba Mupamhanga,37,Male,Harare,High,Individual,99,1,Bank Debit,3,2,3,1,4,2,91
3057,Kudakwashe Mupunga,34,Female,Masvingo,Medium,Individual,92,2,Mobile Money,8,3,1,1,4,4,87
3058,Memory Chiweshe,49,Female,Hwange,High,Individual,26,0,Cash,5,3,4,2,5,2,100
3059,Rutendo Munetsi,60,Female,Marondera,Low,Family,116,4,Bank Debit,8,2,1,0,5,3,88
3060,Blessing Mupunga,39,Male,Bindura,Low,Family,37,3,Cash,0,4,4,1,5,1,100
3061,Tariro Chirinda,30,Male,Masvingo,High,Family,108,0,Mobile Money,8,1,0,3,5,4,63
3062,Rudo Mutambara,46,Male,Kadoma,Medium,Family,41,5,Bank Debit,5,5,4,3,4,4,100
3063,Farai Chirume,46,Female,Harare,Low,Individual,109,0,Ecocash,2,1,0,2,5,4,33
3064,Anesu Ncube,21,Male,Bindura,Low,Individual,89,1,Bank Debit,0,1,1,2,3,1,57
3065,Natsai Ndlovu,28,Male,Bulawayo,High,Individual,82,2,Cash,3,2,2,2,4,4,65
3066,Prince Mutizwa,30,Male,Hwange,Medium,Family,84,4,Mobile Money,2,1,1,3,8,4,43
3067,Tonderai Chikafu,21,Female,Kwekwe,Low,Family,86,1,Bank Debit,2,2,1,3,2,4,50
3068,Anesu Mupfumi,22,Female,Hwange,Medium,Individual,99,1,Mobile Money,9,0,0,2,4,3,69
3069,Melody Masuku,65,Male,Chitungwiza,Medium,Individual,63,1,Cash,6,5,2,3,1,3,100
3070,Tinotenda Chikowore,52,Male,Chegutu,Medium,Family,32,3,Mobile Money,9,2,2,3,4,3,100
3071,Tinashe Matiza,53,Male,Chitungwiza,High,Family,44,3,Mobile Money,4,4,0,3,1,2,82
3072,Simba Ndlovu,60,Male,Kariba,Low,Individual,100,0,Ecocash,0,2,4,2,2,4,70
3073,Memory Mhlanga,48,Female,Bulawayo,Medium,Individual,74,2,Mobile Money,3,3,0,0,2,2,68
3074,Tinashe Mapfumo,68,Female,Kwekwe,High,Individual,61,5,Cash,1,4,0,1,8,1,73
3075,Fadzai Munyoro,59,Male,Bulawayo,Low,Individual,13,0,Ecocash,6,4,3,3,4,3,100
3076,Tatenda Chikore,42,Male,Chitungwiza,High,Family,38,2,Cash,1,5,2,3,7,2,92
3077,Natsai Ndlovu,31,Male,Mutare,Medium,Individual,20,1,Bank Debit,4,0,2,2,8,4,56
3078,Takudzwa Mashava,26,Male,Chitungwiza,Low,Family,29,2,Cash,0,4,2,0,7,5,56
3079,Shamiso Sibanda,49,Male,Chitungwiza,Low,Family,102,0,Cash,9,2,2,2,8,5,87
3080,Ashley Chikore,71,Female,Bulawayo,Medium,Individual,41,4,Ecocash,4,2,4,3,5,5,82
3081,Brian Nkala,21,Male,Hwange,Medium,Family,20,2,Cash,6,4,2,2,6,1,100
3082,Prince Chibanda,21,Female,Harare,Low,Family,38,2,Cash,4,2,2,2,9,3,78
3083,Shamiso Mpofu,48,Female,Harare,Medium,Individual,13,1,Bank Debit,5,0,3,1,1,3,81
3084,Simbarashe Chiweshe,20,Female,Harare,Medium,Family,107,2,Cash,7,4,2,2,2,3,100
3085,Precious Munyai,68,Female,Norton,Medium,Individual,19,3,Ecocash,0,3,4,0,7,4,77
3086,Ashley Mutasa,26,Male,Bindura,Medium,Individual,20,4,Cash,0,1,2,2,9,2,59
3087,Tawanda Mapfumo,52,Female,Victoria Falls,Low,Individual,30,5,Cash,1,0,0,0,3,4,21
3088,Nyarai Chikowore,21,Male,Chitungwiza,Medium,Family,102,0,Mobile Money,1,4,4,2,5,3,97
3089,Kundai Mupamhanga,22,Male,Masvingo,Low,Family,109,1,Mobile Money,3,4,4,2,2,3,100
3090,Memory Mupfumi,38,Female,Kwekwe,High,Family,65,3,Bank Debit,8,2,2,3,6,5,82
3091,Tafadzwa Chirinda,34,Female,Victoria Falls,Low,Individual,58,5,Ecocash,4,4,1,0,4,2,90
3092,Tonderai Mashingaidze,41,Male,Masvingo,High,Family,22,1,Mobile Money,0,4,0,2,6,1,68
3093,Tadiwa Mupoperi,42,Male,Kwekwe,Medium,Family,116,0,Mobile Money,4,5,3,3,6,2,100
3094,Simba Nkomo,49,Male,Kwekwe,High,Individual,80,5,Cash,5,4,1,0,2,1,100
3095,Tawanda Chikowore,34,Male,Harare,Medium,Family,23,2,Cash,8,0,1,0,4,2,82
3096,Anesu Ncube,69,Female,Marondera,High,Family,12,0,Ecocash,4,0,4,0,6,3,84
3097,Fadzai Chigumba,23,Female,Chitungwiza,Low,Family,83,3,Bank Debit,7,2,1,1,1,5,69
3098,Taurai Nkala,54,Male,Chegutu,Low,Family,88,1,Bank Debit,3,1,1,0,5,3,56
3099,Prince Nkala,72,Male,Chegutu,Medium,Individual,90,3,Bank Debit,7,5,0,3,9,4,86
3100,Rudo Mupoperi,57,Male,Chitungwiza,Medium,Family,36,5,Ecocash,8,0,0,2,3,4,56
3101,Brian Chikore,19,Male,Masvingo,Low,Individual,105,4,Cash,7,1,1,1,1,1,94
3102,Blessing Sibanda,33,Female,Kwekwe,High,Individual,26,5,Ecocash,5,0,0,1,6,2,57
3103,Tendekai Ncube,66,Female,Bindura,High,Family,91,0,Cash,5,3,1,2,6,3,80
3104,Blessing Mupfumi,62,Female,Bindura,Medium,Family,89,3,Bank Debit,5,5,4,3,1,3,100
3105,Clive Chikwanda,27,Female,Marondera,Low,Individual,89,0,Mobile Money,1,5,2,2,7,3,84
3106,Rumbidzai Chikore,72,Male,Bulawayo,High,Individual,12,5,Cash,1,4,1,2,7,4,59
3107,Clive Sibanda,27,Male,Mutare,High,Individual,37,5,Mobile Money,3,0,2,2,5,1,75
3108,Rumbidzai Mutizwa,21,Male,Norton,Medium,Individual,66,2,Bank Debit,0,2,2,3,8,4,50
3109,Tendekai Mupfudze,69,Female,Victoria Falls,Medium,Individual,40,1,Mobile Money,6,5,0,0,9,1,100
3110,Blessing Chikore,51,Male,Mutare,Low,Family,93,4,Cash,3,1,2,2,8,1,82
3111,Tonderai Munyoro,28,Male,Mutare,Medium,Family,111,5,Cash,2,1,2,2,7,1,77
3112,Natsai Mupfumi,61,Female,Chegutu,Low,Family,75,2,Ecocash,7,3,2,0,8,2,100
3113,Natsai Nkala,22,Female,Marondera,Low,Family,59,1,Cash,3,1,0,1,1,3,48
3114,Prince Ndlovu,40,Male,Masvingo,High,Individual,87,4,Bank Debit,3,4,2,3,4,5,71
3115,Melody Mupoperi,65,Female,Norton,High,Individual,94,5,Ecocash,0,5,3,1,4,1,100
3116,Nyasha Dube,42,Female,Masvingo,Low,Individual,28,1,Bank Debit,6,0,0,2,6,4,46
3117,Melody Dube,34,Female,Norton,Low,Individual,88,4,Ecocash,3,3,3,3,5,3,90
3118,Tafadzwa Sibanda,20,Male,Harare,Low,Individual,115,3,Bank Debit,7,1,0,2,6,1,82
3119,Natsai Masango,63,Male,Hwange,High,Family,96,4,Cash,5,4,0,1,5,4,69
3120,Rudo Chikowore,39,Female,Victoria Falls,High,Family,93,5,Bank Debit,4,2,1,1,5,1,84
3121,Ashley Mashiri,23,Female,Kariba,High,Individual,23,4,Bank Debit,2,0,0,1,2,4,26
3122,Ashley Chirinda,31,Female,Marondera,Medium,Family,47,0,Mobile Money,9,5,1,3,7,3,100
3123,Natsai Matiza,42,Female,Chitungwiza,Medium,Family,83,4,Cash,8,5,1,3,5,5,93
3124,Shingirai Dube,59,Male,Chitungwiza,Medium,Family,56,1,Bank Debit,5,2,4,0,9,3,100
3125,Tendai Mutasa,32,Female,Victoria Falls,Low,Individual,79,2,Mobile Money,3,4,0,3,1,3,69
3126,Ashley Mashiri,33,Male,Bulawayo,Medium,Family,99,5,Bank Debit,0,1,4,2,2,2,79
3127,Tinashe Mupunga,32,Female,Chegutu,Low,Individual,100,4,Bank Debit,9,0,0,2,4,3,69
3128,Blessing Chikore,30,Male,Bulawayo,Low,Individual,13,0,Mobile Money,1,3,4,2,8,3,90
3129,Shamiso Mupunga,45,Female,Harare,Medium,Individual,56,5,Mobile Money,0,4,2,0,9,2,80
3130,Rumbidzai Matiza,63,Male,Chitungwiza,Medium,Individual,85,0,Cash,7,5,2,1,7,4,100
3131,Fadzai Nkomo,40,Male,Masvingo,Low,Family,44,3,Bank Debit,4,1,4,1,3,3,91
3132,Tafadzwa Mapfumo,66,Male,Chitungwiza,Low,Individual,112,3,Cash,8,1,4,1,9,5,95
3133,Prince Mhlanga,73,Female,Kwekwe,Medium,Family,74,2,Bank Debit,8,5,3,1,1,3,100
3134,Brian Dube,68,Male,Mutare,Low,Individual,23,3,Cash,7,3,4,1,2,1,100
3135,Fadzai Mashava,20,Male,Norton,Low,Family,41,4,Ecocash,7,5,3,2,6,2,100
3136,Rumbidzai Mhlanga,73,Female,Mutare,Medium,Family,95,0,Mobile Money,5,4,0,0,7,3,77
3137,Tendai Chikafu,29,Male,Kwekwe,Low,Family,53,0,Mobile Money,0,2,3,1,3,1,84
3138,Brian Moyo,26,Male,Hwange,High,Family,74,1,Mobile Money,6,4,2,1,7,5,86
3139,Nyasha Mupinga,19,Female,Chitungwiza,Low,Family,115,0,Ecocash,0,5,4,2,7,3,99
3140,Tatenda Mupamhanga,20,Female,Harare,High,Family,37,0,Cash,0,1,1,3,3,4,33
3141,Tinotenda Mataruse,28,Female,Kariba,Medium,Individual,91,2,Cash,7,1,2,2,5,2,94
3142,Brian Chikowore,69,Male,Hwange,Low,Family,13,0,Ecocash,2,4,2,1,2,2,90
3143,Rumbidzai Nkomo,49,Male,Kariba,High,Family,14,4,Cash,2,4,0,0,9,1,78
3144,Brian Sibanda,56,Male,Gweru,High,Individual,58,0,Mobile Money,8,5,2,0,6,2,100
3145,Elton Mashava,38,Female,Chitungwiza,High,Family,111,3,Ecocash,2,4,2,1,8,3,82
3146,Tapiwa Mapfumo,53,Male,Gweru,High,Family,92,1,Bank Debit,6,5,0,3,2,3,89
3147,Melody Munyai,51,Male,Bulawayo,Medium,Family,72,4,Ecocash,1,4,3,3,1,3,89
3148,Rumbidzai Ncube,45,Female,Gweru,High,Family,36,5,Ecocash,3,3,0,3,7,2,68
3149,Kundai Mupfudze,33,Female,Mutare,High,Family,21,5,Mobile Money,3,4,1,2,3,1,93
3150,Takudzwa Mupfudze,20,Male,Bulawayo,Low,Individual,104,4,Mobile Money,0,0,4,2,8,3,64
3151,Tafadzwa Mpofu,41,Male,Norton,Medium,Individual,50,5,Cash,3,0,3,3,4,5,53
3152,Farai Mupoperi,58,Female,Kariba,High,Family,94,2,Ecocash,9,5,0,0,2,1,100
3153,Tadiwa Chirinda,20,Male,Chegutu,High,Individual,39,4,Ecocash,0,4,3,0,3,2,90
3154,Tinashe Chirinda,62,Male,Kadoma,Low,Individual,28,3,Mobile Money,4,1,2,0,1,2,81
3155,Tonderai Moyo,44,Male,Victoria Falls,Medium,Individual,42,1,Cash,5,3,3,0,2,4,92
3156,Shamiso Mupfudze,25,Male,Mutare,Medium,Family,34,3,Ecocash,3,4,1,2,4,4,69
3157,Rutendo Mutasa,49,Male,Kwekwe,High,Family,39,1,Mobile Money,9,2,2,3,2,3,100
3158,Precious Dube,58,Male,Bulawayo,Medium,Individual,24,4,Cash,3,3,4,1,2,3,100
3159,Tonderai Masango,41,Female,Bulawayo,High,Family,69,0,Ecocash,9,4,1,0,8,1,100
3160,Tendai Ncube,60,Female,Marondera,High,Individual,90,0,Cash,2,4,2,0,9,4,74
3161,Brian Munetsi,55,Male,Mutare,High,Family,56,1,Ecocash,6,0,4,0,3,5,78
3162,Melody Mupamhanga,25,Female,Kadoma,Low,Individual,25,4,Ecocash,3,4,1,3,9,5,61
3163,Brian Mutasa,22,Male,Chegutu,Low,Individual,114,5,Mobile Money,7,3,3,2,5,4,100
3164,Elton Mutizwa,64,Female,Gweru,High,Individual,71,2,Mobile Money,4,4,3,0,1,4,96
3165,Tafadzwa Mashiri,19,Female,Kadoma,High,Individual,89,4,Mobile Money,8,0,3,3,2,5,78
3166,Rutendo Mashiri,35,Female,Victoria Falls,Medium,Family,39,1,Ecocash,3,0,3,0,9,3,69
3167,Simba Mupinga,42,Female,Kwekwe,Low,Individual,56,3,Bank Debit,4,1,2,2,7,3,71
3168,Simba Mupinga,21,Male,Marondera,Low,Individual,83,2,Cash,0,1,3,3,8,1,77
3169,Shamiso Chikafu,47,Female,Harare,Medium,Family,71,3,Bank Debit,9,1,2,2,8,4,88
3170,Simbarashe Sibanda,44,Male,Kadoma,High,Individual,44,5,Cash,7,3,4,0,1,2,100
3171,Tonderai Sibanda,68,Female,Norton,Medium,Individual,116,2,Cash,1,4,0,3,2,4,49
3172,Brian Masuku,27,Female,Chitungwiza,High,Family,18,3,Bank Debit,3,5,3,3,5,1,100
3173,Tonderai Chibanda,58,Female,Kwekwe,Low,Individual,91,2,Bank Debit,2,4,0,3,4,4,54
3174,Blessing Masango,43,Male,Bulawayo,High,Family,98,2,Ecocash,0,2,3,3,6,4,60
3175,Tariro Mapfumo,58,Female,Chegutu,Low,Family,12,1,Cash,6,3,1,0,1,3,87
3176,Tonderai Chigumba,40,Male,Chegutu,Low,Individual,37,1,Bank Debit,8,2,1,2,3,4,80
3177,Tatenda Mpofu,24,Female,Gweru,Medium,Family,85,0,Cash,8,0,4,1,7,3,100
3178,Elton Mashingaidze,52,Female,Mutare,Low,Family,78,3,Mobile Money,0,3,3,1,8,2,83
3179,Fadzai Mashingaidze,22,Female,Chegutu,High,Family,109,0,Mobile Money,9,5,1,0,5,5,98
3180,Simbarashe Mapfumo,72,Female,Kariba,High,Family,39,2,Cash,3,5,2,2,7,1,100
3181,Brian Mupamhanga,65,Female,Kwekwe,Low,Individual,72,3,Cash,7,3,1,0,6,1,100
3182,Fadzai Chirume,45,Female,Kariba,Medium,Family,85,3,Mobile Money,5,2,2,0,8,1,99
3183,Simbarashe Matiza,20,Male,Kwekwe,High,Family,86,5,Mobile Money,1,2,3,2,9,5,57
3184,Nyarai Mutsvangwa,21,Male,Bulawayo,Medium,Individual,98,2,Ecocash,7,5,2,0,3,5,98
3185,Rudo Mutsvangwa,28,Female,Mutare,Low,Individual,60,0,Mobile Money,3,1,1,2,5,3,56
3186,Tinotenda Mupamhanga,24,Male,Chitungwiza,Low,Family,96,2,Ecocash,4,2,1,0,1,1,86
3187,Simba Nkala,30,Female,Norton,Medium,Individual,26,0,Bank Debit,1,5,4,2,7,3,100
3188,Memory Mpofu,47,Male,Victoria Falls,Low,Family,53,1,Mobile Money,7,2,1,3,3,5,67
3189,Rutendo Mashiri,37,Male,Chegutu,High,Family,23,2,Ecocash,2,3,1,0,7,5,49
3190,Tadiwa Mashingaidze,42,Male,Mutare,High,Individual,84,5,Ecocash,9,1,3,0,8,3,100
3191,Tanaka Mupfudze,68,Female,Gweru,High,Family,53,0,Mobile Money,1,0,1,1,7,4,31
3192,Nyasha Mupoperi,71,Male,Kariba,High,Family,11,3,Mobile Money,0,3,1,2,6,1,71
3193,Kundai Mutsvairo,35,Male,Hwange,Low,Family,28,2,Bank Debit,6,4,2,1,4,1,100
3194,Shingirai Chikowore,30,Female,Norton,Medium,Family,35,3,Bank Debit,8,0,0,3,5,2,72
3195,Shingirai Masango,27,Male,Norton,Medium,Family,12,2,Ecocash,5,2,1,1,1,3,75
3196,Takudzwa Mutasa,53,Male,Bindura,High,Individual,50,0,Ecocash,0,2,0,2,6,4,30
3197,Tonderai Mutasa,23,Female,Norton,Medium,Family,52,3,Mobile Money,4,5,0,2,6,1,95
3198,Tendai Mupamhanga,21,Female,Chitungwiza,High,Family,50,2,Mobile Money,6,2,4,3,5,3,100
3199,Prince Chiweshe,65,Female,Victoria Falls,High,Family,66,2,Mobile Money,6,5,4,1,6,3,100
3200,Prince Mashava,38,Female,Kwekwe,Low,Individual,53,3,Cash,6,1,4,3,1,3,100
3201,Precious Mutizwa,63,Male,Kariba,High,Family,88,5,Bank Debit,3,5,3,1,4,3,100
3202,Tendai Munyoro,47,Male,Chegutu,High,Family,45,2,Bank Debit,1,3,4,1,4,5,74
3203,Tadiwa Chikwanda,70,Female,Bindura,Low,Individual,16,2,Bank Debit,8,2,4,3,7,1,100
3204,Tawanda Chibanda,30,Female,Norton,Medium,Family,68,3,Cash,2,0,2,3,4,4,46
3205,Tonderai Dube,54,Female,Kadoma,Low,Family,70,0,Cash,0,0,0,2,7,3,24
3206,Tanaka Mashiri,54,Male,Victoria Falls,Medium,Family,91,4,Mobile Money,1,5,4,0,1,3,100
3207,Rutendo Chirinda,61,Female,Harare,Medium,Family,77,2,Cash,2,0,4,0,9,3,74
3208,Kudzai Munyai,23,Male,Bindura,High,Individual,92,1,Mobile Money,0,1,2,0,6,4,43
3209,Taurai Mashingaidze,71,Male,Chegutu,Low,Family,113,2,Ecocash,1,3,4,3,1,3,92
3210,Tinotenda Chirinda,43,Female,Bulawayo,High,Individual,101,5,Mobile Money,4,4,2,0,6,5,76
3211,Elton Mupinga,59,Female,Kwekwe,High,Individual,22,3,Ecocash,6,2,2,2,8,2,96
3212,Tafadzwa Chigumba,33,Female,Kwekwe,Medium,Family,56,4,Cash,1,1,3,1,5,4,58
3213,Kundai Chikwanda,28,Female,Victoria Falls,High,Individual,69,5,Mobile Money,8,4,0,3,1,4,86
3214,Tonderai Nkomo,21,Female,Victoria Falls,High,Individual,113,2,Cash,0,5,0,2,6,3,59
3215,Rumbidzai Mutasa,44,Female,Kariba,Low,Individual,88,2,Mobile Money,5,0,3,3,9,3,79
3216,Tinashe Chibanda,24,Female,Gweru,Medium,Individual,63,1,Cash,2,5,3,3,8,4,91
3217,Simba Mapfumo,31,Female,Victoria Falls,Medium,Individual,99,5,Cash,0,4,4,0,8,1,100
3218,Tonderai Mataruse,32,Male,Marondera,High,Individual,36,5,Cash,0,3,4,1,2,4,77
3219,Shamiso Chirume,67,Female,Masvingo,Medium,Individual,62,2,Cash,7,3,3,0,2,3,100
3220,Tendai Mashiri,37,Female,Bindura,High,Family,55,5,Ecocash,4,3,2,3,5,2,93
3221,Takudzwa Mashava,48,Female,Kwekwe,Medium,Individual,115,3,Cash,8,2,4,3,7,3,100
3222,Brian Ncube,53,Male,Kariba,Medium,Family,66,1,Mobile Money,3,2,2,3,6,2,81
3223,Tinotenda Nkala,22,Female,Kariba,Medium,Individual,113,0,Bank Debit,0,1,1,2,2,4,33
3224,Elton Matiza,34,Female,Hwange,Low,Family,85,4,Mobile Money,7,3,1,0,1,2,100
3225,Tafadzwa Nkomo,26,Male,Mutare,Low,Individual,74,1,Mobile Money,7,0,0,1,5,4,51
3226,Taurai Mupfudze,47,Male,Chitungwiza,Low,Family,67,2,Bank Debit,5,5,3,1,6,1,100
3227,Tafadzwa Mupinga,24,Male,Kariba,Medium,Individual,83,5,Cash,2,3,2,2,2,4,67
3228,Farai Mupoperi,54,Male,Kariba,Medium,Family,110,1,Ecocash,7,2,2,3,5,4,85
3229,Shingirai Mupfumi,57,Female,Kariba,Medium,Individual,107,0,Cash,8,4,4,0,7,5,100
3230,Tonderai Chirinda,71,Female,Marondera,Medium,Individual,10,3,Cash,8,3,4,2,7,4,100
3231,Tawanda Mutizwa,54,Male,Gweru,Low,Individual,102,5,Cash,7,1,4,1,3,4,98
3232,Memory Mupfudze,45,Male,Kwekwe,High,Individual,86,3,Cash,5,5,2,0,1,5,90
3233,Rudo Mupoperi,22,Female,Kariba,Low,Individual,24,5,Bank Debit,5,3,2,1,1,1,100
3234,Memory Mupfumi,31,Male,Masvingo,Low,Individual,25,5,Ecocash,3,4,4,0,4,4,99
3235,Clive Sibanda,33,Male,Norton,High,Family,73,1,Mobile Money,9,5,1,0,2,2,100
3236,Simbarashe Chikowore,42,Male,Mutare,Medium,Individual,26,4,Mobile Money,8,0,2,3,8,5,68
3237,Clive Mupunga,62,Male,Chegutu,High,Family,107,4,Ecocash,5,0,1,2,5,1,75
3238,Brian Chikafu,52,Male,Chegutu,Medium,Individual,114,3,Mobile Money,2,3,0,0,1,1,73
3239,Takudzwa Chiweshe,57,Female,Victoria Falls,Medium,Individual,94,5,Bank Debit,2,0,0,0,3,4,26
3240,Ashley Masango,47,Female,Masvingo,Medium,Individual,107,1,Mobile Money,1,2,1,1,4,5,37
3241,Brian Mpofu,57,Female,Hwange,High,Individual,104,0,Bank Debit,7,1,2,2,2,4,78
3242,Anesu Munetsi,51,Male,Marondera,High,Individual,36,1,Mobile Money,5,5,0,0,7,1,100
3243,Tadiwa Ndlovu,71,Female,Kariba,Low,Family,37,5,Cash,2,3,4,2,1,5,81
3244,Prince Munetsi,42,Female,Victoria Falls,Medium,Family,23,2,Cash,4,0,0,0,2,4,36
3245,Kundai Ncube,53,Female,Kariba,Low,Individual,17,3,Cash,3,1,3,1,6,1,92
3246,Simbarashe Ncube,67,Male,Kwekwe,Low,Individual,79,2,Mobile Money,5,0,3,1,8,5,63
3247,Tonderai Chigumba,43,Female,Chegutu,Low,Individual,52,0,Mobile Money,2,5,1,2,8,4,71
3248,Tawanda Chikore,63,Female,Gweru,High,Individual,95,1,Cash,2,3,1,0,2,4,57
3249,Blessing Mupunga,44,Female,Mutare,Low,Family,42,5,Cash,5,3,0,3,7,2,78
3250,Prince Mataruse,61,Female,Harare,Low,Family,113,1,Mobile Money,8,1,0,3,2,5,55
3251,Tadiwa Masuku,47,Female,Masvingo,Low,Individual,114,4,Cash,8,3,3,3,2,4,100
3252,Tanaka Mupunga,43,Male,Masvingo,High,Individual,21,2,Ecocash,7,4,0,3,2,3,87
3253,Tinotenda Chibanda,42,Male,Chitungwiza,Medium,Individual,89,5,Cash,8,3,3,2,7,5,99
3254,Melody Chikwanda,70,Female,Hwange,Low,Family,19,2,Bank Debit,5,0,1,2,9,4,51
3255,Simbarashe Mutsvairo,23,Male,Chegutu,Medium,Family,22,1,Cash,3,1,3,0,8,2,84
3256,Kundai Chikowore,56,Male,Masvingo,High,Family,42,5,Cash,3,4,0,0,9,3,67
3257,Simbarashe Moyo,74,Female,Marondera,Medium,Family,112,3,Cash,7,3,2,0,9,5,84
3258,Precious Chikwanda,64,Male,Gweru,Low,Family,78,5,Mobile Money,3,0,4,1,9,5,63
3259,Elton Munetsi,25,Female,Mutare,Low,Family,33,1,Bank Debit,1,4,1,3,2,1,83
3260,Simbarashe Chigumba,33,Male,Harare,High,Individual,44,5,Ecocash,6,4,4,3,3,4,100
3261,Clive Munetsi,71,Male,Norton,Medium,Individual,31,1,Bank Debit,8,1,0,0,3,3,71
3262,Shingirai Mashiri,44,Male,Kwekwe,Low,Family,37,0,Bank Debit,8,5,1,0,5,3,100
3263,Faith Chikore,63,Male,Victoria Falls,Medium,Individual,64,2,Ecocash,5,3,2,1,6,2,98
3264,Tendekai Matiza,26,Male,Kwekwe,Low,Family,119,1,Ecocash,7,4,2,0,4,4,99
3265,Elton Mpofu,73,Female,Chegutu,Low,Family,94,1,Mobile Money,8,4,4,0,5,2,100
3266,Clive Chirume,61,Male,Victoria Falls,Low,Individual,76,0,Bank Debit,8,5,0,1,3,5,83
3267,Tinashe Mupfudze,40,Female,Bulawayo,High,Family,92,2,Cash,8,0,1,3,1,4,68
3268,Kudakwashe Chikore,40,Male,Chegutu,Medium,Individual,31,1,Mobile Money,5,2,4,2,3,4,95
3269,Shamiso Mashiri,43,Male,Harare,High,Individual,12,2,Bank Debit,8,3,4,1,7,5,100
3270,Tapiwa Chiweshe,33,Female,Bindura,High,Family,50,4,Bank Debit,0,3,4,0,1,1,100
3271,Tendai Mupunga,23,Female,Marondera,Medium,Family,33,0,Cash,0,5,1,2,8,3,69
3272,Anesu Mutsvangwa,29,Female,Chitungwiza,Low,Family,11,1,Mobile Money,0,4,3,1,2,1,98
3273,Rudo Mhlanga,57,Male,Kariba,High,Individual,17,1,Ecocash,1,4,1,3,6,3,67
3274,Tonderai Nkomo,58,Male,Kadoma,High,Family,88,5,Ecocash,4,0,0,3,1,3,46
3275,Kundai Ndlovu,42,Male,Bulawayo,High,Family,49,0,Ecocash,9,2,2,2,3,4,95
3276,Tatenda Ndlovu,27,Female,Victoria Falls,High,Family,85,4,Bank Debit,8,4,3,1,4,3,100
3277,Takudzwa Masuku,62,Male,Gweru,Medium,Individual,46,3,Ecocash,0,5,1,2,5,3,69
3278,Taurai Ncube,25,Male,Hwange,Medium,Family,81,0,Cash,9,4,0,3,2,2,100
3279,Tariro Mupfumi,30,Male,Gweru,Medium,Family,25,0,Bank Debit,7,3,1,3,9,5,74
3280,Natsai Munyoro,36,Male,Chitungwiza,Medium,Individual,114,1,Ecocash,0,3,3,0,4,5,59
3281,Faith Matiza,28,Male,Bindura,High,Family,25,2,Bank Debit,8,1,0,2,8,5,55
3282,Natsai Mapfumo,28,Female,Kwekwe,Low,Family,96,4,Cash,4,4,4,0,6,1,100
3283,Tinashe Mupunga,62,Male,Chegutu,Low,Individual,54,1,Bank Debit,8,4,2,1,8,1,100
3284,Fadzai Sibanda,40,Female,Norton,High,Individual,18,1,Ecocash,0,4,3,3,4,2,90
3285,Farai Masango,57,Female,Chitungwiza,High,Individual,45,3,Ecocash,6,4,3,0,5,5,96
3286,Takudzwa Chiweshe,56,Female,Hwange,Low,Family,112,0,Ecocash,9,0,2,3,7,3,89
3287,Clive Mashiri,40,Female,Norton,High,Individual,106,5,Cash,3,0,2,1,9,5,43
3288,Tendai Dube,37,Female,Marondera,Low,Family,62,4,Cash,6,4,3,3,8,1,100
3289,Faith Mataruse,23,Female,Harare,Low,Family,87,3,Cash,0,3,2,3,2,2,73
3290,Blessing Munyai,28,Female,Mutare,Low,Family,16,4,Ecocash,8,3,4,1,2,4,100
3291,Melody Mupinga,31,Male,Hwange,Medium,Family,107,2,Bank Debit,0,0,0,1,7,1,40
3292,Rudo Sibanda,38,Male,Harare,High,Family,32,1,Bank Debit,2,2,4,2,3,3,88
3293,Precious Mutasa,28,Female,Norton,Low,Individual,90,3,Mobile Money,0,4,0,1,4,4,44
3294,Simba Mutsvairo,38,Male,Hwange,Low,Individual,29,1,Mobile Money,2,5,0,0,8,5,53
3295,Ashley Mupunga,70,Male,Chegutu,Medium,Family,62,0,Ecocash,2,1,2,2,8,2,69
3296,Simba Dube,35,Female,Bindura,Medium,Individual,83,3,Bank Debit,4,3,3,0,4,2,100
3297,Anesu Chikwanda,65,Female,Mutare,High,Family,108,3,Mobile Money,3,2,1,0,3,2,71
3298,Prince Chikowore,27,Female,Chegutu,High,Individual,48,1,Mobile Money,1,5,4,2,1,2,100
3299,Shamiso Mpofu,22,Male,Victoria Falls,Low,Individual,115,2,Ecocash,8,3,0,2,6,1,100
3300,Shingirai Chirinda,71,Female,Harare,Medium,Family,62,2,Cash,3,2,0,1,7,2,61
3301,Tadiwa Moyo,49,Female,Norton,Medium,Individual,108,4,Ecocash,7,2,1,2,9,2,91
3302,Kudzai Chigumba,29,Female,Masvingo,Low,Family,31,4,Ecocash,0,2,1,1,4,2,56
3303,Shingirai Nkala,23,Male,Norton,High,Individual,107,4,Cash,3,5,0,2,7,3,74
3304,Rudo Matiza,58,Female,Chegutu,Low,Individual,71,2,Cash,5,4,0,0,4,1,93
3305,Memory Mupunga,59,Female,Chitungwiza,High,Individual,101,5,Mobile Money,5,0,3,3,9,5,63
3306,Brian Mupinga,72,Male,Bindura,Low,Family,94,0,Cash,6,5,0,3,5,2,97
3307,Elton Mupinga,40,Male,Kariba,Low,Individual,104,3,Bank Debit,2,1,3,0,6,4,63
3308,Simbarashe Mupoperi,43,Male,Bindura,Medium,Family,64,3,Bank Debit,1,3,3,2,3,4,72
3309,Tawanda Mapfumo,61,Female,Harare,Low,Individual,52,5,Ecocash,8,4,2,3,6,2,100
3310,Nyasha Munetsi,34,Female,Kadoma,High,Individual,56,5,Ecocash,2,3,3,1,4,2,93
3311,Tafadzwa Chiweshe,57,Male,Chitungwiza,Low,Family,80,4,Bank Debit,5,3,0,3,9,3,70
3312,Tatenda Munetsi,37,Female,Kadoma,Low,Individual,47,5,Bank Debit,4,3,0,1,7,5,49
3313,Farai Chibanda,35,Female,Norton,High,Family,66,5,Cash,7,0,4,0,9,4,91
3314,Tadiwa Munyoro,43,Female,Chitungwiza,High,Individual,108,2,Ecocash,1,4,0,1,6,4,49
3315,Ashley Chigumba,59,Male,Mutare,Medium,Family,49,0,Ecocash,2,3,0,2,2,4,47
3316,Rudo Chikore,24,Female,Kwekwe,High,Individual,83,0,Cash,3,0,0,2,1,4,33
3317,Simbarashe Matiza,30,Male,Bulawayo,High,Family,91,4,Mobile Money,8,5,4,0,4,2,100
3318,Rumbidzai Mataruse,67,Male,Bulawayo,High,Family,26,0,Bank Debit,8,5,2,3,4,4,100
3319,Anesu Matiza,45,Female,Hwange,High,Individual,85,2,Mobile Money,5,3,0,2,5,3,70
3320,Rutendo Munyai,52,Female,Chitungwiza,High,Individual,114,2,Cash,0,4,0,0,1,5,38
3321,Tendai Mataruse,38,Male,Bindura,Medium,Family,93,5,Ecocash,7,0,0,0,3,3,59
3322,Nyarai Mataruse,73,Male,Mutare,Medium,Individual,78,4,Ecocash,2,2,2,1,2,5,52
3323,Memory Mutsvangwa,22,Male,Mutare,High,Individual,46,1,Mobile Money,6,5,2,0,9,4,100
3324,Shamiso Mataruse,26,Female,Marondera,Low,Individual,114,2,Cash,1,0,3,2,8,1,75
3325,Tapiwa Mutizwa,31,Female,Chegutu,Medium,Family,14,3,Cash,0,2,0,3,1,4,32
3326,Tawanda Masuku,58,Male,Chegutu,High,Individual,23,3,Cash,6,4,4,3,8,3,100
3327,Tinashe Mutambara,61,Male,Bindura,Medium,Individual,85,3,Cash,7,0,2,1,4,5,63
3328,Kudakwashe Mashiri,61,Female,Kadoma,Low,Family,71,3,Ecocash,6,4,1,0,7,1,100
3329,Tawanda Chikowore,38,Male,Norton,Medium,Family,115,4,Cash,9,2,1,3,9,4,85
3330,Tendekai Mpofu,44,Male,Kadoma,Low,Individual,49,3,Cash,3,4,0,0,4,2,75
3331,Ashley Mutasa,44,Female,Chegutu,Low,Individual,93,0,Cash,8,2,1,1,9,3,88
3332,Prince Nkomo,28,Female,Kwekwe,Low,Family,38,1,Mobile Money,8,5,0,3,9,1,100
3333,Melody Munyoro,42,Female,Gweru,High,Individual,80,1,Cash,1,3,2,3,9,5,54
3334,Tariro Sibanda,68,Female,Hwange,Low,Individual,28,2,Mobile Money,3,1,2,3,3,2,74
3335,Precious Chikore,62,Male,Kariba,Medium,Family,43,1,Ecocash,1,3,4,2,7,2,98
3336,Faith Mupunga,34,Male,Chegutu,Medium,Individual,50,3,Bank Debit,9,4,2,0,8,5,100
3337,Takudzwa Chikafu,33,Male,Chitungwiza,Low,Individual,89,2,Mobile Money,0,2,3,0,9,1,84
3338,Ashley Mupamhanga,53,Female,Gweru,Medium,Family,96,0,Cash,8,2,0,2,9,4,70
3339,Tatenda Munyoro,34,Male,Chitungwiza,Medium,Family,87,4,Cash,6,2,3,1,2,4,90
3340,Tinashe Nkomo,49,Male,Victoria Falls,Medium,Individual,103,3,Mobile Money,6,1,2,3,2,5,65
3341,Tatenda Mhlanga,30,Female,Harare,Low,Individual,90,1,Mobile Money,7,4,3,0,3,1,100
3342,Rudo Dube,70,Male,Kwekwe,High,Family,104,1,Cash,6,0,0,1,3,1,70
3343,Kundai Munetsi,43,Female,Mutare,Medium,Individual,11,1,Mobile Money,8,2,2,2,8,3,98
3344,Prince Mashava,54,Male,Kadoma,Medium,Individual,52,5,Bank Debit,9,0,0,2,5,3,69
3345,Anesu Mutasa,71,Male,Harare,High,Family,94,1,Cash,6,4,2,1,8,2,100
3346,Tawanda Masango,72,Male,Kariba,High,Individual,40,2,Ecocash,9,5,0,0,9,4,96
3347,Rumbidzai Ndlovu,26,Male,Harare,Medium,Family,34,4,Bank Debit,1,4,3,2,2,3,87
3348,Blessing Nkala,45,Male,Hwange,High,Family,72,5,Mobile Money,2,0,0,3,9,2,42
3349,Precious Munetsi,44,Male,Kwekwe,Medium,Family,103,3,Ecocash,0,4,1,2,9,2,70
3350,Rudo Masango,47,Female,Masvingo,Low,Family,102,1,Mobile Money,4,5,1,2,3,3,89
3351,Tinotenda Sibanda,57,Male,Gweru,Low,Family,93,4,Bank Debit,7,5,3,3,1,3,100
3352,Blessing Ncube,41,Female,Marondera,Low,Individual,117,4,Mobile Money,3,0,1,1,6,2,57
3353,Nyasha Chikore,24,Male,Masvingo,Medium,Family,67,2,Ecocash,7,5,0,0,1,1,100
3354,Shingirai Mashingaidze,74,Female,Bindura,Low,Individual,79,0,Bank Debit,8,1,3,0,4,2,100
3355,Simbarashe Mashava,68,Male,Kadoma,Low,Individual,102,0,Bank Debit,0,5,2,1,4,4,71
3356,Memory Mashiri,64,Female,Hwange,High,Family,31,4,Bank Debit,4,5,2,3,4,5,83
3357,Rumbidzai Mashingaidze,20,Female,Bindura,Medium,Individual,66,1,Mobile Money,2,5,3,3,7,1,100
3358,Tariro Munyai,41,Female,Victoria Falls,Low,Individual,74,0,Ecocash,8,5,4,0,6,3,100
3359,Shingirai Mupfumi,23,Male,Masvingo,Low,Individual,10,1,Mobile Money,3,4,4,0,1,3,100
3360,Taurai Mashava,23,Female,Masvingo,Medium,Family,112,1,Ecocash,8,5,0,2,6,4,91
3361,Prince Mapfumo,61,Male,Norton,High,Individual,40,2,Mobile Money,8,1,4,2,3,3,100
3362,Rutendo Chikafu,51,Male,Kariba,Low,Individual,21,5,Mobile Money,1,2,0,1,1,5,29
3363,Tatenda Mupoperi,41,Female,Norton,High,Individual,13,2,Bank Debit,8,0,0,0,2,5,48
3364,Taurai Munetsi,56,Female,Hwange,High,Individual,81,1,Ecocash,9,5,3,3,6,3,100
3365,Memory Mpofu,46,Female,Bindura,Medium,Family,78,5,Cash,5,5,2,2,1,4,98
3366,Shingirai Chirinda,47,Female,Kariba,Medium,Family,36,1,Mobile Money,1,3,3,3,6,5,64
3367,Tinashe Mupinga,62,Female,Harare,High,Individual,67,4,Mobile Money,9,0,3,1,8,4,91
3368,Rutendo Mutizwa,56,Female,Bindura,Medium,Individual,79,1,Ecocash,5,4,1,0,6,3,87
3369,Precious Mashingaidze,61,Male,Chitungwiza,Low,Individual,76,0,Cash,5,1,0,3,3,4,48
3370,Brian Mashiri,49,Female,Kariba,High,Family,26,0,Ecocash,0,1,2,2,6,5,35
3371,Tendekai Mutsvangwa,45,Male,Bulawayo,High,Individual,76,0,Ecocash,8,5,4,2,7,3,100
3372,Tadiwa Chirume,41,Female,Kadoma,Low,Family,108,0,Cash,6,1,0,2,3,2,69
3373,Ashley Chikowore,29,Male,Kariba,Low,Family,104,1,Bank Debit,0,1,3,1,8,3,61
3374,Tonderai Mpofu,32,Male,Bulawayo,High,Family,66,4,Ecocash,2,5,1,0,2,4,71
3375,Farai Chikwanda,64,Female,Chegutu,Medium,Individual,73,3,Bank Debit,1,0,1,0,5,5,23
3376,Tendai Ncube,49,Male,Harare,Medium,Family,14,3,Mobile Money,8,0,4,2,1,2,100
3377,Kudzai Chikowore,18,Male,Marondera,High,Individual,94,4,Ecocash,6,0,2,3,7,4,66
3378,Natsai Mutambara,26,Male,Chitungwiza,High,Individual,50,4,Mobile Money,5,0,0,0,1,3,51
3379,Faith Mupfumi,73,Male,Victoria Falls,Low,Family,88,2,Bank Debit,2,3,3,1,6,2,93
3380,Faith Mupfumi,55,Male,Masvingo,Low,Individual,52,3,Mobile Money,8,0,0,1,3,2,72
3381,Tapiwa Mupunga,38,Male,Chegutu,High,Family,96,3,Mobile Money,2,1,4,3,6,1,97
3382,Fadzai Chikore,63,Male,Chitungwiza,Medium,Individual,67,2,Mobile Money,8,0,2,0,3,3,84
3383,Tariro Masuku,70,Male,Kadoma,High,Individual,74,1,Mobile Money,3,4,2,0,9,2,95
3384,Kudakwashe Munyoro,60,Male,Norton,Low,Individual,41,2,Mobile Money,9,1,3,2,9,1,100
3385,Faith Chikowore,35,Male,Chitungwiza,Low,Family,78,0,Bank Debit,6,0,0,1,4,4,46
3386,Anesu Mupfumi,66,Male,Chegutu,High,Family,115,3,Cash,7,4,0,3,5,1,100
3387,Kudakwashe Mapfumo,18,Female,Norton,High,Family,42,3,Bank Debit,3,5,0,3,1,2,84
3388,Farai Nkala,31,Male,Chitungwiza,Low,Individual,117,4,Cash,7,5,4,0,2,1,100
3389,Taurai Matiza,33,Female,Kariba,Low,Individual,49,3,Bank Debit,4,1,2,0,7,4,63
3390,Rumbidzai Mutsvairo,23,Female,Masvingo,Medium,Individual,86,1,Ecocash,8,5,3,3,3,3,100
3391,Melody Masango,43,Female,Victoria Falls,High,Family,65,0,Ecocash,8,1,2,0,8,1,100
3392,Tinotenda Matiza,28,Female,Kariba,High,Individual,68,4,Mobile Money,4,0,3,3,4,2,82
3393,Tonderai Munyai,43,Male,Masvingo,Low,Individual,106,2,Ecocash,3,1,1,2,5,3,56
3394,Kundai Masuku,22,Male,Bulawayo,Medium,Individual,104,3,Mobile Money,1,5,1,3,1,4,68
3395,Brian Sibanda,45,Female,Norton,Low,Family,119,2,Bank Debit,6,2,1,1,5,3,78
3396,Farai Mataruse,25,Male,Norton,High,Family,11,5,Cash,2,5,4,0,1,3,100
3397,Simba Mataruse,28,Female,Chegutu,High,Individual,21,0,Mobile Money,0,0,3,1,2,2,62
3398,Elton Mapfumo,70,Female,Marondera,Low,Family,17,1,Bank Debit,7,3,1,2,1,1,100
3399,Tonderai Munetsi,18,Female,Kwekwe,Low,Individual,74,2,Ecocash,2,1,0,3,3,2,49
3400,Simbarashe Masango,67,Male,Bindura,Low,Individual,94,1,Ecocash,5,1,2,1,3,2,84
3401,Tanaka Mupfumi,35,Female,Kadoma,Low,Family,13,5,Cash,3,5,1,3,6,3,84
3402,Anesu Nkala,29,Female,Masvingo,Medium,Family,99,0,Ecocash,8,0,0,3,5,1,80
3403,Shingirai Chigumba,71,Female,Norton,High,Family,31,3,Mobile Money,3,0,2,2,4,2,67
3404,Farai Mupinga,68,Male,Victoria Falls,Medium,Individual,77,4,Ecocash,9,4,3,0,4,3,100
3405,Tonderai Mashingaidze,34,Male,Chitungwiza,High,Family,65,2,Bank Debit,3,0,2,2,8,1,75
3406,Melody Nkomo,69,Female,Kadoma,Low,Individual,70,5,Bank Debit,7,4,0,3,8,2,95
3407,Melody Chikore,66,Female,Masvingo,Low,Family,27,0,Bank Debit,9,3,3,3,1,2,100
3408,Rudo Munyoro,37,Male,Kadoma,Medium,Family,42,0,Ecocash,8,0,0,2,1,2,74
3409,Tawanda Chikwanda,74,Female,Mutare,High,Individual,42,1,Bank Debit,4,3,0,1,7,5,49
3410,Melody Moyo,26,Female,Norton,High,Individual,51,3,Bank Debit,8,3,4,0,6,1,100
3411,Simbarashe Chirume,50,Male,Mutare,Medium,Family,52,5,Mobile Money,3,2,0,1,8,3,53
3412,Tariro Sibanda,34,Female,Kadoma,Low,Individual,87,4,Bank Debit,5,2,0,0,6,2,71
3413,Simbarashe Munyai,23,Male,Bulawayo,Low,Individual,85,0,Bank Debit,7,3,0,2,2,1,96
3414,Precious Masuku,42,Male,Bindura,High,Family,119,5,Cash,8,2,0,3,7,2,86
3415,Rudo Dube,39,Female,Victoria Falls,High,Family,99,2,Cash,6,0,0,2,8,4,46
3416,Tanaka Mapfumo,41,Female,Kariba,High,Family,34,0,Ecocash,8,2,1,1,2,5,72
3417,Faith Mutsvairo,33,Female,Gweru,Low,Individual,61,2,Bank Debit,4,4,4,0,5,4,100
3418,Takudzwa Mapfumo,43,Female,Harare,Medium,Individual,37,3,Mobile Money,2,3,4,2,9,5,79
3419,Simbarashe Chiweshe,72,Female,Hwange,High,Individual,46,1,Bank Debit,4,0,1,0,2,4,46
3420,Simbarashe Chikore,51,Female,Masvingo,Medium,Family,24,4,Cash,0,2,3,0,2,2,76
3421,Elton Mupoperi,51,Male,Kwekwe,High,Family,65,5,Ecocash,3,0,4,2,9,3,79
3422,Shingirai Nkomo,58,Male,Kariba,Medium,Family,118,1,Mobile Money,2,4,4,0,1,2,100
3423,Prince Chikore,44,Male,Kariba,Medium,Family,110,4,Cash,6,4,0,3,8,3,82
3424,Precious Chikowore,20,Female,Kwekwe,Medium,Family,55,0,Ecocash,6,5,4,1,7,4,100
3425,Tawanda Mashiri,52,Male,Harare,High,Family,51,0,Mobile Money,7,3,1,1,3,2,98
3426,Farai Chigumba,25,Male,Marondera,Low,Family,63,0,Ecocash,6,5,4,2,1,1,100
3427,Tanaka Chikwanda,22,Female,Kariba,High,Individual,64,0,Mobile Money,2,4,4,3,6,2,100
3428,Tadiwa Mashingaidze,59,Female,Bulawayo,High,Individual,30,4,Ecocash,0,1,1,2,7,2,49
3429,Tadiwa Ndlovu,41,Male,Norton,Low,Family,20,3,Mobile Money,0,0,4,2,9,5,48
3430,Tinashe Mutambara,20,Female,Victoria Falls,Low,Family,47,0,Cash,4,3,2,3,1,2,95
3431,Melody Mutsvangwa,73,Female,Bulawayo,Low,Family,111,3,Ecocash,0,4,2,2,2,1,88
3432,Rumbidzai Mupfudze,72,Female,Harare,High,Family,70,2,Bank Debit,1,2,1,2,1,3,55
3433,Simbarashe Mupinga,54,Male,Kadoma,Low,Family,43,3,Mobile Money,4,1,0,2,7,5,35
3434,Kundai Mupamhanga,31,Male,Bindura,Medium,Individual,80,3,Cash,7,2,1,1,5,4,75
3435,Tinashe Mapfumo,49,Female,Chegutu,Medium,Family,45,0,Cash,6,1,0,2,3,5,45
3436,Kudakwashe Nkala,59,Male,Bulawayo,High,Individual,58,1,Mobile Money,5,0,4,1,2,1,100
3437,Tatenda Mashingaidze,67,Male,Bulawayo,High,Family,91,5,Bank Debit,8,0,4,1,7,4,96
3438,Ashley Mhlanga,35,Female,Harare,Medium,Family,66,4,Ecocash,8,0,2,3,5,2,92
3439,Tinashe Mutsvairo,36,Female,Gweru,Low,Individual,22,2,Ecocash,7,0,1,3,7,5,53
3440,Ashley Chikore,67,Male,Harare,High,Individual,43,2,Ecocash,9,3,4,1,9,5,100
3441,Kudakwashe Mutambara,71,Male,Mutare,Low,Family,88,2,Cash,9,1,0,3,4,5,60
3442,Rumbidzai Chikwanda,26,Female,Bindura,Low,Individual,57,3,Cash,3,5,1,0,4,2,92
3443,Shingirai Chikafu,32,Female,Bindura,High,Individual,60,4,Mobile Money,6,0,4,0,4,5,78
3444,Faith Chikore,44,Female,Kadoma,Medium,Individual,69,0,Bank Debit,2,4,4,2,6,4,94
3445,Tanaka Ndlovu,57,Male,Hwange,High,Family,94,1,Ecocash,2,1,4,0,1,3,83
3446,Blessing Mashiri,27,Female,Masvingo,Low,Individual,65,5,Mobile Money,3,5,3,3,7,5,88
3447,Tadiwa Mutsvangwa,62,Female,Chitungwiza,High,Individual,59,3,Ecocash,6,1,0,0,2,1,77
3448,Fadzai Ncube,71,Male,Chitungwiza,Low,Individual,84,5,Mobile Money,0,0,0,2,2,1,40
3449,Tinashe Mutasa,73,Female,Harare,Low,Family,54,5,Ecocash,7,4,4,3,1,1,100
3450,Fadzai Moyo,37,Male,Kadoma,High,Family,77,0,Cash,4,4,3,0,2,2,100
3451,Fadzai Mutsvangwa,35,Female,Norton,Medium,Family,83,0,Mobile Money,2,0,0,1,9,2,42
3452,Simbarashe Dube,41,Male,Kariba,Low,Individual,21,5,Cash,5,2,2,2,4,5,67
3453,Tinotenda Mutasa,37,Female,Kariba,High,Individual,53,3,Cash,3,1,4,3,7,1,100
3454,Tariro Munyoro,73,Female,Gweru,Low,Individual,115,4,Mobile Money,6,0,0,0,6,1,70
3455,Shingirai Mupinga,39,Male,Bulawayo,Medium,Individual,33,2,Bank Debit,5,0,3,3,8,1,95
3456,Shamiso Munyoro,56,Male,Marondera,Medium,Individual,32,2,Mobile Money,0,3,4,1,7,4,77
3457,Kundai Mupunga,64,Male,Kadoma,Medium,Individual,109,4,Mobile Money,1,1,4,3,1,1,94
3458,Farai Mupunga,43,Female,Gweru,Low,Individual,22,3,Cash,6,5,3,0,7,4,100
3459,Natsai Mutasa,21,Male,Kariba,High,Individual,93,0,Cash,3,0,2,0,2,1,75
3460,Kundai Mashiri,51,Male,Kwekwe,High,Family,14,4,Cash,7,3,1,3,1,4,84
3461,Anesu Mutsvairo,67,Female,Chegutu,Low,Individual,66,1,Mobile Money,1,0,2,0,8,4,41
3462,Tafadzwa Moyo,26,Male,Gweru,Medium,Individual,25,4,Mobile Money,1,3,4,2,4,2,98
3463,Tadiwa Mupunga,69,Female,Bulawayo,High,Family,94,4,Bank Debit,7,5,2,0,4,5,98
3464,Nyasha Mupunga,25,Female,Marondera,Low,Family,47,4,Ecocash,4,1,1,0,1,2,71
3465,Brian Mutsvairo,35,Female,Chegutu,Low,Family,66,4,Bank Debit,2,1,1,3,2,3,51
3466,Tapiwa Sibanda,37,Male,Harare,Low,Family,42,3,Mobile Money,0,2,0,3,9,1,54
3467,Prince Mataruse,39,Male,Bindura,Low,Individual,101,3,Mobile Money,0,0,0,1,2,2,32
3468,Kudakwashe Sibanda,32,Female,Kadoma,Low,Family,113,1,Cash,1,3,3,3,2,3,80
3469,Shingirai Mupunga,71,Female,Bindura,Medium,Individual,78,4,Cash,9,5,3,1,9,1,100
3470,Shingirai Masango,59,Male,Chegutu,Medium,Individual,33,1,Ecocash,2,5,1,2,8,3,79
3471,Tendai Ndlovu,38,Female,Bulawayo,Medium,Individual,119,2,Ecocash,3,5,1,1,1,3,86
3472,Fadzai Masuku,38,Male,Chegutu,High,Family,68,1,Ecocash,6,2,2,1,4,1,100
3473,Tatenda Chikwanda,41,Male,Kariba,High,Family,37,2,Ecocash,7,5,4,1,2,5,100
3474,Shingirai Mutizwa,47,Male,Norton,Low,Family,28,1,Mobile Money,1,4,2,0,2,5,61
3475,Tonderai Chiweshe,64,Male,Hwange,Medium,Individual,55,0,Cash,5,0,0,3,5,3,49
3476,Tonderai Chikafu,29,Female,Chitungwiza,Low,Family,88,4,Cash,2,1,4,3,4,2,89
3477,Tapiwa Chibanda,26,Male,Harare,Low,Individual,105,4,Bank Debit,3,3,3,1,6,1,100
3478,Tafadzwa Mupamhanga,50,Female,Harare,Medium,Family,107,2,Mobile Money,3,1,1,0,8,3,56
3479,Tinotenda Nkomo,35,Male,Kwekwe,Medium,Individual,11,1,Cash,4,0,3,3,5,4,66
3480,Tafadzwa Chikwanda,24,Female,Victoria Falls,Medium,Family,117,2,Ecocash,8,3,1,0,5,5,79
3481,Tatenda Chikore,45,Male,Harare,Medium,Individual,93,5,Ecocash,8,1,1,1,9,5,65
3482,Anesu Dube,55,Female,Harare,High,Individual,46,0,Cash,0,2,3,2,6,2,76
3483,Takudzwa Mashava,24,Female,Kwekwe,Low,Individual,63,1,Ecocash,9,3,0,3,3,4,82
3484,Rumbidzai Chibanda,37,Male,Victoria Falls,Medium,Individual,70,1,Cash,3,5,1,2,6,3,84
3485,Clive Chikwanda,73,Female,Hwange,Low,Individual,36,1,Mobile Money,2,1,2,0,9,5,45
3486,Kudzai Mutasa,59,Male,Kariba,High,Family,52,4,Mobile Money,8,3,1,3,1,2,100
3487,Clive Sibanda,49,Female,Kadoma,Medium,Family,29,5,Ecocash,6,0,4,2,2,5,78
3488,Natsai Mutasa,47,Male,Mutare,High,Individual,83,1,Mobile Money,0,2,0,3,8,2,46
3489,Memory Mupamhanga,73,Female,Norton,Low,Individual,49,4,Cash,5,0,1,1,8,4,51
3490,Clive Chibanda,74,Female,Marondera,High,Individual,37,3,Bank Debit,8,5,3,3,9,3,100
3491,Kudakwashe Munetsi,23,Male,Hwange,High,Family,49,2,Ecocash,5,4,0,0,3,5,61
3492,Rudo Nkala,49,Male,Harare,Low,Family,51,0,Ecocash,3,4,1,1,1,5,63
3493,Takudzwa Mashava,59,Male,Marondera,Medium,Individual,101,0,Ecocash,0,3,2,2,4,1,81
3494,Natsai Mashava,62,Female,Kadoma,High,Individual,94,2,Ecocash,7,4,3,0,7,5,100
3495,Kudzai Chikwanda,57,Female,Marondera,Medium,Family,15,5,Bank Debit,2,5,4,3,9,1,100
3496,Rutendo Mupunga,64,Male,Masvingo,Low,Individual,41,4,Ecocash,3,4,2,1,2,2,95
3497,Tonderai Chikafu,68,Male,Gweru,Medium,Individual,75,0,Cash,2,0,2,1,6,2,62
3498,Clive Moyo,47,Male,Kadoma,Medium,Family,85,4,Ecocash,0,3,3,0,3,3,75
3499,Tapiwa Munyai,66,Male,Kariba,Medium,Individual,102,2,Cash,3,3,1,1,2,5,54
3500,Tonderai Mupoperi,50,Male,Bindura,Medium,Individual,42,3,Bank Debit,6,5,0,1,7,2,97
3501,Simbarashe Chikwanda,72,Female,Marondera,Medium,Family,71,0,Ecocash,0,2,2,0,3,3,58
3502,Tendekai Mutambara,32,Male,Hwange,Low,Individual,58,0,Ecocash,9,2,1,3,1,3,95
3503,Kudakwashe Moyo,73,Male,Kwekwe,High,Family,108,4,Bank Debit,1,3,0,2,1,3,52
3504,Memory Mataruse,56,Female,Norton,Low,Family,48,5,Ecocash,3,5,0,3,1,5,60
3505,Takudzwa Mupunga,37,Female,Masvingo,Medium,Individual,33,2,Mobile Money,3,0,4,2,8,5,63
3506,Simbarashe Munetsi,41,Male,Norton,Medium,Family,10,2,Ecocash,7,0,3,0,5,1,100
3507,Nyarai Mutsvangwa,47,Female,Masvingo,Low,Individual,48,4,Mobile Money,5,5,1,0,6,3,94
3508,Melody Dube,57,Female,Bindura,High,Individual,15,4,Ecocash,5,1,1,1,2,5,50
3509,Takudzwa Mapfumo,23,Female,Mutare,High,Family,72,5,Mobile Money,2,4,4,3,8,3,100
3510,Elton Chikore,47,Female,Gweru,Medium,Family,51,3,Bank Debit,6,1,2,1,8,3,81
3511,Tinotenda Chikwanda,46,Female,Chegutu,High,Family,35,2,Bank Debit,0,5,1,2,8,4,61
3512,Farai Mutasa,39,Female,Bulawayo,Medium,Individual,92,5,Ecocash,3,1,2,1,1,1,84
3513,Precious Ncube,20,Female,Kwekwe,Low,Family,44,5,Bank Debit,9,3,3,3,3,1,100
3514,Precious Dube,56,Male,Bindura,High,Family,114,3,Cash,0,2,3,3,9,1,84
3515,Kundai Mupfumi,57,Female,Hwange,Medium,Individual,23,5,Ecocash,1,4,2,3,2,1,93
3516,Tadiwa Mupinga,28,Male,Bindura,Medium,Individual,31,1,Ecocash,1,0,4,2,5,4,61
3517,Shamiso Mupoperi,22,Female,Mutare,High,Individual,23,1,Cash,3,2,4,1,5,4,85
3518,Takudzwa Mutambara,37,Male,Chitungwiza,Medium,Family,100,0,Ecocash,5,4,2,3,7,3,97
3519,Taurai Mpofu,21,Female,Norton,Medium,Individual,60,5,Cash,8,3,3,3,9,3,100
3520,Simbarashe Mutsvangwa,47,Female,Bindura,Medium,Family,81,3,Cash,1,5,0,2,6,3,64
3521,Natsai Masango,30,Female,Norton,Low,Individual,103,3,Ecocash,5,3,1,3,1,1,98
3522,Tonderai Munyoro,25,Male,Norton,High,Individual,56,0,Ecocash,9,2,2,0,8,4,95
3523,Melody Mataruse,74,Male,Chitungwiza,Medium,Family,112,5,Cash,8,5,3,3,6,5,100
3524,Shamiso Nkala,24,Female,Chegutu,High,Family,93,2,Cash,7,1,0,2,7,1,82
3525,Prince Nkomo,70,Female,Hwange,Low,Individual,118,5,Bank Debit,2,4,0,0,6,1,78
3526,Rudo Mataruse,37,Male,Kadoma,High,Family,50,0,Bank Debit,5,3,2,1,8,4,82
3527,Taurai Masuku,24,Male,Bindura,Medium,Individual,109,2,Cash,4,2,3,1,2,3,88
3528,Tendai Chigumba,71,Female,Mutare,Medium,Family,86,3,Bank Debit,2,0,2,0,6,1,70
3529,Natsai Chirinda,32,Female,Chegutu,High,Family,112,3,Ecocash,8,5,3,0,9,5,100
3530,Tawanda Chirume,31,Male,Victoria Falls,Low,Family,104,2,Ecocash,8,1,2,0,5,2,99
3531,Tawanda Munyoro,45,Male,Marondera,Low,Individual,85,0,Cash,0,3,3,1,2,1,91
3532,Brian Mashingaidze,54,Female,Masvingo,Medium,Individual,52,2,Ecocash,5,4,3,1,8,3,100
3533,Prince Munyoro,45,Male,Chegutu,Low,Family,106,5,Mobile Money,3,4,4,2,2,2,100
3534,Precious Mupunga,29,Female,Chitungwiza,High,Individual,45,2,Bank Debit,8,1,3,0,6,2,100
3535,Anesu Mhlanga,33,Male,Gweru,High,Family,51,4,Cash,9,5,1,1,9,3,100
3536,Brian Mupfumi,49,Male,Bulawayo,High,Family,58,2,Mobile Money,5,5,1,0,5,1,100
3537,Anesu Chikwanda,62,Male,Gweru,Low,Individual,59,5,Mobile Money,8,2,1,3,4,1,100
3538,Nyasha Mupunga,57,Male,Victoria Falls,Medium,Individual,55,0,Ecocash,2,2,4,0,3,2,96
3539,Taurai Nkala,32,Female,Harare,High,Family,105,2,Bank Debit,2,2,1,1,2,1,74
3540,Rumbidzai Munyoro,31,Female,Harare,High,Individual,94,1,Mobile Money,3,0,1,2,9,5,33
3541,Tanaka Nkala,39,Male,Masvingo,High,Individual,71,3,Bank Debit,8,5,4,3,9,1,100
3542,Tinashe Munetsi,31,Male,Norton,High,Family,28,3,Bank Debit,6,2,0,0,5,4,60
3543,Faith Chigumba,51,Female,Victoria Falls,Medium,Individual,32,1,Bank Debit,3,5,0,2,1,2,84
3544,Tonderai Chirume,37,Female,Kadoma,Medium,Family,48,3,Ecocash,8,4,3,0,6,4,100
3545,Taurai Masango,59,Female,Bulawayo,Medium,Individual,50,1,Ecocash,6,2,3,2,1,4,92
3546,Elton Moyo,66,Female,Gweru,Low,Individual,117,1,Cash,2,5,4,1,4,5,93
3547,Rutendo Chirume,20,Female,Marondera,High,Individual,91,5,Bank Debit,6,2,1,0,9,1,94
3548,Takudzwa Mupfudze,41,Female,Kwekwe,Medium,Family,45,3,Mobile Money,2,4,0,1,4,3,62
3549,Tawanda Chiweshe,26,Female,Victoria Falls,High,Individual,11,2,Bank Debit,0,4,3,1,9,3,82
3550,Shingirai Mutsvangwa,64,Female,Kariba,High,Individual,17,5,Ecocash,9,0,2,2,6,3,89
3551,Kudzai Mupoperi,42,Male,Chitungwiza,Medium,Individual,118,2,Bank Debit,7,2,3,3,6,3,100
3552,Taurai Mataruse,43,Male,Bindura,Medium,Family,102,3,Bank Debit,8,5,4,3,3,2,100
3553,Melody Nkomo,61,Female,Marondera,Medium,Individual,72,0,Bank Debit,8,0,2,0,5,3,84
3554,Nyarai Mupunga,54,Female,Chegutu,Low,Family,57,5,Mobile Money,7,0,0,2,9,1,75
3555,Tinotenda Chikowore,38,Female,Chitungwiza,High,Family,83,5,Mobile Money,9,3,0,0,3,3,90
3556,Farai Mhlanga,66,Female,Kadoma,Medium,Individual,18,2,Cash,7,1,0,2,9,1,82
3557,Kundai Mashiri,53,Male,Bulawayo,Low,Individual,66,1,Ecocash,5,1,2,2,6,1,92
3558,Shingirai Mutambara,44,Male,Chegutu,Low,Individual,30,1,Mobile Money,2,2,4,1,1,5,74
3559,Rudo Ndlovu,23,Female,Gweru,Medium,Individual,92,4,Cash,4,3,0,0,1,4,59
3560,Anesu Mhlanga,56,Male,Hwange,High,Individual,94,4,Cash,2,5,4,0,8,3,100
3561,Tatenda Chirume,52,Female,Kwekwe,High,Individual,115,4,Cash,7,4,2,0,8,1,100
3562,Kudzai Mapfumo,58,Female,Chegutu,Medium,Family,35,4,Ecocash,1,1,3,0,1,3,68
3563,Fadzai Mupfumi,35,Male,Victoria Falls,Medium,Individual,26,5,Cash,1,4,4,3,1,3,99
3564,Prince Mashingaidze,48,Male,Kariba,Low,Individual,109,1,Mobile Money,7,2,2,1,6,5,77
3565,Farai Mutsvairo,51,Male,Bindura,High,Individual,60,0,Ecocash,8,0,3,3,6,2,100
3566,Tinashe Mutasa,57,Female,Chegutu,Low,Family,31,1,Ecocash,6,2,4,2,8,1,100
3567,Tapiwa Nkala,48,Male,Mutare,High,Individual,56,5,Mobile Money,4,3,3,3,1,3,97
3568,Tariro Mpofu,30,Female,Chitungwiza,Medium,Family,64,3,Cash,2,2,3,2,1,1,96
3569,Blessing Mupoperi,46,Female,Kadoma,Medium,Individual,84,0,Cash,2,1,3,3,5,5,55
3570,Rudo Moyo,74,Female,Victoria Falls,Low,Family,69,5,Bank Debit,8,0,3,3,9,4,86
3571,Natsai Chikowore,43,Male,Masvingo,Low,Family,27,4,Mobile Money,0,1,4,2,7,5,55
3572,Fadzai Mupfudze,20,Female,Kwekwe,Medium,Family,70,0,Mobile Money,9,1,2,1,1,3,98
3573,Tendekai Mataruse,46,Female,Marondera,High,Family,52,3,Mobile Money,2,0,2,2,8,1,70
3574,Brian Mupoperi,64,Female,Kwekwe,Medium,Individual,19,0,Bank Debit,4,4,3,0,5,2,100
3575,Simbarashe Chibanda,39,Female,Kwekwe,Low,Individual,33,3,Mobile Money,3,2,4,3,5,4,85
3576,Faith Masuku,41,Male,Marondera,High,Individual,114,2,Cash,6,3,4,2,7,2,100
3577,Faith Mutasa,59,Male,Kadoma,Low,Family,48,5,Ecocash,2,5,3,0,7,2,100
3578,Simba Munyai,50,Female,Bulawayo,Low,Family,66,5,Mobile Money,8,1,0,2,7,5,55
3579,Blessing Mataruse,51,Female,Mutare,High,Family,110,0,Bank Debit,0,3,4,3,9,3,85
3580,Brian Mutambara,55,Female,Bulawayo,High,Individual,117,0,Bank Debit,1,0,2,1,7,5,33
3581,Tadiwa Chirume,43,Male,Bindura,Medium,Family,28,2,Bank Debit,5,3,0,3,3,5,54
3582,Tinashe Nkomo,19,Male,Mutare,Medium,Family,88,5,Ecocash,8,1,0,1,7,5,55
3583,Anesu Mashiri,41,Male,Norton,Medium,Individual,110,1,Ecocash,1,5,3,2,3,4,86
3584,Tawanda Chikafu,33,Male,Chegutu,Low,Individual,107,3,Bank Debit,0,5,2,3,7,3,79
3585,Rumbidzai Chiweshe,28,Female,Kariba,High,Family,41,0,Bank Debit,7,4,4,3,3,2,100
3586,Tatenda Chikafu,69,Male,Kwekwe,Medium,Individual,86,5,Ecocash,6,0,3,0,4,3,84
3587,Farai Chiweshe,34,Female,Masvingo,High,Family,79,0,Cash,5,0,1,0,6,2,67
3588,Kudakwashe Mupamhanga,74,Female,Hwange,High,Individual,42,3,Mobile Money,1,0,0,3,9,5,13
3589,Tafadzwa Mupinga,58,Male,Harare,Low,Individual,91,1,Bank Debit,0,0,4,0,2,2,72
3590,Kudzai Masuku,74,Male,Bindura,High,Individual,57,2,Cash,0,4,2,0,6,3,72
3591,Faith Munetsi,73,Female,Masvingo,Low,Individual,36,1,Ecocash,0,5,4,3,9,1,100
3592,Nyasha Mashingaidze,55,Female,Mutare,Medium,Family,80,0,Mobile Money,0,1,4,0,2,1,87
3593,Simbarashe Mupunga,59,Male,Chitungwiza,Medium,Family,86,3,Bank Debit,4,1,1,2,8,4,53
3594,Prince Ncube,24,Female,Marondera,Medium,Family,67,1,Mobile Money,7,0,3,2,7,5,73
3595,Nyarai Masuku,74,Female,Kariba,High,Individual,32,1,Bank Debit,1,1,1,2,9,3,46
3596,Nyarai Ncube,40,Male,Chegutu,High,Individual,70,4,Ecocash,3,3,3,0,7,3,90
3597,Simba Dube,40,Male,Marondera,Low,Individual,66,1,Bank Debit,7,5,1,0,2,2,100
3598,Simbarashe Mashava,42,Female,Mutare,High,Family,72,1,Cash,2,3,1,3,7,3,65
3599,Memory Mutsvairo,18,Female,Chegutu,Medium,Individual,111,3,Mobile Money,5,2,1,2,8,4,65
3600,Simba Chibanda,63,Female,Kariba,Low,Individual,35,0,Bank Debit,2,1,4,1,7,1,97
3601,Farai Munetsi,22,Female,Kwekwe,Medium,Family,115,4,Ecocash,7,0,2,2,9,5,63
3602,Anesu Munyoro,29,Female,Kwekwe,Medium,Family,69,4,Bank Debit,6,5,2,3,3,3,100
3603,Rudo Mapfumo,21,Female,Kadoma,High,Family,92,3,Mobile Money,9,0,3,2,1,2,100
3604,Tariro Mupinga,67,Female,Kwekwe,High,Individual,32,3,Ecocash,7,0,0,0,4,4,51
3605,Rutendo Mutizwa,47,Female,Bindura,Low,Family,22,0,Cash,6,3,0,2,9,4,67
3606,Tanaka Mutizwa,53,Male,Kadoma,High,Family,52,4,Ecocash,4,1,4,3,2,1,100
3607,Tonderai Mupinga,55,Male,Bulawayo,Medium,Family,25,4,Bank Debit,0,4,4,3,3,3,92
3608,Clive Mhlanga,33,Male,Marondera,Low,Individual,19,1,Cash,0,3,3,1,5,4,67
3609,Tendekai Dube,60,Female,Bulawayo,Low,Family,88,1,Ecocash,6,5,1,2,4,5,83
3610,Fadzai Masuku,37,Male,Chitungwiza,High,Family,13,4,Ecocash,4,4,0,1,6,3,72
3611,Tanaka Chikafu,70,Male,Chitungwiza,High,Individual,73,1,Ecocash,0,5,3,2,5,4,81
3612,Takudzwa Nkala,47,Male,Chitungwiza,High,Individual,95,5,Mobile Money,4,3,1,2,9,3,75
3613,Kudzai Chikwanda,25,Male,Bulawayo,High,Family,108,3,Cash,7,4,4,0,8,1,100
3614,Elton Dube,34,Male,Hwange,Low,Individual,90,2,Bank Debit,2,5,2,0,6,5,73
3615,Shingirai Mpofu,37,Female,Chegutu,Low,Individual,95,3,Bank Debit,5,3,1,3,2,1,96
3616,Fadzai Masango,74,Female,Norton,Low,Family,21,4,Mobile Money,7,0,0,1,3,5,43
3617,Prince Mupfudze,59,Male,Victoria Falls,Medium,Individual,30,5,Mobile Money,4,4,4,1,1,5,98
3618,Tafadzwa Mupfudze,25,Female,Chitungwiza,High,Individual,54,3,Mobile Money,3,0,4,2,8,3,79
3619,Tawanda Chigumba,52,Female,Chegutu,High,Individual,117,1,Bank Debit,2,5,2,1,7,2,97
3620,Taurai Mupunga,42,Female,Norton,Medium,Individual,92,3,Bank Debit,1,3,1,1,4,3,60
3621,Tafadzwa Masango,45,Male,Chitungwiza,High,Family,48,4,Mobile Money,5,0,0,1,8,4,41
3622,Natsai Mutambara,49,Male,Bulawayo,Medium,Family,84,4,Mobile Money,1,4,0,0,7,1,73
3623,Simba Mhlanga,29,Male,Marondera,High,Family,98,1,Mobile Money,7,0,4,0,9,1,100
3624,Faith Mutambara,47,Male,Hwange,High,Individual,24,5,Mobile Money,1,1,3,2,2,1,82
3625,Tadiwa Mutsvairo,20,Male,Marondera,Low,Family,64,4,Cash,8,1,1,3,4,5,65
3626,Kundai Chikwanda,68,Male,Kwekwe,Medium,Family,76,3,Cash,0,3,0,2,7,1,61
3627,Shamiso Mupunga,38,Male,Gweru,Medium,Family,75,0,Ecocash,4,1,3,2,8,2,89
3628,Tanaka Mapfumo,53,Female,Mutare,Low,Individual,56,0,Cash,7,1,3,0,3,5,80
3629,Prince Mupunga,24,Female,Hwange,Medium,Individual,54,4,Cash,0,1,4,0,3,3,71
3630,Prince Ncube,37,Female,Harare,Medium,Individual,24,2,Cash,1,3,1,2,2,5,44
3631,Tinotenda Chiweshe,66,Male,Norton,Low,Individual,107,4,Mobile Money,6,4,3,2,1,2,100
3632,Tanaka Masango,20,Male,Mutare,Low,Family,114,3,Ecocash,2,1,3,1,7,3,71
3633,Tapiwa Moyo,57,Female,Kadoma,Low,Individual,92,5,Bank Debit,1,4,3,0,3,5,71
3634,Fadzai Mupamhanga,19,Male,Chegutu,High,Family,96,5,Cash,9,2,4,3,7,3,100
3635,Tanaka Mupunga,56,Female,Kariba,High,Individual,58,3,Bank Debit,9,1,1,3,1,3,88
3636,Kudakwashe Chikore,50,Male,Chitungwiza,High,Family,87,2,Cash,5,2,0,3,3,5,47
3637,Shingirai Mutasa,52,Male,Mutare,Low,Individual,103,0,Ecocash,1,5,1,0,8,3,74
3638,Clive Chikwanda,26,Female,Marondera,Medium,Individual,93,1,Ecocash,3,3,1,2,6,2,78
3639,Rutendo Mpofu,18,Female,Bulawayo,Medium,Family,69,1,Bank Debit,6,2,1,0,9,5,62
3640,Shingirai Chikwanda,49,Male,Kariba,High,Individual,107,0,Ecocash,3,1,4,1,3,3,86
3641,Tawanda Chibanda,68,Female,Kadoma,Low,Family,92,5,Bank Debit,4,1,4,3,4,2,99
3642,Kudzai Chikwanda,41,Female,Chitungwiza,Medium,Individual,11,2,Ecocash,8,0,1,0,6,1,90
3643,Shamiso Chibanda,59,Male,Kadoma,Low,Individual,94,4,Bank Debit,3,5,3,0,8,3,100
3644,Tendekai Nkomo,31,Male,Norton,High,Family,61,3,Ecocash,9,0,3,0,9,1,100
3645,Blessing Matiza,33,Female,Mutare,Medium,Family,52,3,Cash,6,3,1,2,3,2,93
3646,Tariro Sibanda,31,Female,Chegutu,Medium,Family,33,4,Cash,5,5,4,3,3,4,100
3647,Farai Mutizwa,55,Male,Mutare,Medium,Family,44,4,Cash,8,1,1,3,5,2,89
3648,Tonderai Mupamhanga,58,Male,Harare,High,Individual,81,3,Bank Debit,6,1,0,1,7,3,61
3649,Precious Mupamhanga,69,Female,Kwekwe,Low,Family,88,2,Cash,6,0,4,2,3,4,86
3650,Tadiwa Mutsvangwa,24,Female,Marondera,Low,Individual,112,4,Mobile Money,3,2,1,0,3,1,79
3651,Tinashe Sibanda,37,Male,Kariba,High,Individual,35,2,Bank Debit,2,5,2,3,5,3,89
3652,Melody Nkala,39,Male,Mutare,Medium,Individual,32,2,Cash,2,0,4,0,7,2,82
3653,Blessing Mupoperi,28,Male,Kadoma,Low,Individual,118,5,Ecocash,1,3,4,2,3,5,74
3654,Elton Ncube,27,Male,Gweru,Low,Individual,80,3,Cash,0,3,1,2,7,5,39
3655,Melody Chibanda,34,Female,Chitungwiza,High,Family,49,5,Ecocash,2,2,3,0,7,4,70
3656,Elton Nkala,54,Female,Bulawayo,Medium,Individual,40,1,Mobile Money,9,1,3,2,7,2,100
3657,Clive Nkala,25,Female,Kwekwe,High,Individual,87,3,Bank Debit,8,4,0,2,6,1,100
3658,Melody Masango,71,Male,Kwekwe,High,Family,60,5,Ecocash,7,1,2,0,7,4,78
3659,Tariro Chikowore,56,Female,Kwekwe,High,Individual,49,1,Cash,3,4,3,1,5,1,100
3660,Tapiwa Nkala,61,Male,Bulawayo,Low,Individual,62,5,Bank Debit,4,2,1,0,1,2,78
3661,Taurai Chiweshe,30,Male,Hwange,Medium,Family,17,0,Bank Debit,7,1,1,0,1,3,78
3662,Rumbidzai Mupfumi,39,Male,Kadoma,Medium,Individual,53,2,Mobile Money,7,5,3,1,1,5,100
3663,Elton Mupamhanga,50,Male,Gweru,Medium,Individual,29,3,Mobile Money,0,3,4,2,5,3,85
3664,Kundai Chiweshe,58,Female,Chitungwiza,High,Individual,43,2,Ecocash,8,0,0,2,9,3,64
3665,Kudzai Mutsvairo,31,Female,Gweru,Low,Family,66,2,Cash,7,1,2,0,9,3,86
3666,Shamiso Chirume,60,Male,Hwange,Low,Individual,110,4,Bank Debit,5,0,1,3,7,4,51
3667,Taurai Munetsi,66,Male,Bindura,Low,Family,85,0,Mobile Money,2,3,1,2,2,1,81
3668,Shamiso Munyoro,40,Female,Gweru,Low,Individual,63,4,Mobile Money,9,0,1,1,1,4,73
3669,Ashley Masuku,60,Male,Hwange,Medium,Family,94,1,Bank Debit,7,0,2,3,7,2,87
3670,Tonderai Chikowore,71,Male,Masvingo,Low,Family,30,3,Bank Debit,0,1,1,3,6,3,41
3671,Rudo Mupfudze,20,Male,Mutare,Medium,Individual,113,2,Cash,3,0,3,2,5,1,85
3672,Kudakwashe Masuku,52,Male,Masvingo,Low,Family,34,4,Bank Debit,5,1,2,2,4,4,68
3673,Rudo Mataruse,50,Female,Chegutu,High,Individual,44,3,Cash,7,3,0,3,4,5,64
3674,Simbarashe Masuku,42,Male,Kadoma,High,Family,33,5,Ecocash,3,5,2,1,8,4,86
3675,Simbarashe Mupoperi,18,Male,Norton,Low,Family,80,5,Ecocash,8,2,0,2,8,4,70
3676,Tatenda Chikafu,69,Female,Marondera,High,Individual,97,1,Mobile Money,3,2,4,0,3,3,93
3677,Memory Mapfumo,25,Male,Hwange,Medium,Individual,86,0,Bank Debit,9,5,2,2,4,1,100
3678,Elton Chikowore,69,Male,Victoria Falls,Low,Individual,42,5,Ecocash,1,3,0,0,9,2,58
3679,Rumbidzai Mupfumi,46,Male,Chitungwiza,Low,Family,61,0,Mobile Money,0,3,1,0,2,2,63
3680,Memory Chirume,65,Female,Kadoma,Medium,Family,72,0,Ecocash,0,3,0,0,5,3,45
3681,Tendekai Mashiri,31,Female,Norton,High,Family,66,4,Mobile Money,4,1,4,3,9,3,91
3682,Tawanda Mapfumo,67,Female,Bindura,High,Family,55,4,Mobile Money,2,1,0,3,1,5,27
3683,Simba Matiza,52,Female,Victoria Falls,High,Family,115,3,Bank Debit,8,0,1,3,5,5,58
3684,Kudakwashe Mutizwa,43,Male,Gweru,Low,Family,77,2,Bank Debit,2,5,1,3,8,4,71
3685,Ashley Chigumba,53,Male,Mutare,High,Family,16,1,Bank Debit,4,1,0,0,4,2,59
3686,Taurai Mupamhanga,67,Female,Hwange,Medium,Individual,116,0,Mobile Money,3,5,1,3,8,2,92
3687,Tawanda Ndlovu,22,Female,Mutare,High,Individual,115,0,Ecocash,2,0,0,1,9,4,26
3688,Takudzwa Chibanda,46,Male,Kwekwe,High,Family,15,2,Cash,1,4,0,0,7,4,49
3689,Rudo Chikafu,49,Male,Kadoma,High,Individual,34,0,Cash,7,2,1,2,7,4,75
3690,Nyarai Mataruse,73,Male,Chegutu,Medium,Family,94,5,Bank Debit,5,1,0,2,9,4,48
3691,Taurai Mupamhanga,44,Male,Bulawayo,Low,Individual,55,0,Cash,7,3,2,3,6,3,100
3692,Anesu Mupfumi,72,Female,Hwange,Medium,Family,91,5,Mobile Money,0,3,4,2,5,3,85
3693,Tatenda Dube,34,Male,Bindura,Medium,Individual,45,3,Cash,9,3,2,2,5,1,100
3694,Nyarai Masuku,61,Female,Kwekwe,High,Individual,87,5,Cash,6,1,1,3,8,3,71
3695,Shamiso Masango,46,Male,Harare,Low,Family,50,2,Ecocash,9,2,1,3,1,1,100
3696,Kudakwashe Mutizwa,61,Male,Chitungwiza,High,Individual,60,2,Cash,2,5,3,3,5,4,91
3697,Nyarai Mutambara,23,Male,Bulawayo,Low,Individual,42,5,Ecocash,9,4,3,3,3,3,100
3698,Elton Chikowore,39,Male,Victoria Falls,Medium,Individual,35,5,Mobile Money,0,3,0,1,3,1,61
3699,Faith Mutambara,37,Male,Norton,High,Family,70,3,Cash,7,4,4,3,6,1,100
3700,Tendai Mupinga,40,Male,Kadoma,High,Individual,12,0,Cash,8,0,2,0,9,2,92
3701,Rutendo Mutizwa,48,Female,Kwekwe,Low,Family,86,1,Ecocash,5,3,3,2,1,4,94
3702,Kudakwashe Munetsi,53,Male,Victoria Falls,Medium,Individual,84,0,Cash,1,3,3,2,8,4,72
3703,Tafadzwa Dube,60,Female,Kariba,Low,Family,49,0,Bank Debit,2,4,3,2,5,2,100
3704,Takudzwa Chiweshe,70,Male,Norton,High,Individual,47,2,Cash,2,4,1,2,4,3,72
3705,Rumbidzai Mataruse,38,Male,Kariba,Low,Individual,49,3,Mobile Money,1,2,4,0,4,1,99
3706,Fadzai Mutsvangwa,66,Female,Harare,High,Family,45,0,Cash,9,2,3,0,5,2,100
3707,Tariro Chikowore,43,Male,Harare,High,Individual,75,1,Ecocash,7,1,3,0,4,4,88
3708,Elton Mupamhanga,19,Male,Chitungwiza,Medium,Family,26,3,Ecocash,3,3,0,1,5,4,52
3709,Elton Mupunga,49,Male,Kadoma,Medium,Individual,65,0,Mobile Money,2,4,3,3,8,5,76
3710,Brian Chiweshe,39,Male,Mutare,Low,Individual,63,0,Ecocash,4,3,0,2,6,5,49
3711,Tanaka Mhlanga,18,Male,Marondera,Medium,Individual,51,0,Mobile Money,1,1,2,1,9,2,64
3712,Precious Mashingaidze,66,Male,Bindura,High,Individual,91,1,Mobile Money,1,1,2,2,1,1,74
3713,Tanaka Mupinga,30,Male,Chitungwiza,High,Individual,36,0,Bank Debit,1,4,2,2,4,2,85
3714,Clive Masuku,67,Female,Harare,Medium,Individual,13,4,Bank Debit,5,4,2,3,1,3,99
3715,Tinashe Chikore,60,Male,Masvingo,High,Family,21,0,Mobile Money,0,1,0,2,4,2,39
3716,Tatenda Mutasa,59,Female,Gweru,High,Family,21,2,Bank Debit,7,1,2,2,5,4,78
3717,Tanaka Ndlovu,58,Female,Marondera,High,Family,79,3,Mobile Money,1,5,3,3,5,4,86
3718,Simbarashe Mupunga,47,Female,Hwange,High,Individual,23,0,Cash,0,3,1,0,1,2,65
3719,Takudzwa Dube,54,Female,Harare,Low,Individual,99,2,Ecocash,6,2,1,0,9,3,78
3720,Tapiwa Mpofu,63,Male,Bindura,High,Individual,71,0,Ecocash,2,0,1,2,9,1,60
3721,Simbarashe Mutambara,46,Female,Chegutu,High,Individual,77,2,Mobile Money,0,2,1,1,6,1,64
3722,Tadiwa Chikore,57,Female,Kariba,Medium,Family,54,0,Cash,9,1,0,2,3,4,68
3723,Tariro Chibanda,64,Female,Kariba,Low,Individual,117,1,Ecocash,2,5,2,2,2,2,97
3724,Rutendo Munetsi,48,Female,Bulawayo,Medium,Individual,52,4,Cash,1,0,1,2,6,4,31
3725,Kudzai Masuku,74,Male,Norton,High,Individual,42,0,Ecocash,3,3,2,0,6,4,72
3726,Tatenda Ndlovu,55,Male,Norton,Low,Individual,110,5,Bank Debit,4,3,2,2,8,4,77
3727,Shingirai Nkala,60,Female,Kadoma,Medium,Family,100,5,Cash,1,0,4,1,4,1,85
3728,Tapiwa Mutsvangwa,37,Female,Mutare,Low,Family,111,1,Bank Debit,7,5,1,1,5,2,100
3729,Rutendo Chigumba,22,Male,Hwange,High,Family,50,0,Ecocash,3,5,0,1,4,4,66
3730,Simba Chikwanda,60,Male,Mutare,High,Individual,30,0,Cash,3,5,0,2,6,3,74
3731,Natsai Munyoro,74,Male,Bindura,Low,Family,72,3,Mobile Money,1,2,1,1,6,3,53
3732,Tariro Chikore,55,Male,Kariba,High,Individual,114,3,Cash,3,4,3,1,1,2,100
3733,Fadzai Munyai,64,Male,Hwange,Medium,Family,12,5,Bank Debit,1,1,3,3,5,3,66
3734,Tendekai Mashava,54,Male,Mutare,Medium,Individual,93,0,Ecocash,2,4,3,1,7,5,76
3735,Tendekai Mutsvairo,68,Female,Harare,Low,Individual,78,0,Ecocash,1,0,4,3,1,3,71
3736,Kundai Mupinga,19,Male,Kwekwe,High,Family,84,4,Mobile Money,1,0,4,1,7,1,85
3737,Rutendo Chibanda,40,Male,Marondera,Low,Family,91,0,Bank Debit,8,4,4,0,1,1,100
3738,Rumbidzai Masuku,56,Female,Kadoma,High,Individual,48,3,Mobile Money,0,5,3,3,1,4,83
3739,Tinotenda Nkomo,58,Male,Bindura,Medium,Individual,36,5,Mobile Money,6,4,2,0,4,3,100
3740,Simba Chirume,62,Female,Kariba,Low,Family,77,1,Mobile Money,4,2,2,1,4,1,94
3741,Rudo Mutambara,57,Male,Norton,Low,Individual,94,2,Mobile Money,2,2,1,3,4,5,42
3742,Nyasha Nkomo,29,Male,Norton,High,Individual,112,4,Mobile Money,6,5,1,1,5,3,99
3743,Ashley Mashava,30,Male,Gweru,High,Family,35,0,Mobile Money,4,5,1,1,1,2,99
3744,Taurai Chirinda,56,Female,Gweru,Low,Individual,13,3,Bank Debit,0,0,1,0,6,3,34
3745,Ashley Chiweshe,69,Male,Bindura,High,Individual,66,5,Cash,4,3,1,1,5,1,91
3746,Taurai Mupunga,45,Male,Chegutu,Medium,Family,84,5,Ecocash,5,4,3,3,6,4,99
3747,Kundai Chikafu,65,Female,Masvingo,Low,Family,99,2,Cash,6,0,1,1,3,2,72
3748,Memory Mupamhanga,32,Female,Kadoma,Low,Family,46,4,Mobile Money,7,3,4,0,3,1,100
3749,Blessing Mashingaidze,42,Male,Gweru,High,Family,29,5,Mobile Money,8,0,4,3,4,1,100
3750,Tinashe Mashingaidze,70,Male,Marondera,Medium,Family,70,3,Mobile Money,7,1,0,0,9,1,82
3751,Kundai Mashiri,29,Female,Chegutu,High,Individual,66,2,Bank Debit,0,0,2,2,1,3,46
3752,Prince Nkomo,53,Female,Bulawayo,Low,Family,77,4,Mobile Money,1,4,3,1,3,4,79
3753,Rutendo Dube,23,Female,Victoria Falls,Low,Individual,114,4,Cash,6,2,3,0,5,4,90
3754,Taurai Chirinda,70,Male,Bindura,High,Individual,47,4,Mobile Money,7,4,2,2,2,3,100
3755,Natsai Nkala,55,Male,Bulawayo,High,Individual,113,0,Bank Debit,4,4,2,0,6,5,76
3756,Kundai Moyo,18,Female,Gweru,High,Family,61,1,Mobile Money,4,0,3,2,7,1,90
3757,Kundai Nkala,21,Female,Chitungwiza,Medium,Individual,76,4,Cash,9,2,3,1,7,2,100
3758,Tadiwa Munyoro,28,Male,Kadoma,Medium,Individual,67,5,Bank Debit,0,0,3,2,1,1,72
3759,Farai Chirinda,28,Female,Marondera,Low,Family,50,0,Ecocash,5,1,2,1,8,3,76
3760,Tatenda Chikwanda,59,Male,Kadoma,Low,Family,110,2,Ecocash,9,1,3,3,4,3,100
3761,Melody Mapfumo,37,Male,Harare,Low,Individual,17,4,Bank Debit,5,3,4,1,1,3,100
3762,Simbarashe Ndlovu,31,Male,Hwange,High,Family,31,5,Bank Debit,4,5,2,3,5,1,100
3763,Tonderai Chikafu,27,Female,Kariba,Medium,Individual,70,1,Bank Debit,0,0,2,1,8,1,60
3764,Precious Nkomo,63,Female,Victoria Falls,Medium,Family,10,3,Mobile Money,5,4,3,2,7,2,100
3765,Ashley Masango,26,Male,Gweru,High,Family,58,3,Cash,4,2,3,0,1,5,74
3766,Memory Mupoperi,46,Female,Bulawayo,High,Individual,98,3,Bank Debit,1,5,3,2,8,1,100
3767,Takudzwa Chikowore,52,Female,Kwekwe,High,Individual,100,3,Ecocash,9,3,1,2,2,4,92
3768,Takudzwa Mutasa,22,Male,Kariba,High,Family,45,3,Ecocash,6,4,0,2,9,1,98
3769,Tinotenda Mashiri,37,Female,Norton,Low,Family,77,4,Bank Debit,5,3,2,2,4,1,100
3770,Farai Chirinda,26,Male,Norton,Medium,Individual,81,5,Cash,7,1,1,3,4,4,68
3771,Kundai Masango,40,Male,Harare,High,Family,96,2,Cash,0,3,1,3,9,2,63
3772,Tendai Masango,19,Male,Hwange,Low,Family,40,2,Mobile Money,1,3,3,0,6,3,80
3773,Tinotenda Mapfumo,59,Female,Bulawayo,Low,Family,43,3,Ecocash,1,2,0,3,6,5,27
3774,Kudzai Chibanda,63,Male,Mutare,High,Family,51,0,Mobile Money,0,2,2,0,1,1,76
3775,Nyarai Mupfumi,65,Male,Kadoma,High,Family,16,3,Bank Debit,1,4,4,3,1,5,83
3776,Tonderai Mupamhanga,64,Male,Kariba,High,Individual,57,3,Cash,6,5,0,0,5,1,100
3777,Taurai Chikore,68,Male,Mutare,High,Individual,104,2,Ecocash,7,2,3,2,7,4,95
3778,Clive Chikafu,52,Female,Bulawayo,Medium,Individual,29,5,Cash,0,5,4,0,2,2,100
3779,Simba Mupunga,67,Male,Chegutu,High,Family,35,4,Bank Debit,6,0,3,0,9,3,84
3780,Tinashe Mataruse,36,Male,Masvingo,Low,Individual,93,0,Ecocash,4,0,4,0,8,2,92
3781,Kundai Mpofu,63,Female,Bulawayo,Medium,Family,98,5,Mobile Money,3,3,4,3,9,5,84
3782,Prince Chikore,41,Female,Harare,High,Individual,117,0,Ecocash,8,5,0,2,9,2,100
3783,Tendai Chirume,50,Male,Chegutu,Medium,Family,28,0,Cash,8,2,4,0,1,3,100
3784,Tapiwa Chikowore,52,Female,Gweru,High,Family,111,0,Cash,5,0,0,2,5,4,41
3785,Shingirai Nkala,43,Female,Kadoma,Low,Individual,31,2,Ecocash,2,3,3,1,4,4,77
3786,Shingirai Ndlovu,26,Male,Hwange,Low,Individual,34,0,Ecocash,0,0,0,1,6,5,8
3787,Fadzai Chirinda,25,Female,Mutare,Medium,Individual,106,4,Bank Debit,9,1,1,3,4,5,70
3788,Kudzai Matiza,73,Female,Gweru,Medium,Individual,81,3,Mobile Money,1,3,4,2,8,2,98
3789,Tanaka Nkala,36,Male,Marondera,Low,Individual,35,2,Mobile Money,8,2,2,1,6,2,100
3790,Tinotenda Chikore,18,Male,Bindura,Low,Individual,106,5,Mobile Money,3,5,2,0,1,4,88
3791,Kundai Mupamhanga,67,Male,Chitungwiza,Low,Individual,37,2,Bank Debit,5,2,4,1,2,3,100
3792,Nyarai Chirinda,39,Female,Kariba,Low,Individual,114,3,Ecocash,8,2,0,1,5,2,86
3793,Kudakwashe Sibanda,24,Male,Marondera,Medium,Family,10,0,Cash,4,4,0,0,1,5,58
3794,Tonderai Mashingaidze,23,Male,Kwekwe,Medium,Family,82,0,Mobile Money,8,1,2,1,6,3,91
3795,Shamiso Chikowore,58,Female,Mutare,High,Individual,82,4,Ecocash,9,4,1,2,7,2,100
3796,Tonderai Mupfumi,58,Male,Norton,Medium,Family,100,1,Cash,2,4,0,1,2,2,70
3797,Nyarai Nkala,21,Male,Victoria Falls,Low,Individual,80,2,Bank Debit,2,2,0,3,1,4,42
3798,Fadzai Nkomo,74,Female,Bindura,High,Individual,42,1,Cash,5,3,4,3,8,2,100
3799,Rutendo Masuku,34,Male,Harare,Low,Family,79,2,Bank Debit,3,0,2,2,4,4,51
3800,Tatenda Munetsi,53,Female,Kadoma,High,Individual,113,1,Ecocash,6,0,2,2,3,1,90
3801,Takudzwa Mashingaidze,69,Female,Kariba,High,Family,50,2,Bank Debit,2,4,2,3,4,4,74
3802,Prince Nkomo,44,Female,Harare,High,Family,26,1,Ecocash,7,1,1,0,5,3,76
3803,Kundai Mhlanga,43,Female,Mutare,Low,Individual,43,5,Bank Debit,9,2,3,1,6,2,100
3804,Precious Chibanda,69,Female,Masvingo,Low,Family,69,3,Bank Debit,2,0,4,0,9,1,90
3805,Tafadzwa Mupfumi,58,Male,Marondera,Medium,Individual,18,0,Ecocash,9,5,2,2,4,2,100
3806,Simba Mutasa,53,Male,Kadoma,Medium,Family,77,5,Cash,4,5,0,3,9,2,87
3807,Tonderai Mapfumo,32,Male,Victoria Falls,High,Individual,117,3,Cash,3,3,0,3,3,2,68
3808,Tinotenda Mutasa,40,Female,Chitungwiza,Low,Individual,63,3,Mobile Money,7,1,3,0,7,2,100
3809,Tatenda Mashava,23,Male,Kariba,Low,Family,98,0,Cash,8,4,2,3,6,4,100
3810,Tanaka Mataruse,23,Male,Hwange,Low,Individual,65,0,Bank Debit,5,0,4,1,7,1,100
3811,Anesu Mpofu,46,Female,Chegutu,Low,Family,12,3,Mobile Money,4,0,1,2,5,2,62
3812,Brian Mutsvangwa,40,Male,Mutare,Low,Individual,70,0,Bank Debit,5,2,4,3,7,2,100
3813,Tendai Munyoro,23,Male,Harare,High,Family,14,5,Mobile Money,4,4,3,0,3,1,100
3814,Tonderai Chirume,19,Male,Chegutu,Low,Family,42,0,Bank Debit,9,0,2,3,5,1,100
3815,Simbarashe Chikowore,54,Female,Norton,Low,Individual,74,4,Bank Debit,5,3,1,2,7,3,80
3816,Tapiwa Mashingaidze,46,Male,Kariba,Low,Individual,53,5,Cash,3,2,2,0,9,1,89
3817,Simba Chikafu,26,Male,Norton,Low,Individual,22,3,Cash,1,3,0,3,3,2,58
3818,Kudakwashe Chirume,52,Male,Bulawayo,Low,Individual,111,4,Ecocash,9,3,1,3,6,4,92
3819,Anesu Mataruse,20,Female,Gweru,High,Individual,90,2,Bank Debit,6,4,2,2,8,1,100
3820,Tendai Chikafu,31,Male,Mutare,High,Family,96,1,Mobile Money,5,5,4,0,7,4,100
3821,Tawanda Mutsvairo,48,Female,Harare,Low,Family,20,4,Cash,3,3,3,1,4,5,74
3822,Shingirai Matiza,61,Female,Harare,High,Family,35,4,Bank Debit,8,2,0,2,6,2,86
3823,Tawanda Mataruse,51,Female,Marondera,Low,Individual,39,4,Mobile Money,0,1,2,2,2,5,35
3824,Fadzai Moyo,48,Male,Kadoma,Medium,Family,21,1,Bank Debit,0,2,1,3,6,3,48
3825,Tanaka Mutambara,19,Male,Chitungwiza,High,Individual,105,5,Cash,9,3,3,3,3,2,100
3826,Tinotenda Mashava,62,Male,Norton,High,Family,78,5,Bank Debit,1,0,1,3,1,2,49
3827,Brian Chibanda,24,Male,Bindura,High,Individual,53,3,Ecocash,9,2,0,1,4,5,67
3828,Natsai Mataruse,39,Female,Gweru,High,Individual,84,5,Cash,4,1,4,2,2,3,91
3829,Nyarai Chirinda,26,Female,Norton,Low,Individual,28,1,Cash,8,1,0,1,7,1,87
3830,Kundai Chikafu,57,Male,Bindura,Low,Individual,46,1,Bank Debit,5,3,2,2,3,5,74
3831,Melody Munetsi,34,Female,Mutare,High,Individual,41,0,Cash,5,3,4,2,3,3,100
3832,Ashley Mupfudze,24,Male,Kwekwe,Low,Family,114,5,Cash,9,1,0,2,9,2,84
3833,Simba Mhlanga,21,Male,Harare,Medium,Family,111,3,Cash,1,4,4,2,5,5,81
3834,Farai Chiweshe,62,Female,Hwange,Low,Family,112,2,Bank Debit,6,1,2,2,9,1,97
3835,Farai Moyo,57,Female,Chegutu,Medium,Family,91,3,Bank Debit,8,0,2,0,7,4,76
3836,Kudakwashe Mashingaidze,33,Female,Bulawayo,Medium,Individual,96,0,Ecocash,7,2,1,2,2,4,75
3837,Tapiwa Mupoperi,53,Male,Gweru,High,Family,113,3,Mobile Money,3,0,0,3,9,2,47
3838,Natsai Mutambara,61,Female,Kadoma,High,Individual,18,3,Bank Debit,1,2,4,3,1,2,93
3839,Ashley Chikowore,44,Female,Mutare,High,Individual,73,1,Bank Debit,6,2,0,2,8,5,52
3840,Tafadzwa Mhlanga,21,Female,Bindura,High,Family,23,4,Bank Debit,5,5,0,1,9,5,68
3841,Faith Chigumba,44,Male,Victoria Falls,Medium,Family,85,4,Ecocash,9,4,0,1,8,5,81
3842,Shingirai Mutasa,48,Female,Chegutu,Low,Individual,113,4,Ecocash,0,3,0,0,5,1,61
3843,Tawanda Mashava,37,Male,Harare,Low,Family,35,5,Bank Debit,9,5,1,1,5,2,100
3844,Tariro Nkala,41,Male,Chegutu,High,Individual,67,5,Mobile Money,0,3,2,3,1,1,83
3845,Clive Mataruse,70,Female,Norton,Low,Individual,35,0,Bank Debit,8,2,2,0,1,1,100
3846,Brian Mutsvairo,48,Female,Gweru,Medium,Family,82,4,Mobile Money,5,3,1,1,9,5,64
3847,Prince Mataruse,49,Female,Mutare,Medium,Family,113,5,Bank Debit,3,1,1,2,3,2,64
3848,Tawanda Chikore,68,Female,Chegutu,High,Individual,95,5,Cash,2,0,3,1,5,5,48
3849,Nyasha Mapfumo,22,Male,Bindura,Low,Individual,62,1,Ecocash,1,0,2,0,1,5,35
3850,Tadiwa Mhlanga,54,Female,Kariba,Medium,Individual,82,2,Cash,7,5,0,0,4,4,86
3851,Tadiwa Mhlanga,23,Female,Chitungwiza,High,Family,45,3,Ecocash,0,2,3,0,2,3,68
3852,Farai Mutsvangwa,71,Male,Norton,Medium,Individual,38,4,Ecocash,5,2,4,3,9,3,100
3853,Melody Mutsvairo,51,Female,Kadoma,Low,Individual,81,5,Mobile Money,7,1,1,3,7,5,60
3854,Taurai Nkomo,32,Female,Kariba,High,Family,56,0,Ecocash,3,5,1,1,9,3,84
3855,Natsai Chikore,35,Female,Bulawayo,Medium,Individual,64,4,Mobile Money,7,0,4,0,8,1,100
3856,Tariro Mupinga,25,Male,Bulawayo,Low,Individual,91,4,Bank Debit,1,5,4,0,9,5,88
3857,Farai Mupfudze,73,Female,Mutare,Medium,Individual,98,5,Mobile Money,8,5,1,1,7,5,93
3858,Faith Ndlovu,68,Female,Hwange,Low,Individual,93,5,Mobile Money,7,2,0,2,7,1,89
3859,Tanaka Mashingaidze,49,Female,Kwekwe,High,Individual,20,2,Cash,4,0,2,2,6,1,80
3860,Rudo Mashava,55,Female,Harare,Low,Family,94,0,Bank Debit,0,3,2,3,1,4,59
3861,Tendekai Mpofu,69,Female,Marondera,High,Family,39,2,Cash,0,5,2,2,2,5,63
3862,Faith Mupoperi,38,Female,Harare,Medium,Individual,88,0,Ecocash,0,4,0,1,3,1,68
3863,Kundai Masuku,30,Male,Bulawayo,Medium,Individual,119,4,Mobile Money,5,0,3,2,8,5,63
3864,Rudo Mutambara,19,Male,Marondera,Medium,Individual,41,2,Bank Debit,9,0,1,2,6,3,79
3865,Takudzwa Mupfudze,53,Male,Chitungwiza,Medium,Individual,31,3,Cash,8,5,0,0,8,4,91
3866,Ashley Mutsvangwa,59,Male,Bulawayo,High,Family,14,3,Cash,4,4,2,1,8,1,100
3867,Takudzwa Mutsvangwa,55,Male,Norton,Low,Family,80,0,Mobile Money,4,4,2,0,5,5,76
3868,Memory Chibanda,30,Male,Kariba,Low,Individual,54,2,Mobile Money,9,2,1,0,1,3,95
3869,Kudakwashe Chiweshe,28,Female,Kwekwe,Low,Individual,29,1,Cash,8,0,4,1,6,1,100
3870,Tonderai Chirume,54,Male,Victoria Falls,Medium,Family,43,4,Bank Debit,9,5,3,0,3,1,100
3871,Tapiwa Ndlovu,70,Female,Harare,Medium,Individual,88,0,Ecocash,1,3,4,2,7,5,74
3872,Tonderai Mhlanga,24,Female,Marondera,Low,Individual,47,4,Ecocash,3,2,4,3,8,5,77
3873,Nyasha Dube,26,Male,Chitungwiza,Low,Individual,113,4,Mobile Money,4,0,2,2,3,4,56
3874,Faith Mashava,31,Female,Gweru,High,Individual,54,5,Mobile Money,5,2,1,1,5,2,81
3875,Tatenda Masuku,27,Female,Bulawayo,High,Family,107,1,Ecocash,9,5,4,2,7,1,100
3876,Fadzai Ndlovu,39,Female,Kariba,High,Family,66,3,Ecocash,6,3,4,2,1,5,100
3877,Nyarai Chikowore,66,Male,Masvingo,Medium,Family,100,5,Ecocash,3,1,4,0,2,5,70
3878,Natsai Mutsvangwa,44,Female,Gweru,Low,Family,94,0,Cash,5,3,2,2,5,4,82
3879,Ashley Ncube,74,Male,Bindura,High,Family,54,2,Cash,3,3,0,1,6,1,76
3880,Taurai Munyai,68,Female,Chegutu,High,Individual,43,3,Cash,3,2,0,2,6,3,53
3881,Rutendo Mutsvairo,47,Female,Chitungwiza,Low,Family,44,3,Cash,5,4,1,1,1,5,73
3882,Tariro Masango,63,Male,Masvingo,Low,Individual,53,1,Bank Debit,2,5,4,1,3,4,100
3883,Melody Mashiri,70,Female,Kwekwe,Low,Family,29,5,Mobile Money,8,2,2,1,7,3,98
3884,Tendai Nkomo,56,Female,Marondera,High,Family,43,3,Bank Debit,3,0,3,2,3,2,77
3885,Tinashe Mashava,64,Male,Gweru,Low,Family,95,5,Mobile Money,4,4,2,2,7,5,76
3886,Ashley Munyai,21,Male,Hwange,Medium,Individual,108,0,Ecocash,6,4,2,1,1,4,96
3887,Tonderai Mashiri,72,Male,Victoria Falls,Low,Individual,42,0,Ecocash,5,2,0,1,6,4,55
3888,Elton Mapfumo,61,Male,Chitungwiza,Low,Individual,75,1,Bank Debit,8,0,1,0,1,4,68
3889,Brian Chibanda,49,Female,Chitungwiza,High,Family,94,0,Ecocash,9,0,3,3,5,2,100
3890,Kundai Mupamhanga,19,Female,Kariba,High,Family,117,2,Bank Debit,5,0,4,3,6,1,100
3891,Tawanda Mupoperi,20,Male,Hwange,Low,Individual,83,0,Cash,9,4,3,2,1,5,100
3892,Tapiwa Mupunga,47,Male,Bulawayo,Medium,Family,75,3,Bank Debit,8,3,3,2,8,1,100
3893,Tatenda Chirume,66,Male,Kariba,Medium,Family,39,5,Ecocash,3,4,0,2,9,1,83
3894,Tanaka Mpofu,23,Male,Bulawayo,Low,Individual,92,4,Ecocash,7,0,1,1,8,3,69
3895,Elton Mupoperi,24,Male,Norton,Medium,Individual,61,0,Mobile Money,8,0,3,2,3,1,100
3896,Natsai Mupunga,67,Male,Kadoma,High,Family,46,0,Cash,1,4,4,1,9,4,89
3897,Tariro Chikafu,72,Male,Norton,Low,Individual,27,3,Mobile Money,9,3,3,1,7,2,100
3898,Tendai Munyoro,43,Female,Masvingo,Low,Family,73,2,Ecocash,6,3,3,2,1,4,99
3899,Natsai Mupfudze,41,Male,Bulawayo,High,Individual,100,5,Bank Debit,1,5,1,3,6,1,90
3900,Nyarai Ncube,63,Female,Hwange,Low,Individual,84,3,Cash,0,0,4,3,6,1,80
3901,Prince Chikwanda,36,Female,Marondera,High,Individual,70,3,Bank Debit,2,0,0,3,2,1,50
3902,Memory Mutambara,26,Female,Masvingo,Medium,Family,94,2,Mobile Money,7,2,3,0,5,2,100
3903,Brian Mupinga,73,Female,Chegutu,Low,Individual,26,4,Ecocash,9,4,1,2,4,1,100
3904,Tawanda Ndlovu,40,Female,Marondera,Low,Family,80,3,Bank Debit,2,2,4,1,6,4,80
3905,Rumbidzai Mutasa,22,Female,Chitungwiza,Low,Individual,103,2,Ecocash,8,3,0,2,1,1,100
3906,Shingirai Munetsi,57,Male,Chitungwiza,Low,Family,117,2,Ecocash,5,2,0,0,3,5,47
3907,Anesu Mataruse,43,Female,Mutare,High,Family,86,1,Cash,5,5,2,3,3,3,100
3908,Fadzai Mutsvairo,66,Male,Marondera,Low,Individual,37,5,Bank Debit,3,1,1,0,8,1,72
3909,Tawanda Masango,63,Male,Kadoma,High,Individual,29,2,Bank Debit,0,1,4,1,2,1,87
3910,Tariro Matiza,23,Female,Marondera,Low,Family,110,1,Bank Debit,4,3,2,2,1,1,100
3911,Blessing Matiza,63,Male,Harare,High,Family,93,3,Bank Debit,2,1,1,3,1,2,61
3912,Takudzwa Mutambara,68,Female,Harare,Medium,Individual,15,4,Mobile Money,5,5,1,2,6,4,86
3913,Shamiso Mapfumo,35,Female,Gweru,Medium,Individual,111,5,Cash,5,0,4,1,6,1,100
3914,Rutendo Mashiri,54,Male,Kadoma,Medium,Individual,94,4,Ecocash,8,3,4,2,9,3,100
3915,Prince Mataruse,33,Female,Kariba,High,Family,79,3,Cash,3,2,2,1,9,2,81
3916,Faith Mashingaidze,63,Female,Kadoma,High,Family,14,5,Bank Debit,2,4,1,0,5,4,64
3917,Rutendo Mhlanga,60,Female,Chitungwiza,Medium,Individual,73,1,Bank Debit,4,3,4,2,6,4,97
3918,Prince Chikowore,36,Female,Harare,Low,Family,111,1,Cash,3,3,0,3,9,5,44
3919,Memory Mutasa,40,Female,Masvingo,High,Family,50,4,Cash,2,5,4,2,3,1,100
3920,Ashley Mutsvairo,74,Male,Mutare,Medium,Individual,48,2,Mobile Money,4,2,2,2,7,2,86
3921,Anesu Sibanda,49,Female,Norton,High,Individual,106,1,Bank Debit,9,0,3,2,5,4,91
3922,Simbarashe Mupamhanga,58,Male,Kadoma,Medium,Family,13,4,Bank Debit,7,3,1,3,6,1,100
3923,Anesu Mpofu,74,Male,Victoria Falls,Low,Family,34,5,Mobile Money,6,1,1,2,5,4,63
3924,Tinashe Chirinda,52,Male,Marondera,High,Family,45,5,Bank Debit,1,0,0,2,3,2,37
3925,Melody Ndlovu,25,Female,Bindura,High,Individual,96,2,Ecocash,3,4,3,3,8,5,81
3926,Farai Dube,72,Male,Bindura,Medium,Individual,99,1,Mobile Money,8,3,4,3,6,5,100
3927,Tafadzwa Mutasa,22,Female,Harare,High,Individual,107,1,Ecocash,5,1,1,2,9,1,82
3928,Rutendo Mhlanga,35,Male,Kariba,Medium,Family,21,2,Cash,8,3,0,2,1,1,100
3929,Tapiwa Ncube,64,Male,Kadoma,Medium,Family,62,3,Bank Debit,3,0,4,3,3,5,63
3930,Tonderai Dube,33,Female,Chegutu,Low,Family,12,5,Ecocash,5,5,2,3,6,1,100
3931,Rutendo Mupinga,68,Female,Victoria Falls,High,Individual,35,3,Bank Debit,0,5,1,2,2,5,53
3932,Tatenda Nkala,33,Male,Kariba,Low,Family,25,2,Mobile Money,5,3,1,1,8,5,64
3933,Kudzai Moyo,59,Male,Chitungwiza,Medium,Individual,60,1,Mobile Money,0,5,4,2,4,2,100
3934,Anesu Mupinga,61,Male,Norton,High,Family,70,0,Mobile Money,2,0,4,1,8,5,58
3935,Clive Matiza,26,Female,Kwekwe,High,Individual,27,1,Ecocash,0,5,2,1,9,2,87
3936,Kundai Chiweshe,66,Male,Victoria Falls,Medium,Family,101,5,Bank Debit,4,2,2,0,6,5,62
3937,Kundai Sibanda,35,Male,Harare,High,Family,112,0,Ecocash,3,2,3,2,8,1,99
3938,Nyasha Munyai,56,Male,Kariba,Medium,Family,10,0,Ecocash,4,2,4,3,4,4,90
3939,Tinashe Mashava,60,Female,Chegutu,High,Individual,98,0,Bank Debit,9,0,2,2,8,2,97
3940,Nyasha Mashiri,44,Male,Masvingo,Medium,Individual,56,5,Ecocash,4,0,2,2,4,4,56
3941,Rudo Nkala,21,Male,Harare,High,Individual,114,1,Ecocash,3,5,2,2,4,2,100
3942,Tanaka Mupoperi,48,Female,Hwange,Medium,Individual,117,0,Cash,6,3,3,1,7,3,100
3943,Takudzwa Chikowore,52,Female,Norton,High,Family,89,2,Ecocash,5,0,3,1,8,2,87
3944,Rumbidzai Chiweshe,20,Male,Bindura,Medium,Individual,115,4,Bank Debit,4,4,2,1,8,2,100
3945,Tinotenda Mapfumo,58,Female,Marondera,High,Family,34,0,Cash,9,3,2,1,3,5,94
3946,Tariro Mapfumo,50,Male,Norton,High,Family,57,4,Ecocash,6,4,2,2,3,2,100
3947,Tonderai Chiweshe,20,Male,Harare,High,Individual,63,4,Bank Debit,1,0,4,3,5,5,53
3948,Tonderai Mashiri,38,Female,Gweru,Medium,Family,37,4,Cash,4,5,1,3,3,5,73
3949,Memory Sibanda,18,Female,Norton,Low,Family,99,0,Ecocash,0,4,0,1,4,4,44
3950,Ashley Matiza,36,Male,Victoria Falls,Low,Individual,69,1,Cash,8,3,4,3,9,5,100
3951,Tinashe Chibanda,23,Male,Marondera,Low,Family,81,0,Mobile Money,5,1,4,1,6,3,96
3952,Rudo Mapfumo,48,Female,Bulawayo,High,Family,82,5,Mobile Money,2,0,4,0,8,5,58
3953,Memory Chikafu,31,Male,Bindura,High,Family,95,0,Bank Debit,9,2,1,1,1,3,95
3954,Farai Chirinda,57,Female,Hwange,High,Family,17,3,Ecocash,7,3,2,3,9,2,100
3955,Nyarai Chirume,63,Male,Mutare,Low,Family,75,5,Cash,6,2,3,0,8,4,90
3956,Takudzwa Mutasa,72,Male,Kwekwe,Low,Family,48,4,Ecocash,2,4,0,2,7,2,70
3957,Clive Ndlovu,29,Female,Norton,Low,Family,25,3,Bank Debit,0,4,3,2,9,1,98
3958,Tawanda Mapfumo,27,Female,Kariba,Low,Individual,100,5,Bank Debit,7,1,1,1,2,3,76
3959,Taurai Mutasa,41,Female,Norton,High,Family,58,2,Mobile Money,6,5,0,1,2,4,81
3960,Natsai Ndlovu,70,Male,Mutare,Low,Family,116,4,Bank Debit,1,2,2,0,7,2,71
3961,Kundai Ndlovu,50,Female,Marondera,Medium,Family,30,0,Bank Debit,4,4,3,0,6,3,100
3962,Tapiwa Mupfudze,60,Male,Victoria Falls,High,Individual,92,0,Bank Debit,3,2,3,3,8,4,75
3963,Blessing Sibanda,36,Male,Chegutu,High,Individual,118,1,Cash,4,4,2,2,7,1,100
3964,Memory Mashiri,37,Female,Gweru,Medium,Individual,119,4,Ecocash,8,4,4,2,7,2,100
3965,Farai Mupoperi,29,Female,Norton,Low,Family,82,1,Ecocash,2,5,1,2,7,3,79
3966,Tinashe Mupoperi,49,Male,Masvingo,Low,Family,105,4,Mobile Money,0,2,3,0,7,4,60
3967,Tinotenda Chikore,33,Female,Victoria Falls,Medium,Individual,106,0,Mobile Money,3,5,0,3,9,1,90
3968,Simba Chirume,31,Female,Masvingo,Medium,Individual,64,3,Ecocash,6,3,2,3,1,4,89
3969,Simba Mataruse,74,Female,Marondera,High,Family,57,0,Ecocash,4,2,0,1,6,2,66
3970,Tafadzwa Mhlanga,27,Female,Marondera,Medium,Family,50,0,Cash,7,0,1,3,9,5,53
3971,Brian Nkomo,48,Male,Kwekwe,Low,Individual,35,0,Cash,3,0,2,3,5,3,59
3972,Ashley Chikwanda,52,Male,Norton,Medium,Family,15,4,Ecocash,9,2,3,3,6,4,100
3973,Tendekai Mashiri,59,Male,Norton,Medium,Family,106,1,Cash,7,2,0,0,2,3,73
3974,Takudzwa Munetsi,33,Female,Kadoma,High,Individual,93,1,Ecocash,9,0,4,1,4,1,100
3975,Farai Masuku,62,Male,Masvingo,High,Individual,50,4,Bank Debit,4,3,0,3,1,3,67
3976,Faith Mupfudze,48,Female,Gweru,High,Individual,99,3,Bank Debit,8,4,2,0,8,3,100
3977,Tapiwa Mhlanga,22,Male,Kwekwe,Medium,Family,104,0,Mobile Money,3,5,4,0,8,2,100
3978,Tatenda Nkala,70,Male,Kariba,High,Family,114,0,Mobile Money,6,2,4,3,7,1,100
3979,Kudakwashe Mupfumi,55,Female,Gweru,Low,Individual,105,1,Bank Debit,7,5,3,3,7,4,100
3980,Tonderai Mutsvairo,32,Female,Hwange,High,Individual,66,3,Mobile Money,3,5,3,2,6,4,96
3981,Brian Masango,43,Male,Bindura,Low,Family,84,0,Mobile Money,9,2,0,0,3,5,67
3982,Tatenda Mutsvairo,36,Male,Mutare,High,Individual,15,0,Mobile Money,4,3,0,2,2,1,81
3983,Memory Mutsvangwa,31,Female,Chitungwiza,High,Family,111,2,Cash,4,1,3,3,2,1,97
3984,Elton Mupunga,51,Female,Hwange,High,Individual,59,3,Ecocash,7,3,4,2,7,2,100
3985,Nyarai Mataruse,37,Male,Mutare,Medium,Family,24,5,Ecocash,8,3,1,0,8,1,100
3986,Tinotenda Nkomo,60,Male,Kadoma,Low,Family,24,4,Ecocash,2,2,1,3,1,2,68
3987,Prince Mhlanga,66,Female,Chegutu,Low,Family,67,2,Cash,0,3,4,0,7,5,69
3988,Rumbidzai Chibanda,23,Male,Marondera,Medium,Family,92,4,Mobile Money,0,3,1,0,1,5,41
3989,Anesu Dube,48,Male,Bindura,Medium,Family,22,0,Mobile Money,0,1,2,0,1,4,45
3990,Tanaka Mutasa,28,Female,Victoria Falls,High,Family,74,4,Ecocash,0,5,0,3,6,4,51
3991,Tinashe Chikowore,74,Female,Kariba,High,Family,31,5,Mobile Money,1,2,2,2,2,1,79
3992,Tariro Munyoro,28,Female,Marondera,Low,Family,50,5,Ecocash,4,1,3,2,6,1,97
3993,Tapiwa Dube,40,Male,Masvingo,Medium,Individual,44,2,Ecocash,2,4,1,3,3,4,64
3994,Faith Mutsvangwa,61,Male,Bulawayo,Low,Individual,26,4,Mobile Money,4,3,3,3,6,4,87
3995,Nyasha Mashava,57,Male,Harare,Medium,Individual,108,3,Bank Debit,6,5,3,3,9,5,100
3996,Melody Mutasa,20,Female,Mutare,Low,Individual,94,2,Mobile Money,1,4,2,2,1,5,63
3997,Simba Mutizwa,64,Female,Mutare,Low,Family,29,2,Ecocash,7,5,1,0,9,1,100
3998,Natsai Masango,32,Male,Kwekwe,Low,Family,12,5,Bank Debit,1,1,0,1,6,2,44
3999,Simba Ncube,55,Female,Bindura,Low,Individual,42,4,Mobile Money,5,1,1,2,1,4,60
4000,Tatenda Mutsvangwa,27,Male,Marondera,High,Family,57,5,Bank Debit,9,0,2,0,9,3,89
4001,Kudzai Dube,57,Female,Kwekwe,High,Individual,25,2,Cash,1,5,2,3,9,5,68
4002,Nyarai Mashava,38,Male,Chegutu,Low,Individual,69,2,Mobile Money,2,3,2,0,8,5,59
4003,Kudakwashe Chikafu,69,Male,Bindura,High,Family,107,4,Cash,7,3,0,3,6,2,88
4004,Rutendo Mutizwa,58,Male,Gweru,High,Family,39,2,Bank Debit,1,3,2,3,9,4,62
4005,Tonderai Mpofu,26,Male,Kwekwe,Low,Family,11,5,Bank Debit,9,0,2,2,3,3,89
4006,Faith Mhlanga,63,Male,Gweru,Low,Individual,71,1,Mobile Money,2,3,0,2,5,4,47
4007,Shingirai Mupunga,35,Female,Chegutu,Medium,Family,68,5,Cash,2,4,1,2,1,5,58
4008,Rutendo Mupfudze,32,Female,Gweru,High,Family,102,0,Cash,7,5,1,0,1,3,100
4009,Ashley Dube,49,Male,Hwange,Low,Family,40,5,Ecocash,9,3,0,0,6,1,100
4010,Elton Chiweshe,52,Male,Kariba,Low,Family,36,4,Bank Debit,8,3,1,0,1,3,97
4011,Tapiwa Dube,34,Male,Marondera,High,Individual,46,2,Cash,8,5,0,3,9,4,91
4012,Melody Sibanda,18,Female,Victoria Falls,Medium,Family,21,3,Cash,3,0,3,0,2,1,85
4013,Melody Mupinga,51,Female,Mutare,Low,Family,62,0,Cash,9,2,4,1,4,2,100
4014,Taurai Dube,19,Male,Kwekwe,Low,Individual,95,5,Cash,2,4,1,2,3,1,88
4015,Anesu Mpofu,28,Female,Chitungwiza,Low,Family,64,5,Mobile Money,2,3,2,3,9,5,59
4016,Clive Chirume,65,Male,Kadoma,Medium,Family,84,3,Bank Debit,0,4,1,1,2,1,78
4017,Tapiwa Mupamhanga,32,Female,Harare,Medium,Individual,32,1,Cash,1,2,4,1,7,2,91
4018,Tadiwa Mashava,19,Male,Kariba,High,Family,36,0,Ecocash,1,2,3,0,8,5,57
4019,Nyasha Mashingaidze,43,Female,Kariba,Low,Individual,17,3,Mobile Money,9,3,4,3,3,2,100
4020,Clive Munetsi,53,Male,Chegutu,Medium,Family,27,1,Ecocash,8,1,1,3,2,5,65
4021,Taurai Mpofu,42,Male,Chitungwiza,Low,Individual,44,5,Bank Debit,6,0,0,3,7,2,62
4022,Blessing Mupfudze,29,Male,Marondera,High,Family,23,1,Mobile Money,3,3,2,0,5,1,96
4023,Clive Mataruse,39,Female,Norton,High,Individual,71,0,Cash,7,1,1,3,4,5,60
4024,Kundai Matiza,21,Male,Kwekwe,Low,Individual,75,5,Mobile Money,9,4,1,1,6,2,100
4025,Tadiwa Sibanda,28,Male,Chitungwiza,Low,Individual,65,2,Cash,5,5,3,0,1,2,100
4026,Tadiwa Munetsi,63,Male,Kariba,Medium,Family,66,3,Cash,3,3,2,3,6,2,88
4027,Prince Mashingaidze,52,Male,Bindura,High,Individual,35,5,Ecocash,4,3,0,2,4,1,81
4028,Tawanda Masuku,46,Female,Masvingo,High,Family,56,1,Mobile Money,8,4,0,3,9,3,92
4029,Tinashe Munyai,69,Female,Norton,High,Family,75,5,Bank Debit,9,4,3,1,4,3,100
4030,Shamiso Mutsvairo,21,Male,Harare,High,Individual,114,2,Cash,4,2,0,1,9,2,66
4031,Anesu Chigumba,32,Female,Bindura,Low,Individual,27,4,Bank Debit,9,0,3,0,1,4,93
4032,Shingirai Mhlanga,67,Female,Mutare,Medium,Individual,91,4,Mobile Money,8,1,0,1,9,1,87
4033,Brian Chiweshe,46,Female,Norton,Medium,Individual,17,1,Mobile Money,0,5,4,0,8,3,99
4034,Prince Mashiri,68,Female,Masvingo,Medium,Individual,92,4,Ecocash,0,5,3,2,4,5,73
4035,Faith Chiweshe,23,Female,Kariba,High,Individual,38,1,Bank Debit,7,2,1,2,5,5,67
4036,Tawanda Mataruse,70,Male,Norton,Medium,Family,108,5,Cash,9,3,0,3,6,5,74
4037,Melody Masuku,44,Male,Norton,Low,Individual,103,0,Mobile Money,6,3,1,2,3,2,93
4038,Tawanda Mutsvangwa,40,Female,Bindura,Medium,Family,87,1,Cash,3,2,1,3,6,4,55
4039,Rutendo Mupinga,24,Male,Gweru,Low,Individual,53,2,Bank Debit,2,4,1,2,3,3,72
4040,Elton Mapfumo,21,Female,Gweru,High,Family,36,1,Ecocash,7,1,0,1,1,1,84
4041,Ashley Chikwanda,65,Male,Kwekwe,High,Family,72,1,Bank Debit,8,0,1,0,5,3,74
4042,Blessing Mataruse,44,Female,Harare,High,Family,28,3,Mobile Money,5,2,1,0,6,2,81
4043,Shamiso Chikowore,46,Female,Norton,High,Family,54,2,Ecocash,3,5,0,1,1,2,84
4044,Rudo Mpofu,31,Female,Hwange,Medium,Individual,98,5,Mobile Money,2,5,4,0,7,1,100
4045,Tinotenda Munyai,32,Male,Norton,High,Family,96,2,Cash,4,4,0,1,6,2,80
4046,Nyarai Chirinda,58,Male,Hwange,Medium,Individual,114,3,Ecocash,8,3,2,0,6,2,100
4047,Nyarai Mashingaidze,65,Male,Marondera,High,Individual,71,3,Mobile Money,4,1,1,1,3,2,69
4048,Nyasha Mashiri,69,Female,Victoria Falls,High,Family,67,4,Ecocash,7,3,0,3,3,3,80
4049,Shingirai Ncube,62,Female,Masvingo,High,Family,94,3,Cash,5,0,1,3,9,1,75
4050,Farai Mupinga,29,Male,Chegutu,Medium,Individual,110,0,Cash,3,5,1,3,3,1,100
4051,Faith Sibanda,23,Male,Kariba,Medium,Individual,38,3,Cash,1,0,4,1,3,5,53
4052,Rumbidzai Chibanda,51,Male,Kadoma,Low,Family,53,1,Mobile Money,4,3,3,0,2,2,100
4053,Kundai Chiweshe,20,Female,Chitungwiza,High,Family,19,0,Mobile Money,3,3,4,0,3,2,100
4054,Tatenda Munyoro,47,Female,Kariba,High,Individual,96,4,Cash,9,2,2,1,1,5,89
4055,Rumbidzai Chikowore,62,Female,Gweru,Medium,Family,103,2,Ecocash,5,0,4,0,8,2,97
4056,Blessing Mupfudze,20,Female,Kwekwe,Medium,Family,96,3,Mobile Money,2,3,3,2,8,1,100
4057,Tanaka Mupinga,74,Male,Kwekwe,High,Individual,28,5,Bank Debit,4,3,2,1,9,4,77
4058,Tapiwa Chirinda,45,Male,Marondera,Medium,Family,109,1,Cash,6,5,0,1,3,5,73
4059,Tapiwa Mupunga,45,Female,Hwange,Low,Family,17,5,Bank Debit,0,4,2,1,4,1,88
4060,Tanaka Munetsi,38,Female,Bulawayo,High,Family,32,5,Ecocash,1,2,4,2,1,3,85
4061,Takudzwa Masuku,74,Male,Bulawayo,High,Individual,16,3,Mobile Money,1,0,3,2,8,4,51
4062,Kudakwashe Chirume,42,Female,Harare,High,Individual,68,1,Ecocash,4,3,1,1,5,4,67
4063,Elton Mhlanga,49,Male,Chitungwiza,Low,Family,103,1,Ecocash,2,3,4,0,4,5,79
4064,Tinotenda Masango,26,Male,Victoria Falls,High,Family,11,1,Bank Debit,0,2,3,0,9,2,76
4065,Tatenda Chikowore,37,Male,Masvingo,High,Family,103,1,Bank Debit,7,2,1,2,9,1,99
4066,Anesu Mataruse,37,Male,Hwange,High,Family,109,4,Mobile Money,5,4,1,2,5,3,87
4067,Tadiwa Mpofu,21,Female,Victoria Falls,Medium,Family,18,2,Ecocash,8,1,4,1,2,2,100
4068,Tinashe Mutambara,58,Female,Masvingo,Medium,Family,83,1,Ecocash,8,1,1,1,3,3,81
4069,Memory Mpofu,21,Female,Mutare,Low,Individual,28,4,Cash,4,3,3,1,4,3,95
4070,Kundai Mutambara,46,Male,Hwange,Medium,Family,13,1,Ecocash,5,3,3,0,2,2,100
4071,Rutendo Mutsvairo,18,Male,Harare,Low,Individual,65,4,Bank Debit,0,5,0,2,2,4,51
4072,Tendekai Mutasa,31,Male,Kadoma,Medium,Family,117,3,Ecocash,1,1,2,3,7,1,72
4073,Farai Chikafu,66,Female,Chegutu,Medium,Family,91,5,Cash,7,2,3,3,2,2,100
4074,Taurai Ncube,48,Female,Gweru,Medium,Individual,99,3,Ecocash,2,1,4,0,3,3,81
4075,Tawanda Sibanda,60,Female,Bulawayo,High,Family,48,5,Cash,5,2,4,0,3,1,100
4076,Tadiwa Chirume,57,Female,Kariba,Low,Family,117,3,Cash,8,3,4,1,9,1,100
4077,Elton Ndlovu,33,Female,Chitungwiza,Low,Family,112,3,Bank Debit,2,2,2,3,8,1,84
4078,Natsai Mupfumi,26,Female,Victoria Falls,High,Family,87,1,Cash,1,5,1,2,1,2,84
4079,Takudzwa Mutizwa,39,Female,Victoria Falls,Low,Individual,46,1,Bank Debit,6,1,2,1,8,1,97
4080,Tadiwa Sibanda,72,Male,Gweru,Medium,Family,111,3,Mobile Money,4,4,4,1,8,3,100
4081,Takudzwa Moyo,28,Female,Marondera,High,Family,90,3,Mobile Money,9,4,3,3,4,2,100
4082,Shamiso Masuku,43,Male,Kariba,Low,Individual,55,2,Mobile Money,2,3,0,0,3,3,55
4083,Tapiwa Mupamhanga,50,Female,Kwekwe,Medium,Individual,58,0,Ecocash,0,1,0,3,1,1,49
4084,Simbarashe Chirume,67,Male,Chitungwiza,Low,Individual,79,5,Mobile Money,5,5,0,1,1,3,86
4085,Tapiwa Mashava,35,Male,Bulawayo,High,Family,82,3,Mobile Money,1,4,2,3,7,3,77
4086,Fadzai Mutsvairo,63,Male,Marondera,Low,Family,96,0,Cash,5,0,4,2,1,2,99
4087,Memory Ncube,58,Female,Victoria Falls,Medium,Individual,75,3,Ecocash,1,2,1,0,8,5,37
4088,Farai Chikafu,46,Female,Victoria Falls,Medium,Family,64,3,Mobile Money,5,4,4,1,6,1,100
4089,Tendekai Chiweshe,37,Female,Hwange,Medium,Family,100,5,Bank Debit,2,1,4,3,9,5,65
4090,Tariro Chikafu,43,Male,Bulawayo,Medium,Family,13,2,Ecocash,0,4,0,0,5,4,44
4091,Kudzai Mupoperi,70,Female,Marondera,Medium,Individual,116,5,Ecocash,2,4,4,1,4,2,100
4092,Natsai Mutambara,27,Male,Chitungwiza,Medium,Family,62,0,Cash,1,1,3,0,7,5,50
4093,Kundai Mutasa,54,Male,Kariba,Medium,Individual,103,4,Bank Debit,6,1,0,2,4,4,53
4094,Simbarashe Mutambara,21,Male,Marondera,Medium,Family,56,3,Cash,1,5,4,3,4,4,96
4095,Natsai Mpofu,39,Male,Mutare,High,Individual,36,2,Cash,2,5,3,2,8,1,100
4096,Tonderai Chikowore,42,Male,Harare,High,Individual,36,5,Bank Debit,2,2,2,2,9,1,84
4097,Nyasha Nkomo,68,Female,Chitungwiza,Medium,Individual,69,3,Ecocash,1,2,4,1,2,4,75
4098,Rutendo Matiza,67,Female,Kariba,Low,Family,114,3,Mobile Money,8,5,2,1,1,5,100
4099,Tadiwa Mutambara,24,Male,Chitungwiza,Low,Family,110,2,Bank Debit,2,4,3,3,3,3,92
4100,Tendai Nkomo,67,Male,Marondera,Medium,Individual,71,5,Bank Debit,2,5,1,0,9,3,79
4101,Tatenda Mupunga,32,Female,Hwange,High,Family,55,1,Mobile Money,4,0,3,0,7,2,82
4102,Rumbidzai Matiza,40,Male,Chitungwiza,Low,Family,10,0,Cash,2,3,1,0,5,2,73
4103,Tonderai Munetsi,38,Male,Mutare,Low,Individual,96,3,Bank Debit,4,0,2,1,5,2,72
4104,Taurai Chikafu,22,Male,Chegutu,Medium,Individual,57,0,Mobile Money,5,1,1,2,8,4,58
4105,Tinotenda Mashava,40,Female,Kariba,Medium,Family,83,5,Mobile Money,9,2,1,1,5,1,100
4106,Tinotenda Nkala,25,Male,Hwange,Low,Family,116,1,Cash,3,1,3,3,6,4,68
4107,Blessing Masuku,47,Female,Norton,Medium,Family,33,5,Bank Debit,5,3,0,0,7,5,54
4108,Memory Nkomo,20,Female,Masvingo,High,Family,21,1,Mobile Money,6,4,1,2,3,1,100
4109,Farai Chikowore,71,Female,Kwekwe,Medium,Family,81,3,Cash,0,4,0,2,5,5,36
4110,Kudakwashe Nkala,26,Male,Marondera,Low,Individual,36,2,Ecocash,3,1,3,3,5,5,60
4111,Tariro Ndlovu,18,Male,Bulawayo,High,Family,16,4,Mobile Money,9,1,2,2,9,5,80
4112,Tonderai Mashiri,44,Male,Harare,Medium,Family,106,3,Ecocash,9,2,1,0,2,2,100
4113,Faith Nkala,53,Female,Kariba,High,Family,17,3,Ecocash,9,5,0,3,4,1,100
4114,Rumbidzai Nkala,45,Male,Bulawayo,High,Family,53,3,Cash,1,1,2,1,3,4,48
4115,Blessing Chikore,36,Male,Chegutu,Low,Individual,104,3,Mobile Money,3,1,0,0,1,1,64
4116,Taurai Munyai,24,Male,Harare,Low,Individual,18,3,Ecocash,4,4,2,0,4,4,84
4117,Ashley Mupfumi,54,Male,Bindura,Low,Family,35,0,Cash,2,2,4,0,2,4,80
4118,Rudo Mutizwa,54,Male,Bulawayo,Low,Family,56,2,Ecocash,9,2,3,1,1,5,99
4119,Simbarashe Chikowore,23,Female,Masvingo,Medium,Family,26,2,Mobile Money,4,0,0,3,2,4,36
4120,Tinotenda Mupamhanga,29,Female,Kadoma,Medium,Family,23,1,Cash,5,4,4,0,4,5,100
4121,Simbarashe Mpofu,22,Male,Bulawayo,Medium,Individual,43,0,Mobile Money,1,2,2,1,2,1,79
4122,Anesu Mupunga,57,Male,Gweru,Low,Family,82,4,Mobile Money,1,0,3,2,6,3,59
4123,Prince Matiza,41,Male,Kariba,High,Family,99,5,Ecocash,0,1,4,2,6,5,55
4124,Rudo Chikwanda,22,Male,Gweru,Low,Family,65,0,Cash,9,3,4,0,6,3,100
4125,Tendai Chikore,42,Male,Masvingo,High,Individual,13,4,Mobile Money,0,1,3,1,5,3,61
4126,Taurai Chikafu,27,Male,Mutare,Medium,Individual,16,4,Cash,5,1,1,3,1,1,84
4127,Rutendo Mupfumi,23,Male,Bulawayo,Low,Individual,76,2,Ecocash,5,4,4,0,9,3,100
4128,Tapiwa Ndlovu,64,Female,Marondera,Medium,Family,76,2,Bank Debit,2,4,3,3,3,3,92
4129,Tinashe Chikwanda,23,Female,Chegutu,Low,Individual,102,4,Mobile Money,5,2,1,3,6,2,81
4130,Kudzai Munyoro,71,Male,Victoria Falls,Medium,Individual,40,4,Bank Debit,5,1,1,2,3,1,82
4131,Tawanda Mashava,20,Male,Victoria Falls,High,Family,32,5,Cash,1,0,4,3,9,5,53
4132,Tatenda Mutizwa,64,Female,Victoria Falls,Low,Family,70,3,Mobile Money,0,5,2,3,2,1,95
4133,Ashley Mupamhanga,63,Female,Marondera,Low,Individual,13,3,Ecocash,4,4,3,1,5,4,94
4134,Rudo Mupfudze,64,Male,Bindura,Low,Family,20,0,Ecocash,6,5,4,3,7,5,100
4135,Nyarai Mupamhanga,39,Male,Victoria Falls,Low,Family,105,5,Mobile Money,3,4,0,2,1,4,61
4136,Rudo Mhlanga,41,Male,Chitungwiza,Medium,Family,13,2,Bank Debit,0,3,1,3,8,1,71
4137,Tendai Mashava,35,Male,Chegutu,Low,Family,103,3,Mobile Money,0,1,1,1,5,4,33
4138,Memory Chikafu,68,Male,Hwange,Medium,Individual,91,0,Cash,5,1,4,3,1,1,100
4139,Memory Chikwanda,58,Male,Kwekwe,High,Family,24,4,Mobile Money,5,4,2,0,6,5,81
4140,Precious Mapfumo,37,Male,Hwange,Low,Family,48,1,Ecocash,5,2,1,0,2,3,73
4141,Tapiwa Munyai,51,Female,Victoria Falls,High,Individual,54,3,Cash,0,4,4,1,9,4,84
4142,Nyarai Sibanda,36,Male,Norton,High,Family,65,2,Mobile Money,1,1,0,3,1,4,30
4143,Nyasha Mpofu,68,Male,Chegutu,Medium,Family,77,0,Ecocash,2,0,1,0,5,4,36
4144,Rumbidzai Mupunga,66,Female,Norton,Low,Family,113,3,Bank Debit,1,4,0,2,3,4,49
4145,Tonderai Mupunga,71,Female,Gweru,High,Family,18,5,Mobile Money,1,3,3,0,5,5,64
4146,Tendekai Mashiri,61,Male,Norton,High,Family,25,5,Ecocash,4,1,0,3,7,2,59
4147,Tinotenda Mataruse,52,Female,Masvingo,Low,Individual,14,0,Ecocash,1,0,4,2,5,1,85
4148,Taurai Mutasa,25,Male,Kariba,Medium,Family,50,4,Cash,4,4,4,2,7,4,100
4149,Kudzai Mutsvangwa,42,Male,Gweru,Low,Family,114,2,Mobile Money,8,0,2,1,5,4,76
4150,Tapiwa Mupfumi,74,Female,Mutare,High,Individual,117,3,Cash,9,5,0,0,6,1,100
4151,Rumbidzai Masuku,40,Male,Hwange,Medium,Individual,82,2,Cash,1,3,3,2,1,2,90
4152,Melody Dube,37,Female,Mutare,High,Individual,113,5,Bank Debit,7,4,1,2,6,2,100
4153,Nyarai Nkomo,71,Female,Bindura,High,Individual,113,4,Bank Debit,3,1,3,2,3,1,92
4154,Taurai Ncube,69,Female,Mutare,Medium,Individual,111,0,Bank Debit,5,0,2,1,8,1,85
4155,Tanaka Chirume,24,Female,Chitungwiza,Medium,Individual,48,2,Bank Debit,1,4,0,2,3,4,49
4156,Kundai Chiweshe,57,Male,Hwange,High,Family,112,3,Ecocash,3,2,4,0,5,1,100
4157,Farai Moyo,19,Male,Gweru,High,Individual,90,2,Bank Debit,7,2,0,2,3,3,73
4158,Faith Masango,41,Male,Kadoma,High,Individual,71,1,Cash,4,1,3,2,2,5,65
4159,Elton Matiza,27,Male,Norton,Low,Individual,42,4,Ecocash,5,5,1,0,3,4,86
4160,Farai Mashiri,42,Male,Kadoma,Low,Individual,101,0,Bank Debit,4,0,3,0,9,1,90
4161,Shamiso Chikowore,25,Female,Hwange,High,Individual,78,2,Bank Debit,0,3,4,2,3,5,69
4162,Fadzai Mupoperi,55,Male,Kwekwe,High,Family,62,2,Cash,3,1,1,2,2,2,64
4163,Kundai Mashiri,63,Male,Gweru,Low,Family,77,5,Ecocash,2,5,2,0,4,2,97
4164,Simba Masuku,59,Female,Norton,High,Family,48,0,Bank Debit,8,2,4,2,1,3,100
4165,Ashley Chirume,61,Male,Norton,Low,Family,14,3,Ecocash,7,0,2,1,2,2,87
4166,Anesu Nkomo,42,Male,Chegutu,Medium,Individual,81,1,Bank Debit,7,2,0,1,3,1,89
4167,Kundai Chikore,69,Female,Marondera,High,Individual,101,3,Mobile Money,2,4,3,2,6,3,92
4168,Tariro Mupfudze,31,Male,Marondera,High,Individual,115,1,Ecocash,8,1,2,3,5,5,75
4169,Blessing Munyai,32,Male,Norton,Low,Individual,40,3,Bank Debit,2,5,3,2,2,4,91
4170,Prince Chiweshe,30,Female,Chitungwiza,High,Individual,61,3,Ecocash,4,5,1,0,4,1,100
4171,Tanaka Matiza,62,Female,Masvingo,Low,Family,78,2,Mobile Money,0,2,2,3,3,3,58
4172,Kudakwashe Mutsvangwa,57,Female,Gweru,Low,Individual,73,1,Ecocash,4,2,0,3,2,1,74
4173,Kundai Munyoro,45,Female,Mutare,Low,Individual,34,5,Ecocash,7,5,1,0,6,2,100
4174,Tawanda Chikowore,50,Male,Norton,Medium,Individual,87,1,Cash,4,4,2,3,6,1,100
4175,Takudzwa Mutambara,50,Female,Bulawayo,High,Individual,68,5,Bank Debit,7,0,4,0,3,3,99
4176,Tanaka Ncube,70,Male,Victoria Falls,Medium,Family,66,4,Cash,4,4,1,2,3,3,82
4177,Tendekai Chiweshe,73,Female,Chitungwiza,Low,Individual,106,4,Cash,6,2,2,3,5,3,88
4178,Fadzai Munyai,43,Female,Harare,Medium,Family,36,2,Cash,1,0,1,2,5,2,47
4179,Brian Mutizwa,20,Male,Masvingo,High,Individual,51,4,Mobile Money,4,3,1,0,3,2,83
4180,Fadzai Ncube,25,Female,Chitungwiza,Medium,Family,46,1,Ecocash,5,5,0,1,5,3,84
4181,Tendekai Mutsvairo,22,Male,Bindura,Low,Individual,17,0,Bank Debit,6,4,0,0,4,1,98
4182,Tapiwa Mupoperi,22,Female,Norton,High,Family,65,1,Ecocash,0,5,4,0,6,3,99
4183,Kudzai Munyai,19,Male,Kwekwe,Medium,Individual,85,3,Ecocash,4,1,3,2,6,1,97
4184,Farai Mupamhanga,49,Male,Bulawayo,Low,Individual,26,5,Ecocash,4,2,4,0,1,4,92
4185,Melody Moyo,52,Male,Marondera,High,Individual,83,1,Mobile Money,5,0,2,1,7,4,61
4186,Nyarai Mapfumo,44,Female,Kwekwe,Low,Individual,94,1,Ecocash,1,3,4,3,3,2,98
4187,Tariro Mupunga,58,Male,Norton,High,Individual,88,4,Ecocash,5,1,2,3,8,2,84
4188,Memory Sibanda,44,Male,Marondera,Low,Individual,27,1,Mobile Money,8,3,2,0,5,4,97
4189,Clive Mhlanga,51,Female,Gweru,Low,Family,74,2,Mobile Money,8,0,1,1,7,2,82
4190,Takudzwa Mutizwa,68,Male,Kadoma,Medium,Individual,32,0,Ecocash,4,0,0,2,5,3,44
4191,Fadzai Masuku,61,Male,Gweru,Medium,Individual,37,0,Cash,8,5,1,2,5,2,100
4192,Rudo Masango,74,Female,Norton,Medium,Individual,61,5,Bank Debit,9,0,3,1,3,2,100
4193,Fadzai Mhlanga,72,Male,Bindura,Low,Individual,81,3,Bank Debit,0,1,2,2,1,1,69
4194,Elton Mpofu,65,Male,Norton,Medium,Individual,22,5,Cash,2,4,4,3,4,3,100
4195,Shingirai Mupamhanga,42,Female,Marondera,High,Family,56,1,Cash,8,5,2,0,8,4,100
4196,Tadiwa Masuku,58,Female,Kadoma,Low,Family,38,2,Mobile Money,0,0,3,0,2,2,62
4197,Elton Chibanda,50,Female,Chegutu,Low,Family,11,0,Mobile Money,6,0,4,3,5,4,86
4198,Shingirai Chikafu,35,Male,Masvingo,Medium,Individual,78,0,Cash,8,4,1,2,9,5,86
4199,Taurai Chirume,25,Female,Kwekwe,Low,Family,89,3,Bank Debit,3,4,1,2,7,5,61
4200,Tonderai Mupoperi,39,Female,Bindura,Medium,Individual,110,3,Mobile Money,7,5,4,1,7,3,100
4201,Tapiwa Chikafu,58,Female,Chegutu,High,Family,74,4,Bank Debit,6,0,4,2,4,1,100
4202,Kundai Chibanda,67,Female,Kwekwe,Low,Family,79,3,Cash,0,1,2,1,4,5,35
4203,Nyarai Chikwanda,36,Male,Bindura,Medium,Family,22,5,Cash,7,2,4,3,7,2,100
4204,Faith Mupfumi,26,Female,Victoria Falls,High,Family,116,4,Ecocash,1,4,4,3,6,5,81
4205,Farai Munyoro,68,Male,Victoria Falls,Medium,Individual,36,5,Bank Debit,7,3,3,0,7,3,100
4206,Anesu Chikore,51,Female,Masvingo,Medium,Family,96,1,Ecocash,7,4,2,3,8,1,100
4207,Rumbidzai Mutsvairo,20,Male,Kariba,High,Individual,115,1,Bank Debit,0,1,3,2,7,5,45
4208,Taurai Mashiri,46,Male,Mutare,Low,Family,62,1,Ecocash,6,4,2,3,5,2,100
4209,Melody Mutambara,52,Female,Hwange,Medium,Individual,75,4,Bank Debit,9,5,2,3,1,4,100
4210,Shamiso Nkomo,22,Male,Harare,Low,Individual,79,1,Ecocash,6,4,4,2,2,5,100
4211,Ashley Nkala,58,Male,Gweru,High,Family,64,3,Mobile Money,8,2,0,1,2,3,78
4212,Rutendo Mutsvairo,73,Male,Chitungwiza,High,Individual,58,1,Mobile Money,8,1,1,3,1,3,83
4213,Tafadzwa Nkala,46,Male,Mutare,Medium,Family,89,2,Cash,6,1,0,1,6,4,53
4214,Shingirai Mapfumo,61,Female,Masvingo,Medium,Family,22,2,Bank Debit,4,4,3,2,7,3,100
4215,Faith Chigumba,61,Female,Norton,Low,Individual,79,0,Cash,9,1,4,0,8,1,100
4216,Simba Chirinda,56,Male,Mutare,Medium,Family,77,2,Cash,4,5,4,0,9,1,100
4217,Blessing Dube,37,Female,Masvingo,Low,Individual,13,1,Ecocash,8,5,2,1,6,1,100
4218,Precious Mupinga,49,Male,Chitungwiza,Low,Family,19,5,Cash,0,3,1,2,7,2,63
4219,Kudakwashe Nkomo,34,Male,Victoria Falls,Low,Family,93,5,Ecocash,6,5,1,2,6,3,99
4220,Prince Chibanda,69,Male,Chegutu,High,Individual,19,3,Cash,2,2,2,0,6,5,52
4221,Faith Mupfumi,44,Female,Gweru,High,Individual,69,0,Bank Debit,5,1,2,0,4,4,68
4222,Tawanda Mupfudze,53,Female,Harare,Low,Individual,63,3,Cash,0,0,1,1,3,5,18
4223,Kundai Masango,52,Male,Kwekwe,Low,Family,67,2,Mobile Money,9,1,3,1,4,1,100
4224,Fadzai Moyo,72,Female,Masvingo,High,Individual,51,1,Ecocash,2,1,4,2,7,1,97
4225,Clive Mashiri,64,Female,Gweru,High,Individual,109,3,Ecocash,8,3,3,2,5,3,100
4226,Clive Mupfudze,49,Male,Victoria Falls,Low,Individual,104,2,Ecocash,1,4,1,1,8,3,67
4227,Precious Mutizwa,62,Female,Gweru,Low,Individual,119,1,Cash,9,4,3,3,5,2,100
4228,Precious Mupoperi,43,Female,Bindura,High,Family,114,4,Mobile Money,9,2,4,2,1,5,100
4229,Prince Mashiri,22,Male,Kadoma,Medium,Individual,111,2,Ecocash,4,1,0,3,2,5,35
4230,Tadiwa Mupunga,19,Female,Marondera,Low,Family,28,3,Ecocash,3,5,1,0,3,4,76
4231,Rutendo Mutambara,53,Female,Bulawayo,Medium,Individual,20,5,Mobile Money,6,3,0,3,5,4,67
4232,Tinashe Chirume,52,Female,Chitungwiza,Low,Family,63,5,Mobile Money,2,2,3,1,4,1,94
4233,Shamiso Dube,46,Female,Harare,Low,Individual,62,4,Mobile Money,5,2,2,2,5,5,67
4234,Simba Nkala,47,Male,Kwekwe,High,Individual,98,1,Ecocash,4,2,4,0,5,5,82
4235,Tapiwa Nkala,45,Male,Victoria Falls,Medium,Family,39,0,Mobile Money,4,0,4,1,1,4,78
4236,Natsai Chikwanda,21,Male,Marondera,Low,Individual,22,2,Bank Debit,9,0,4,3,5,1,100
4237,Tapiwa Mupinga,36,Male,Victoria Falls,Medium,Family,34,3,Ecocash,8,4,1,0,5,1,100
4238,Tadiwa Mhlanga,37,Female,Bulawayo,Medium,Individual,117,3,Mobile Money,2,0,4,1,5,4,66
4239,Anesu Sibanda,67,Female,Harare,Low,Individual,66,5,Mobile Money,2,2,2,2,5,3,68
4240,Ashley Mashiri,57,Female,Kariba,Low,Family,73,4,Bank Debit,5,2,3,2,9,5,77
4241,Farai Mupamhanga,61,Male,Chitungwiza,Low,Family,93,2,Bank Debit,3,1,2,3,9,4,58
4242,Tawanda Mutambara,72,Female,Hwange,Medium,Family,31,2,Cash,4,0,4,2,1,3,86
4243,Brian Mashava,31,Male,Mutare,Medium,Individual,82,3,Ecocash,9,3,2,3,8,4,100
4244,Tendai Mataruse,56,Male,Chegutu,High,Individual,89,4,Bank Debit,4,1,2,3,9,2,79
4245,Rudo Mashava,70,Male,Victoria Falls,Medium,Family,27,1,Bank Debit,8,1,0,3,7,3,71
4246,Tariro Munyai,53,Male,Gweru,Medium,Individual,95,4,Mobile Money,0,4,3,1,5,1,98
4247,Simbarashe Nkomo,54,Male,Marondera,Medium,Family,69,3,Ecocash,6,0,3,1,8,2,92
4248,Melody Mupamhanga,63,Male,Norton,Medium,Family,85,3,Mobile Money,7,4,1,2,5,3,97
4249,Tendai Moyo,74,Female,Kwekwe,Low,Individual,19,3,Ecocash,4,1,0,2,7,5,35
4250,Tanaka Mashava,19,Female,Mutare,Medium,Individual,66,4,Cash,5,2,1,0,7,4,65
4251,Tadiwa Matiza,69,Female,Chitungwiza,Low,Individual,69,5,Bank Debit,6,2,1,1,1,3,80
4252,Simba Chirume,32,Male,Harare,Low,Individual,97,1,Ecocash,8,0,4,3,9,4,96
4253,Rutendo Mataruse,30,Female,Chitungwiza,High,Family,99,0,Mobile Money,3,5,0,2,2,5,58
4254,Brian Chigumba,41,Female,Kadoma,Low,Family,75,4,Bank Debit,4,0,4,3,5,4,76
4255,Rudo Chirinda,73,Female,Chegutu,Low,Family,98,5,Cash,6,1,4,2,4,4,93
4256,Tinashe Nkala,25,Female,Chegutu,High,Family,70,2,Mobile Money,8,4,4,2,8,5,100
4257,Tanaka Chigumba,66,Male,Hwange,Medium,Individual,55,3,Mobile Money,9,4,1,1,6,5,91
4258,Tinotenda Mupfudze,29,Female,Bulawayo,Medium,Individual,113,2,Mobile Money,4,2,0,1,7,2,66
4259,Tafadzwa Chikafu,21,Male,Bulawayo,Medium,Individual,29,0,Cash,3,1,1,2,9,3,56
4260,Simba Chikowore,70,Male,Kariba,High,Family,49,0,Mobile Money,8,3,1,0,9,2,100
4261,Rudo Mhlanga,56,Female,Chegutu,Medium,Individual,40,2,Ecocash,1,1,1,3,4,3,46
4262,Tinashe Mashava,67,Female,Chegutu,Low,Family,42,2,Mobile Money,4,5,3,0,2,2,100
4263,Natsai Mutizwa,63,Male,Chitungwiza,Medium,Family,47,5,Cash,9,2,3,2,4,1,100
4264,Rutendo Chikafu,21,Female,Harare,Medium,Family,13,0,Ecocash,7,5,4,3,4,5,100
4265,Fadzai Mutsvairo,59,Male,Kwekwe,Low,Individual,52,5,Bank Debit,1,5,3,3,9,5,78
4266,Tendai Masango,31,Male,Marondera,Low,Family,55,2,Bank Debit,0,5,0,3,9,2,67
4267,Tendekai Mashava,74,Female,Bulawayo,High,Individual,113,5,Cash,5,4,0,0,5,4,69
4268,Fadzai Mashava,19,Female,Chitungwiza,High,Family,11,4,Mobile Money,5,5,4,0,9,2,100
4269,Prince Mutasa,52,Female,Mutare,High,Individual,42,0,Mobile Money,8,1,3,1,8,1,100
4270,Shamiso Munyai,70,Male,Kwekwe,High,Family,21,3,Ecocash,0,4,0,1,7,3,52
4271,Rumbidzai Chigumba,31,Female,Harare,Low,Individual,101,0,Mobile Money,3,4,4,3,5,2,100
4272,Simba Mupfumi,69,Female,Harare,Medium,Individual,78,0,Cash,3,4,1,3,5,2,85
4273,Tadiwa Munyai,41,Male,Bindura,Low,Individual,31,4,Cash,1,2,1,3,6,4,45
4274,Tanaka Ncube,47,Female,Norton,Low,Family,102,5,Ecocash,1,0,4,2,5,3,69
4275,Kundai Ncube,69,Male,Kwekwe,High,Individual,108,5,Bank Debit,3,1,0,1,8,3,46
4276,Shamiso Mutsvangwa,18,Male,Victoria Falls,Low,Family,83,5,Cash,0,2,3,0,7,3,68
4277,Natsai Mashingaidze,63,Female,Chitungwiza,Low,Individual,48,0,Mobile Money,8,1,4,1,8,5,95
4278,Prince Chiweshe,37,Female,Bulawayo,High,Family,118,0,Mobile Money,7,5,0,1,4,2,100
4279,Simba Mataruse,55,Female,Norton,High,Family,50,3,Mobile Money,7,0,4,1,4,3,99
4280,Melody Masango,52,Male,Bulawayo,Medium,Individual,27,3,Bank Debit,5,3,4,1,7,1,100
4281,Tafadzwa Mupunga,37,Male,Masvingo,Low,Individual,41,4,Mobile Money,3,1,4,2,8,2,94
4282,Rumbidzai Chikowore,64,Female,Chegutu,Low,Individual,118,0,Bank Debit,9,2,1,3,9,4,85
4283,Simba Chigumba,34,Male,Norton,High,Family,115,5,Ecocash,0,1,2,2,4,4,43
4284,Tafadzwa Munyoro,23,Male,Victoria Falls,Medium,Family,20,2,Bank Debit,2,0,4,1,7,4,66
4285,Tadiwa Munyai,47,Male,Masvingo,Low,Family,25,0,Ecocash,1,4,4,0,9,2,100
4286,Tafadzwa Mutsvangwa,28,Female,Chegutu,High,Individual,80,2,Cash,3,3,4,2,8,2,100
4287,Shamiso Masuku,66,Male,Chitungwiza,High,Family,41,4,Ecocash,0,0,1,1,8,1,50
4288,Natsai Mutasa,73,Male,Chitungwiza,Medium,Individual,20,1,Ecocash,3,0,2,3,8,3,59
4289,Tendekai Mupinga,53,Male,Chitungwiza,Low,Family,12,3,Cash,6,0,0,3,1,4,48
4290,Ashley Mataruse,69,Male,Harare,Low,Individual,12,2,Ecocash,1,0,2,1,7,1,65
4291,Natsai Ndlovu,23,Male,Bindura,Low,Individual,13,1,Mobile Money,3,4,0,0,5,2,75
4292,Fadzai Chigumba,30,Female,Bindura,Medium,Individual,17,2,Cash,2,3,2,3,1,5,61
4293,Fadzai Munyai,65,Female,Bindura,Medium,Individual,108,0,Ecocash,4,1,1,1,1,3,63
4294,Rudo Chiweshe,29,Female,Gweru,High,Family,104,1,Bank Debit,9,3,3,3,9,1,100
4295,Nyasha Sibanda,46,Female,Hwange,Low,Individual,83,5,Mobile Money,5,3,4,3,9,2,100
4296,Tinotenda Chiweshe,49,Male,Gweru,High,Individual,38,4,Bank Debit,8,5,1,2,3,4,100
4297,Simbarashe Masuku,57,Male,Norton,Medium,Individual,58,2,Cash,8,0,2,2,7,2,92
4298,Farai Ncube,34,Male,Kariba,High,Individual,98,1,Mobile Money,2,1,4,0,9,3,81
4299,Brian Mutizwa,39,Male,Mutare,Low,Individual,16,4,Ecocash,7,1,4,2,7,4,98
4300,Memory Mutambara,73,Male,Bulawayo,Low,Individual,58,3,Bank Debit,4,3,1,3,6,2,83
4301,Melody Mutambara,47,Male,Victoria Falls,High,Individual,22,0,Mobile Money,3,5,1,3,2,1,100
4302,Tendekai Chikowore,71,Male,Bulawayo,Medium,Individual,61,5,Cash,2,1,4,0,4,5,65
4303,Tawanda Chiweshe,27,Female,Chitungwiza,Medium,Family,54,1,Bank Debit,0,3,0,2,7,3,45
4304,Elton Nkomo,69,Female,Hwange,Medium,Individual,82,0,Cash,2,2,3,3,9,3,78
4305,Farai Mupoperi,29,Female,Victoria Falls,Low,Family,88,1,Bank Debit,1,2,2,2,3,2,71
4306,Rutendo Chikwanda,63,Female,Harare,High,Family,99,3,Ecocash,7,4,4,1,7,2,100
4307,Tariro Chikore,35,Female,Masvingo,High,Family,41,3,Mobile Money,6,3,2,2,6,3,95
4308,Takudzwa Mutizwa,22,Male,Norton,High,Individual,91,4,Mobile Money,0,3,2,0,8,4,57
4309,Natsai Mutasa,60,Female,Marondera,Low,Individual,28,5,Cash,0,4,2,3,5,5,56
4310,Shamiso Munyoro,45,Male,Masvingo,Medium,Family,113,3,Ecocash,6,3,2,3,3,1,100
4311,Tariro Chibanda,21,Male,Harare,High,Family,105,5,Mobile Money,2,2,1,1,4,5,42
4312,Rumbidzai Chibanda,64,Male,Chegutu,Low,Individual,26,5,Bank Debit,8,3,4,3,5,3,100
4313,Tinotenda Chikafu,20,Male,Kadoma,High,Individual,76,0,Ecocash,0,2,3,1,6,1,84
4314,Blessing Dube,33,Male,Marondera,Medium,Individual,74,3,Ecocash,5,3,3,1,9,1,100
4315,Farai Munyai,53,Male,Gweru,Medium,Family,26,2,Mobile Money,8,0,2,2,9,1,100
4316,Nyarai Chikwanda,68,Male,Norton,Low,Family,92,0,Bank Debit,5,1,3,1,3,5,70
4317,Brian Ndlovu,61,Male,Kariba,Medium,Family,70,4,Bank Debit,6,3,4,0,5,1,100
4318,Memory Nkomo,34,Female,Harare,High,Individual,82,2,Mobile Money,8,5,4,3,3,4,100
4319,Rumbidzai Masango,23,Female,Mutare,High,Individual,98,3,Mobile Money,2,3,1,2,5,2,73
4320,Simba Mashava,65,Female,Chegutu,Medium,Family,70,3,Ecocash,1,3,3,3,1,3,82
4321,Rumbidzai Mupinga,28,Female,Norton,Low,Family,72,0,Mobile Money,2,1,1,0,5,3,51
4322,Clive Munyai,28,Female,Kwekwe,Medium,Family,112,4,Mobile Money,9,0,3,0,2,3,99
4323,Kudzai Mutsvangwa,25,Male,Kadoma,Low,Family,80,1,Cash,6,3,0,3,2,5,59
4324,Ashley Nkomo,42,Male,Bulawayo,High,Individual,32,1,Bank Debit,0,4,1,3,3,1,78
4325,Tinotenda Chikowore,40,Male,Bulawayo,Low,Family,81,3,Ecocash,3,4,0,3,4,5,51
4326,Tatenda Nkomo,40,Male,Norton,Medium,Individual,41,5,Cash,0,2,4,0,1,3,80
4327,Tatenda Mapfumo,33,Female,Hwange,Medium,Family,24,2,Mobile Money,7,4,4,3,3,3,100
4328,Shamiso Mutizwa,47,Male,Bindura,Low,Family,96,3,Ecocash,9,1,1,0,3,2,94
4329,Kudakwashe Mpofu,19,Female,Gweru,Medium,Individual,64,2,Ecocash,9,1,4,2,3,5,100
4330,Memory Mupoperi,65,Female,Bulawayo,High,Family,39,2,Bank Debit,2,5,4,2,9,2,100
4331,Tatenda Mataruse,73,Female,Bulawayo,Medium,Individual,91,0,Cash,9,0,4,3,7,2,100
4332,Kudzai Mapfumo,49,Male,Hwange,Medium,Individual,20,0,Mobile Money,4,0,4,3,6,4,76
4333,Tariro Moyo,70,Female,Norton,Low,Family,55,0,Mobile Money,8,5,4,3,3,1,100
4334,Tendai Mupfumi,74,Male,Marondera,Low,Individual,76,5,Mobile Money,9,2,1,0,3,2,100
4335,Rudo Mutambara,38,Male,Chitungwiza,Low,Individual,57,0,Ecocash,3,0,4,3,5,5,63
4336,Tonderai Masango,53,Male,Kwekwe,High,Family,97,1,Ecocash,8,2,1,2,5,2,96
4337,Brian Mashingaidze,69,Male,Kadoma,Low,Individual,35,5,Ecocash,9,5,4,3,6,3,100
4338,Tendai Chirume,67,Male,Kwekwe,Low,Individual,14,5,Ecocash,5,2,4,2,9,1,100
4339,Tinashe Mutambara,64,Female,Chitungwiza,High,Family,42,5,Cash,3,4,0,2,1,1,85
4340,Fadzai Mutambara,36,Male,Kadoma,Low,Individual,30,1,Ecocash,6,3,1,1,8,2,93
4341,Tinotenda Mutambara,36,Male,Gweru,High,Individual,95,1,Ecocash,6,2,0,1,6,1,84
4342,Kudzai Ndlovu,71,Male,Victoria Falls,Low,Family,16,5,Mobile Money,0,3,0,0,3,5,29
4343,Blessing Mapfumo,57,Male,Mutare,Medium,Individual,76,0,Bank Debit,4,1,2,3,1,5,57
4344,Tafadzwa Chigumba,62,Female,Kwekwe,Low,Individual,82,5,Mobile Money,0,0,0,3,2,2,32
4345,Tadiwa Chikwanda,24,Male,Mutare,High,Individual,19,0,Cash,4,1,3,2,7,5,65
4346,Tinashe Mapfumo,25,Female,Gweru,High,Individual,20,2,Bank Debit,9,2,1,0,8,5,77
4347,Clive Munyoro,49,Male,Bindura,Medium,Individual,82,0,Cash,0,2,4,1,2,1,94
4348,Faith Masuku,33,Male,Victoria Falls,High,Individual,10,2,Bank Debit,2,4,0,0,8,2,70
4349,Blessing Ncube,53,Female,Gweru,High,Individual,46,1,Bank Debit,9,0,2,0,2,4,81
4350,Fadzai Chibanda,29,Male,Victoria Falls,Medium,Individual,41,4,Bank Debit,6,5,3,3,5,2,100
4351,Kudzai Mutsvairo,39,Female,Kadoma,High,Family,113,5,Bank Debit,7,2,3,0,3,2,100
4352,Tawanda Moyo,33,Male,Bulawayo,High,Family,77,3,Ecocash,9,3,3,3,1,4,100
4353,Memory Mutizwa,23,Female,Victoria Falls,High,Family,84,5,Bank Debit,5,5,3,3,2,1,100
4354,Fadzai Mataruse,44,Male,Norton,Low,Family,44,1,Cash,2,1,0,0,1,5,27
4355,Tawanda Mutsvangwa,42,Male,Victoria Falls,High,Family,34,5,Ecocash,4,3,0,3,9,5,49
4356,Tafadzwa Dube,61,Female,Hwange,Medium,Family,19,1,Bank Debit,4,1,3,2,1,5,67
4357,Memory Mupamhanga,32,Female,Marondera,High,Family,45,2,Cash,4,5,4,3,5,5,100
4358,Prince Chikowore,19,Female,Mutare,Low,Family,101,2,Ecocash,7,3,4,3,6,3,100
4359,Rudo Mashiri,66,Female,Marondera,Medium,Individual,95,5,Cash,1,2,3,3,3,5,57
4360,Anesu Mapfumo,46,Male,Chitungwiza,Low,Individual,12,1,Bank Debit,6,2,4,0,8,4,100
4361,Rutendo Masango,59,Female,Mutare,Medium,Individual,15,2,Cash,1,0,3,1,4,4,51
4362,Kudzai Nkala,32,Female,Chitungwiza,High,Family,80,5,Mobile Money,7,0,3,3,2,3,89
4363,Nyasha Mupfudze,68,Female,Bulawayo,Low,Individual,91,3,Bank Debit,7,0,3,0,4,2,97
4364,Kudakwashe Mupunga,24,Female,Bindura,Medium,Family,88,1,Mobile Money,1,5,3,2,6,4,86
4365,Tapiwa Mapfumo,24,Female,Gweru,Medium,Individual,41,4,Mobile Money,0,2,3,0,4,4,60
4366,Clive Mupinga,19,Male,Masvingo,Low,Individual,27,0,Bank Debit,6,4,3,3,4,2,100
4367,Shamiso Nkomo,20,Male,Kariba,High,Individual,38,4,Ecocash,4,2,2,1,3,4,70
4368,Tapiwa Mhlanga,32,Female,Chegutu,Low,Individual,75,2,Ecocash,3,0,4,0,9,5,63
4369,Natsai Mutambara,38,Male,Harare,High,Family,91,1,Cash,6,4,1,2,5,1,100
4370,Fadzai Chikafu,68,Male,Kadoma,Low,Family,63,5,Cash,3,5,0,3,1,5,60
4371,Nyarai Masango,41,Male,Chegutu,Low,Family,26,0,Bank Debit,7,4,0,3,8,5,71
4372,Kudzai Mutizwa,70,Female,Kadoma,Medium,Family,101,5,Bank Debit,1,0,3,3,5,2,67
4373,Tinashe Chikwanda,43,Female,Kadoma,Low,Family,58,3,Cash,0,1,0,1,6,4,23
4374,Tonderai Munetsi,46,Female,Hwange,Medium,Individual,105,1,Ecocash,5,3,2,2,7,2,98
4375,Anesu Mutasa,41,Female,Bulawayo,Medium,Individual,85,3,Bank Debit,9,0,4,3,6,4,100
4376,Tadiwa Munyai,39,Female,Norton,Medium,Family,115,5,Cash,7,1,0,1,6,2,74
4377,Kudakwashe Ncube,73,Male,Harare,Low,Family,11,5,Ecocash,1,3,0,3,7,1,66
4378,Rutendo Mutizwa,39,Male,Bulawayo,High,Individual,57,0,Bank Debit,1,4,1,0,5,4,59
4379,Tendekai Chirinda,45,Male,Bindura,High,Individual,22,2,Cash,4,1,4,0,5,3,91
4380,Blessing Mhlanga,36,Male,Harare,Low,Individual,105,3,Ecocash,0,0,2,0,9,4,36
4381,Fadzai Mapfumo,39,Female,Gweru,Medium,Individual,87,2,Cash,1,0,4,2,3,1,85
4382,Natsai Mutsvairo,69,Male,Bulawayo,High,Individual,12,4,Cash,5,3,0,3,3,3,70
4383,Kudzai Mashingaidze,21,Male,Kadoma,Low,Family,90,3,Mobile Money,1,1,4,0,5,2,84
4384,Rutendo Mhlanga,36,Male,Chegutu,High,Individual,56,1,Bank Debit,0,4,2,3,3,3,72
4385,Shamiso Chikowore,63,Female,Gweru,High,Family,27,5,Mobile Money,7,4,1,3,3,1,100
4386,Elton Mashava,72,Male,Marondera,Medium,Individual,84,4,Bank Debit,5,0,2,3,6,4,61
4387,Nyarai Masango,56,Female,Kadoma,Low,Individual,91,4,Bank Debit,3,2,0,2,9,2,61
4388,Tatenda Chikowore,22,Female,Kwekwe,Medium,Family,19,0,Bank Debit,1,3,2,1,7,3,70
4389,Rudo Chirume,38,Male,Victoria Falls,Medium,Individual,93,3,Ecocash,4,4,1,2,3,3,82
4390,Tinotenda Chirume,47,Male,Kadoma,Medium,Individual,106,5,Bank Debit,3,1,2,3,9,5,50
4391,Kudakwashe Chikwanda,58,Male,Bulawayo,High,Family,12,0,Mobile Money,2,2,3,2,4,2,86
4392,Shamiso Mutizwa,68,Female,Kariba,High,Family,109,4,Cash,6,5,3,3,3,2,100
4393,Tendai Mataruse,40,Male,Mutare,High,Individual,22,5,Ecocash,2,5,2,2,3,5,73
4394,Kudakwashe Mataruse,72,Female,Hwange,Low,Individual,54,3,Bank Debit,2,2,0,0,5,1,64
4395,Anesu Mupfumi,21,Male,Chitungwiza,Medium,Individual,81,3,Mobile Money,5,2,4,1,2,2,100
4396,Tapiwa Moyo,43,Female,Bindura,Medium,Individual,114,1,Mobile Money,5,2,1,3,8,4,65
4397,Takudzwa Mutasa,51,Male,Hwange,Medium,Individual,109,2,Mobile Money,7,2,2,3,5,3,93
4398,Faith Mupunga,25,Female,Kariba,Medium,Family,66,0,Bank Debit,0,0,2,3,4,3,44
4399,Tonderai Mhlanga,27,Male,Marondera,High,Family,48,5,Ecocash,7,1,2,2,4,2,94
4400,Shingirai Mhlanga,57,Male,Kwekwe,High,Family,38,3,Ecocash,5,3,4,0,9,3,100
4401,Tawanda Chirume,56,Female,Kadoma,Medium,Family,22,1,Ecocash,8,4,2,0,6,5,96
4402,Blessing Mupoperi,51,Female,Kwekwe,Low,Family,111,3,Ecocash,1,0,4,1,6,2,77
4403,Shingirai Ndlovu,34,Female,Kadoma,High,Family,27,5,Cash,1,1,1,2,8,1,62
4404,Taurai Chikwanda,27,Female,Kariba,Low,Family,48,2,Ecocash,1,3,2,1,2,2,78
4405,Rudo Nkala,29,Male,Chitungwiza,Medium,Family,54,1,Cash,3,5,1,1,6,4,76
4406,Shingirai Moyo,62,Female,Marondera,High,Family,60,0,Mobile Money,5,2,4,2,9,3,100
4407,Blessing Chikowore,41,Female,Kwekwe,Medium,Individual,60,5,Ecocash,4,4,1,2,5,4,74
4408,Tafadzwa Munyoro,50,Female,Kariba,Low,Family,17,4,Cash,8,4,0,1,1,3,94
4409,Tendekai Mpofu,52,Female,Bulawayo,High,Individual,82,1,Cash,4,1,1,1,3,1,77
4410,Kundai Mapfumo,34,Female,Victoria Falls,Medium,Family,82,1,Ecocash,7,3,1,1,5,3,90
4411,Tafadzwa Mupunga,64,Male,Marondera,High,Family,42,2,Cash,9,2,4,1,3,2,100
4412,Melody Mashava,25,Female,Chitungwiza,Medium,Family,96,2,Ecocash,8,2,2,0,7,2,100
4413,Tonderai Chikwanda,72,Female,Chegutu,Medium,Family,35,2,Mobile Money,8,1,4,2,6,4,100
4414,Tendekai Masuku,60,Female,Kadoma,Medium,Family,93,4,Mobile Money,9,2,3,0,7,4,100
4415,Elton Mupfumi,32,Female,Kariba,Medium,Individual,88,1,Cash,4,0,4,1,9,3,84
4416,Blessing Nkala,34,Male,Kadoma,High,Family,100,1,Bank Debit,7,2,0,3,6,4,65
4417,Kudzai Masuku,41,Male,Bulawayo,Low,Family,59,5,Cash,7,3,1,3,5,3,90
4418,Prince Masango,47,Male,Masvingo,Low,Family,59,3,Cash,3,4,4,1,8,2,100
4419,Kudakwashe Mhlanga,25,Male,Kwekwe,Low,Individual,34,5,Cash,4,1,4,0,8,5,75
4420,Tendai Mutsvangwa,39,Female,Masvingo,High,Family,90,2,Bank Debit,0,2,0,3,1,1,56
4421,Prince Mutsvangwa,24,Male,Kadoma,Medium,Individual,59,4,Bank Debit,1,5,3,2,6,3,94
4422,Clive Masango,71,Female,Norton,Low,Individual,34,3,Ecocash,2,2,4,1,7,4,80
4423,Memory Moyo,69,Male,Gweru,Medium,Family,88,4,Ecocash,6,5,4,2,6,2,100
4424,Shingirai Mupoperi,63,Female,Victoria Falls,Medium,Family,72,5,Bank Debit,3,3,0,1,6,1,76
4425,Fadzai Mashiri,74,Female,Harare,Low,Family,40,1,Mobile Money,3,1,4,2,2,4,78
4426,Tinashe Mutizwa,69,Male,Kadoma,High,Family,58,3,Ecocash,2,1,2,1,5,2,69
4427,Clive Moyo,25,Male,Kadoma,High,Individual,13,3,Ecocash,5,5,3,0,2,4,100
4428,Tendai Mutizwa,24,Female,Marondera,Low,Family,21,1,Mobile Money,7,2,3,1,1,3,100
4429,Tariro Mutambara,60,Male,Kadoma,High,Individual,73,1,Ecocash,3,0,4,2,8,5,63
4430,Kundai Munyoro,62,Male,Kwekwe,Medium,Individual,107,5,Cash,4,0,0,0,6,1,60
4431,Kudzai Mashiri,40,Female,Chitungwiza,High,Family,57,1,Ecocash,6,3,2,0,2,4,87
4432,Farai Mupinga,21,Female,Harare,Medium,Individual,112,5,Bank Debit,6,0,1,0,1,4,58
4433,Prince Ndlovu,63,Female,Bindura,Medium,Family,88,3,Mobile Money,5,0,2,2,8,2,77
4434,Kundai Nkala,35,Male,Kariba,Low,Family,26,1,Mobile Money,7,1,4,0,1,3,100
4435,Rumbidzai Chikowore,44,Male,Norton,Low,Family,63,4,Mobile Money,8,1,3,3,3,4,93
4436,Tendekai Ndlovu,64,Male,Kariba,High,Individual,56,2,Ecocash,9,0,3,0,6,1,100
4437,Tafadzwa Ndlovu,48,Male,Mutare,Low,Family,111,1,Ecocash,3,3,0,2,9,3,60
4438,Natsai Ndlovu,24,Female,Bindura,Medium,Family,60,0,Ecocash,6,0,1,0,8,3,64
4439,Tinashe Mashingaidze,70,Male,Victoria Falls,High,Individual,78,0,Mobile Money,7,2,3,2,8,1,100
4440,Farai Ndlovu,61,Male,Marondera,High,Individual,99,4,Mobile Money,2,2,0,0,5,1,64
4441,Fadzai Chirume,34,Female,Marondera,Low,Individual,25,1,Bank Debit,1,1,4,3,1,5,62
4442,Tinashe Chikwanda,35,Male,Victoria Falls,Medium,Individual,72,5,Cash,6,1,2,2,6,3,81
4443,Farai Masango,54,Female,Kariba,High,Individual,118,5,Mobile Money,3,1,4,3,2,2,94
4444,Faith Mashiri,54,Female,Chitungwiza,High,Family,117,1,Bank Debit,5,5,2,1,6,1,100
4445,Rumbidzai Chigumba,29,Female,Gweru,High,Family,62,3,Ecocash,8,4,1,2,1,1,100
4446,Tinashe Masuku,20,Female,Gweru,Medium,Family,20,2,Mobile Money,7,4,0,3,5,4,79
4447,Tinotenda Nkomo,20,Male,Mutare,High,Family,114,4,Bank Debit,8,2,4,0,6,1,100
4448,Tinotenda Moyo,59,Female,Bindura,Low,Family,73,0,Bank Debit,9,4,1,3,8,5,91
4449,Tanaka Chikore,23,Male,Norton,Low,Individual,85,4,Mobile Money,5,5,4,1,8,2,100
4450,Rudo Mupfudze,26,Male,Masvingo,Low,Individual,70,4,Mobile Money,1,5,2,1,1,1,100
4451,Memory Mutambara,64,Male,Mutare,Medium,Individual,118,1,Mobile Money,5,4,3,3,8,2,100
4452,Rumbidzai Munyai,42,Female,Hwange,High,Individual,10,5,Ecocash,0,5,3,3,5,1,100
4453,Rumbidzai Mupunga,40,Female,Chegutu,High,Individual,15,2,Ecocash,7,3,0,3,5,1,96
4454,Melody Mutambara,49,Male,Bindura,Medium,Family,21,2,Ecocash,0,3,3,2,6,1,91
4455,Ashley Masango,23,Female,Chitungwiza,Medium,Family,54,3,Mobile Money,0,5,1,1,9,3,69
4456,Tanaka Mupoperi,72,Female,Chitungwiza,Medium,Family,112,1,Mobile Money,7,2,4,3,9,4,100
4457,Nyarai Chibanda,28,Female,Norton,Medium,Family,27,3,Cash,5,1,1,0,4,4,58
4458,Nyarai Chikafu,44,Female,Norton,Low,Family,96,1,Bank Debit,4,4,3,1,8,2,100
4459,Brian Masuku,47,Female,Kwekwe,Medium,Family,63,1,Ecocash,9,4,2,2,1,5,100
4460,Tonderai Chirinda,56,Male,Kadoma,High,Individual,48,0,Ecocash,2,4,4,0,9,5,86
4461,Tendai Mutambara,40,Male,Kariba,High,Individual,91,4,Cash,7,5,4,2,6,1,100
4462,Elton Munyai,59,Female,Victoria Falls,Medium,Family,105,0,Ecocash,9,4,0,1,5,1,100
4463,Tendai Mupamhanga,55,Female,Chegutu,Medium,Family,14,0,Bank Debit,7,4,1,0,7,3,97
4464,Clive Chikowore,29,Female,Chegutu,Medium,Family,87,2,Mobile Money,6,1,2,2,1,5,67
4465,Farai Chikafu,34,Female,Norton,High,Individual,55,0,Bank Debit,3,3,0,1,7,5,44
4466,Clive Munetsi,49,Male,Norton,High,Individual,63,4,Ecocash,1,0,2,2,2,1,65
4467,Tafadzwa Mashingaidze,29,Male,Bulawayo,High,Individual,55,4,Bank Debit,1,1,3,0,6,5,50
4468,Memory Mashava,65,Male,Victoria Falls,Medium,Individual,91,5,Cash,4,0,1,3,9,5,38
4469,Tatenda Chikafu,50,Male,Chegutu,Low,Individual,81,2,Bank Debit,8,2,3,0,4,5,92
4470,Rudo Chigumba,71,Female,Chegutu,Medium,Individual,48,3,Cash,2,1,1,1,4,4,43
4471,Simba Chirume,43,Male,Mutare,Medium,Family,20,5,Cash,2,1,2,2,1,4,55
4472,Tapiwa Ndlovu,34,Female,Kariba,Low,Family,63,0,Bank Debit,5,3,1,1,5,5,64
4473,Tadiwa Matiza,34,Female,Marondera,Medium,Family,93,0,Bank Debit,3,0,0,3,1,1,57
4474,Anesu Mutizwa,66,Male,Chitungwiza,Low,Individual,105,2,Mobile Money,4,4,4,1,8,3,100
4475,Rumbidzai Chirinda,69,Male,Victoria Falls,Low,Family,72,1,Bank Debit,0,2,1,1,4,3,48
4476,Natsai Masango,56,Male,Hwange,Low,Family,111,0,Mobile Money,9,4,1,3,4,3,100
4477,Takudzwa Chirinda,63,Male,Chitungwiza,High,Family,63,2,Mobile Money,7,3,3,2,9,4,100
4478,Natsai Dube,52,Male,Kadoma,Low,Family,49,5,Mobile Money,3,3,3,2,4,3,90
4479,Shamiso Mataruse,21,Male,Mutare,High,Family,58,5,Bank Debit,4,2,1,2,6,5,52
4480,Tadiwa Mutambara,55,Male,Kariba,High,Family,74,3,Cash,9,4,0,1,6,4,89
4481,Faith Mpofu,56,Male,Bindura,Low,Individual,111,5,Cash,9,4,3,2,7,3,100
4482,Kundai Mashava,68,Female,Chitungwiza,Medium,Individual,11,4,Cash,7,5,4,1,2,2,100
4483,Taurai Nkala,47,Female,Marondera,Low,Individual,114,0,Bank Debit,5,1,2,2,4,2,84
4484,Tawanda Chirume,34,Male,Kariba,High,Family,49,5,Mobile Money,2,5,0,3,4,1,85
4485,Kundai Munetsi,23,Male,Bulawayo,Medium,Individual,51,4,Ecocash,8,5,0,3,8,2,100
4486,Tinashe Mupfumi,58,Male,Marondera,High,Family,75,5,Bank Debit,0,1,0,0,6,4,23
4487,Tariro Ncube,35,Male,Harare,Low,Individual,89,1,Cash,2,5,0,3,1,2,79
4488,Natsai Mupamhanga,74,Female,Harare,Low,Family,41,0,Bank Debit,2,0,2,2,2,2,62
4489,Tadiwa Chigumba,19,Female,Bindura,High,Family,39,1,Ecocash,3,0,4,2,9,4,71
4490,Tonderai Chibanda,32,Female,Harare,Medium,Family,34,4,Mobile Money,8,4,3,0,5,1,100
4491,Tapiwa Mutsvangwa,41,Male,Mutare,Medium,Individual,60,5,Mobile Money,7,2,4,3,8,4,100
4492,Clive Mutambara,23,Male,Victoria Falls,High,Family,71,4,Cash,8,5,4,0,8,2,100
4493,Memory Matiza,65,Female,Victoria Falls,Medium,Individual,52,2,Bank Debit,4,1,2,1,8,5,55
4494,Tadiwa Mupunga,62,Male,Chegutu,Medium,Family,66,5,Ecocash,9,3,2,3,5,3,100
4495,Nyasha Nkomo,37,Male,Norton,High,Individual,88,4,Bank Debit,6,0,4,3,7,1,100
4496,Tariro Mupamhanga,31,Male,Bindura,Low,Individual,70,0,Bank Debit,0,3,3,2,9,5,59
4497,Kudzai Dube,74,Male,Marondera,Medium,Individual,51,3,Bank Debit,4,3,2,0,8,4,77
4498,Simbarashe Ndlovu,55,Female,Norton,Medium,Individual,101,0,Mobile Money,3,3,4,3,1,2,100
4499,Taurai Munyoro,19,Female,Chegutu,Low,Family,55,2,Bank Debit,2,0,2,0,7,2,62
4500,Tariro Chirinda,29,Male,Bindura,Low,Family,49,5,Bank Debit,6,2,3,0,2,5,82
4501,Elton Mupamhanga,57,Female,Masvingo,Medium,Family,56,5,Bank Debit,6,4,3,2,9,4,100
4502,Natsai Mashava,43,Male,Victoria Falls,Low,Individual,92,0,Bank Debit,4,2,1,1,6,1,84
4503,Tonderai Ndlovu,44,Female,Kwekwe,High,Individual,34,5,Ecocash,1,2,0,2,4,5,27
4504,Tendekai Mataruse,34,Male,Chegutu,Low,Family,108,5,Ecocash,2,5,3,0,1,5,85
4505,Tapiwa Mpofu,27,Male,Hwange,High,Family,114,1,Cash,4,0,3,0,1,2,84
4506,Kudakwashe Mutambara,69,Female,Hwange,Low,Individual,118,5,Cash,8,2,3,1,6,3,100
4507,Faith Mutasa,56,Female,Kadoma,Medium,Family,68,2,Ecocash,8,4,2,2,1,4,100
4508,Shingirai Mashiri,70,Male,Harare,Medium,Family,92,4,Ecocash,7,0,2,3,4,1,95
4509,Nyarai Mataruse,42,Female,Harare,Low,Individual,66,5,Bank Debit,1,5,4,3,8,3,100
4510,Tawanda Mupfudze,72,Female,Harare,Medium,Individual,47,2,Cash,2,4,1,0,6,4,64
4511,Tanaka Masango,24,Female,Kadoma,Medium,Family,91,0,Bank Debit,3,0,4,2,9,3,79
4512,Tanaka Mupfudze,26,Male,Marondera,High,Family,31,4,Bank Debit,8,4,2,0,8,2,100
4513,Taurai Mutizwa,30,Female,Norton,High,Family,89,5,Ecocash,3,4,2,0,3,3,87
4514,Tendai Mhlanga,48,Female,Bulawayo,Low,Family,93,5,Cash,1,5,0,2,7,1,80
4515,Shingirai Mutsvairo,67,Female,Bindura,High,Family,23,3,Cash,5,4,4,1,1,5,100
4516,Tapiwa Dube,64,Male,Kadoma,Medium,Family,26,3,Mobile Money,8,0,3,3,1,2,100
4517,Rumbidzai Chikafu,37,Male,Kadoma,High,Family,15,5,Mobile Money,1,5,1,3,4,3,74
4518,Tatenda Dube,53,Female,Harare,High,Individual,25,3,Cash,8,4,2,0,4,2,100
4519,Fadzai Chikowore,57,Male,Kwekwe,High,Individual,88,5,Mobile Money,8,3,2,1,1,5,91
4520,Brian Mupamhanga,22,Male,Marondera,Low,Family,73,0,Bank Debit,2,4,1,0,3,2,80
4521,Kudakwashe Nkomo,59,Female,Marondera,Low,Family,15,0,Mobile Money,3,0,0,0,7,5,23
4522,Tadiwa Chirume,32,Male,Victoria Falls,Low,Family,74,5,Cash,6,1,4,3,4,2,100
4523,Simba Masango,67,Female,Kariba,High,Family,91,5,Ecocash,0,2,4,0,8,2,86
4524,Taurai Moyo,55,Female,Harare,Medium,Individual,113,0,Bank Debit,3,0,4,3,4,3,79
4525,Kundai Munyoro,73,Female,Mutare,High,Family,108,5,Ecocash,1,4,4,3,8,1,100
4526,Nyasha Mataruse,46,Female,Kwekwe,Low,Individual,107,4,Mobile Money,4,5,3,1,1,3,100
4527,Tariro Mupfumi,74,Female,Chegutu,Low,Family,60,4,Bank Debit,3,1,2,2,5,3,66
4528,Tendekai Mashava,18,Male,Marondera,Medium,Family,112,3,Bank Debit,8,3,1,1,1,4,89
4529,Shamiso Chigumba,22,Female,Bindura,High,Individual,27,2,Cash,2,4,4,2,3,1,100
4530,Kudakwashe Munetsi,31,Female,Mutare,Low,Family,56,3,Cash,2,4,0,2,5,3,62
4531,Taurai Mashava,51,Female,Bindura,Medium,Individual,100,4,Ecocash,0,1,3,3,3,3,61
4532,Anesu Moyo,34,Female,Kadoma,Low,Individual,78,2,Bank Debit,6,4,0,3,3,2,90
4533,Tapiwa Mutizwa,50,Female,Masvingo,Low,Family,92,5,Cash,8,3,3,0,8,5,99
4534,Kundai Mutasa,23,Female,Hwange,Medium,Family,99,1,Ecocash,3,0,0,3,6,5,23
4535,Rudo Mupinga,22,Male,Gweru,Medium,Individual,119,0,Cash,1,2,2,3,3,2,71
4536,Rutendo Chigumba,29,Female,Harare,High,Family,30,1,Ecocash,2,0,0,1,4,1,50
4537,Kudakwashe Munyai,53,Female,Marondera,Low,Individual,105,1,Mobile Money,8,0,1,3,1,3,76
4538,Prince Mhlanga,40,Male,Kariba,High,Individual,69,5,Bank Debit,4,5,3,1,2,2,100
4539,Tapiwa Mupfudze,54,Female,Hwange,Low,Family,90,0,Cash,7,5,2,2,6,1,100
4540,Kudzai Mupfumi,24,Male,Chitungwiza,Low,Family,110,2,Cash,5,4,2,3,5,5,81
4541,Ashley Mhlanga,52,Male,Marondera,Low,Individual,34,1,Mobile Money,2,1,3,1,6,1,87
4542,Rudo Dube,68,Male,Mutare,High,Family,100,1,Mobile Money,0,2,4,1,3,3,78
4543,Tinashe Mupunga,63,Male,Hwange,Low,Individual,104,4,Ecocash,0,3,0,3,5,2,53
4544,Prince Mupfumi,30,Female,Chegutu,Medium,Family,117,0,Bank Debit,8,4,3,3,7,2,100
4545,Tatenda Mutsvairo,37,Female,Victoria Falls,Medium,Family,32,2,Ecocash,3,3,4,2,3,5,84
4546,Tanaka Masuku,51,Female,Norton,High,Individual,10,1,Mobile Money,1,4,0,0,1,4,51
4547,Taurai Mataruse,52,Male,Norton,High,Individual,66,0,Bank Debit,9,3,1,3,7,2,100
4548,Shamiso Chikowore,52,Male,Masvingo,High,Individual,114,2,Mobile Money,6,1,3,3,1,2,100
4549,Brian Mutasa,54,Female,Masvingo,Medium,Family,109,2,Cash,2,5,1,3,8,3,79
4550,Rudo Mutizwa,37,Female,Chegutu,High,Individual,79,3,Bank Debit,0,1,0,2,5,5,15
4551,Tonderai Mapfumo,25,Male,Victoria Falls,Low,Individual,87,1,Ecocash,8,2,3,1,7,5,92
4552,Precious Matiza,18,Male,Kadoma,High,Individual,97,5,Mobile Money,7,3,1,1,6,3,90
4553,Nyarai Ndlovu,32,Male,Bindura,Medium,Family,70,5,Bank Debit,8,0,0,1,4,3,64
4554,Precious Moyo,52,Female,Mutare,Medium,Individual,99,2,Bank Debit,3,2,1,3,2,1,79
4555,Melody Mutsvairo,54,Male,Kwekwe,Low,Individual,44,2,Mobile Money,9,1,1,2,7,5,70
4556,Rudo Mupinga,25,Male,Chegutu,Low,Family,33,4,Ecocash,5,5,2,1,8,3,100
4557,Tonderai Nkala,71,Male,Gweru,Medium,Family,94,4,Ecocash,2,3,1,0,9,4,57
4558,Natsai Mhlanga,33,Female,Bindura,Medium,Individual,70,5,Ecocash,4,0,4,0,4,2,92
4559,Simba Mutsvangwa,25,Male,Mutare,Medium,Individual,29,4,Mobile Money,2,4,0,3,6,3,62
4560,Tariro Sibanda,41,Male,Kadoma,High,Family,26,2,Ecocash,4,4,1,2,6,3,82
4561,Natsai Mupinga,56,Male,Marondera,Medium,Individual,37,1,Ecocash,4,2,4,2,7,2,100
4562,Elton Chirume,72,Female,Gweru,Medium,Individual,83,0,Bank Debit,6,0,0,0,8,2,62
4563,Tapiwa Mutsvangwa,42,Female,Masvingo,Medium,Individual,37,5,Mobile Money,7,3,2,1,6,1,100
4564,Taurai Mupoperi,54,Male,Marondera,High,Individual,91,0,Mobile Money,7,4,3,1,6,1,100
4565,Melody Mutizwa,44,Female,Hwange,Medium,Individual,79,0,Bank Debit,4,2,3,0,5,5,72
4566,Taurai Chigumba,58,Male,Kadoma,High,Family,52,3,Cash,6,4,3,1,8,4,100
4567,Tinotenda Mataruse,48,Female,Kadoma,Medium,Family,100,1,Mobile Money,8,5,2,3,1,3,100
4568,Tanaka Chikowore,59,Female,Chegutu,Low,Individual,74,5,Cash,6,4,1,0,9,2,100
4569,Anesu Moyo,69,Male,Masvingo,High,Family,95,5,Ecocash,8,1,1,2,2,3,81
4570,Tatenda Mupfumi,44,Female,Mutare,Low,Family,92,1,Bank Debit,9,1,0,1,6,1,92
4571,Nyasha Masuku,35,Female,Harare,High,Family,52,4,Mobile Money,6,5,3,1,7,5,100
4572,Rudo Mutizwa,19,Male,Kariba,Medium,Family,10,1,Cash,6,0,1,1,8,4,56
4573,Brian Mataruse,60,Female,Harare,Low,Family,82,0,Mobile Money,8,2,3,1,7,2,100
4574,Ashley Dube,40,Female,Kariba,High,Family,90,5,Ecocash,8,3,3,2,2,5,99
4575,Simba Chigumba,51,Male,Victoria Falls,Medium,Family,27,1,Mobile Money,4,0,3,3,6,2,82
4576,Anesu Chirinda,34,Male,Mutare,Low,Family,50,3,Bank Debit,7,1,3,2,8,4,88
4577,Tadiwa Masango,36,Male,Kadoma,Low,Individual,57,5,Cash,1,1,0,3,2,4,28
4578,Farai Chibanda,71,Female,Masvingo,Medium,Individual,11,5,Bank Debit,9,2,2,3,2,2,100
4579,Elton Chibanda,29,Male,Bulawayo,Low,Individual,79,5,Cash,7,2,3,1,3,2,100
4580,Tendai Mpofu,74,Male,Bindura,High,Individual,90,4,Mobile Money,5,0,2,2,5,4,61
4581,Fadzai Chikwanda,29,Female,Mutare,Medium,Family,44,2,Bank Debit,6,2,4,3,3,5,92
4582,Memory Mupoperi,74,Female,Bindura,Low,Individual,81,3,Ecocash,6,2,2,3,1,3,90
4583,Rudo Mutambara,29,Female,Victoria Falls,High,Family,51,0,Mobile Money,0,2,4,1,8,5,62
4584,Kundai Nkomo,51,Male,Victoria Falls,High,Family,118,1,Cash,0,2,3,2,7,1,84
4585,Tafadzwa Mutasa,37,Male,Kwekwe,Medium,Individual,29,4,Mobile Money,3,1,0,0,2,5,30
4586,Kundai Mashava,42,Female,Victoria Falls,High,Individual,71,0,Cash,6,4,4,0,4,4,100
4587,Precious Mupunga,51,Female,Victoria Falls,Low,Individual,86,0,Mobile Money,6,4,4,2,9,2,100
4588,Tatenda Masango,58,Male,Marondera,High,Individual,107,0,Ecocash,0,2,4,1,8,1,94
4589,Tanaka Mashiri,48,Male,Bulawayo,Low,Family,115,4,Ecocash,7,4,2,0,8,4,99
4590,Melody Mupfumi,68,Female,Bindura,Low,Individual,72,2,Mobile Money,7,2,3,3,7,3,100
4591,Rutendo Chigumba,60,Female,Kadoma,Low,Individual,50,0,Bank Debit,2,0,2,1,5,2,62
4592,Faith Mutizwa,35,Male,Kwekwe,Low,Family,85,1,Ecocash,9,3,4,0,4,3,100
4593,Tinotenda Masuku,68,Male,Marondera,High,Family,98,4,Bank Debit,7,2,1,0,1,5,69
4594,Shamiso Mupinga,33,Male,Harare,Low,Family,26,0,Mobile Money,1,0,0,1,4,3,29
4595,Rutendo Chibanda,54,Male,Norton,Low,Individual,97,0,Cash,4,3,0,0,1,1,83
4596,Precious Chiweshe,57,Female,Hwange,Low,Family,89,0,Bank Debit,2,2,4,3,6,3,88
4597,Shamiso Munyoro,54,Female,Bulawayo,Low,Family,117,3,Ecocash,2,2,2,2,6,1,84
4598,Melody Mataruse,44,Female,Hwange,Low,Family,116,5,Ecocash,4,5,4,0,3,1,100
4599,Tafadzwa Nkala,69,Female,Kwekwe,Low,Family,75,4,Cash,5,1,2,0,3,1,92
4600,Nyarai Sibanda,59,Male,Chegutu,High,Individual,60,0,Mobile Money,1,2,1,0,2,4,45
4601,Tatenda Chikwanda,41,Male,Kwekwe,High,Family,22,1,Cash,0,2,1,2,7,4,40
4602,Tinashe Mutasa,65,Male,Mutare,Medium,Individual,17,5,Ecocash,4,1,1,3,1,4,55
4603,Brian Chirume,51,Male,Bulawayo,Medium,Family,71,5,Bank Debit,7,1,0,1,9,5,50
4604,Takudzwa Mutsvairo,60,Male,Hwange,High,Family,76,1,Ecocash,4,2,2,3,5,3,78
4605,Tendai Mupinga,60,Female,Chitungwiza,Low,Family,45,4,Mobile Money,6,3,4,3,7,4,100
4606,Tendekai Mupfudze,52,Male,Hwange,Medium,Family,112,2,Mobile Money,5,4,1,2,2,1,100
4607,Prince Chigumba,34,Male,Kwekwe,Medium,Family,64,2,Cash,7,1,3,1,1,5,82
4608,Faith Mupinga,59,Male,Chitungwiza,High,Individual,57,3,Ecocash,2,0,1,3,9,3,44
4609,Tinotenda Masuku,64,Female,Kwekwe,Medium,Family,99,1,Mobile Money,2,5,2,0,5,3,89
4610,Ashley Moyo,45,Female,Norton,High,Individual,98,0,Cash,0,1,0,3,9,5,15
4611,Tendai Chibanda,45,Male,Norton,High,Family,25,1,Mobile Money,2,0,4,3,5,1,90
4612,Natsai Mutsvangwa,35,Male,Masvingo,High,Family,67,3,Bank Debit,2,3,4,2,9,3,95
4613,Rutendo Ndlovu,60,Male,Victoria Falls,High,Family,78,0,Bank Debit,0,5,1,1,4,1,85
4614,Natsai Chikafu,44,Female,Gweru,Low,Family,114,3,Ecocash,5,1,0,3,4,2,64
4615,Rumbidzai Ncube,57,Female,Chitungwiza,Low,Individual,46,0,Bank Debit,3,2,3,1,7,1,99
4616,Memory Mashava,24,Female,Harare,Low,Family,63,2,Mobile Money,3,3,0,2,4,5,44
4617,Prince Chiweshe,39,Male,Hwange,Medium,Family,29,1,Mobile Money,4,5,1,2,8,2,97
4618,Fadzai Sibanda,19,Female,Kwekwe,Low,Family,57,4,Bank Debit,5,1,0,1,5,2,64
4619,Tapiwa Chikowore,21,Female,Hwange,Medium,Family,35,3,Cash,1,2,2,0,3,4,55
4620,Kudakwashe Mataruse,41,Male,Kadoma,Low,Family,81,4,Ecocash,4,0,4,3,4,4,76
4621,Natsai Mashiri,24,Female,Gweru,Medium,Family,102,4,Mobile Money,5,4,0,1,3,1,93
4622,Shamiso Masango,49,Male,Kadoma,Low,Individual,117,5,Mobile Money,2,5,3,0,1,1,100
4623,Melody Masango,43,Male,Hwange,Medium,Individual,25,4,Ecocash,3,2,3,0,3,3,83
4624,Fadzai Mupamhanga,37,Female,Hwange,Low,Individual,59,0,Bank Debit,6,1,2,3,5,1,97
4625,Rutendo Nkala,57,Male,Bindura,Medium,Family,79,1,Ecocash,1,4,1,1,3,2,75
4626,Clive Chikwanda,42,Male,Masvingo,Low,Individual,71,2,Cash,3,2,0,2,7,5,37
4627,Precious Mpofu,74,Male,Chitungwiza,High,Individual,27,4,Mobile Money,9,0,4,3,9,4,100
4628,Anesu Munyai,68,Female,Gweru,High,Individual,78,0,Bank Debit,1,5,0,1,2,5,48
4629,Takudzwa Chikowore,58,Female,Marondera,High,Individual,41,1,Mobile Money,4,3,1,0,2,3,75
4630,Rutendo Munyoro,19,Female,Kariba,Low,Family,57,0,Cash,8,1,0,1,3,3,71
4631,Natsai Chirume,40,Male,Marondera,High,Individual,118,2,Cash,2,1,1,1,5,5,35
4632,Simba Masango,57,Female,Mutare,Low,Family,43,3,Mobile Money,2,0,3,0,4,2,72
4633,Tatenda Chiweshe,22,Male,Kariba,Low,Individual,40,4,Ecocash,8,0,4,3,7,1,100
4634,Brian Nkomo,46,Female,Kadoma,Low,Individual,102,2,Ecocash,7,4,3,0,8,2,100
4635,Brian Mutsvangwa,31,Female,Kwekwe,Low,Individual,18,5,Ecocash,7,2,0,1,4,1,89
4636,Kudakwashe Chirinda,33,Female,Chitungwiza,Medium,Individual,26,5,Bank Debit,0,0,4,1,4,1,80
4637,Taurai Mpofu,39,Male,Bindura,High,Family,107,4,Bank Debit,9,4,1,1,2,5,91
4638,Faith Chirinda,38,Male,Marondera,Medium,Family,66,0,Ecocash,9,5,2,1,5,1,100
4639,Tonderai Mupfumi,50,Male,Mutare,Medium,Family,110,1,Bank Debit,4,4,2,3,4,4,84
4640,Rumbidzai Nkala,28,Female,Chitungwiza,Low,Family,110,1,Ecocash,0,4,3,1,6,4,74
4641,Tonderai Mutambara,56,Female,Gweru,High,Individual,88,0,Bank Debit,2,2,3,3,6,2,86
4642,Kudzai Munetsi,50,Female,Kadoma,High,Individual,119,2,Cash,3,2,3,3,9,1,99
4643,Clive Mupunga,49,Male,Harare,High,Individual,64,3,Bank Debit,4,1,3,1,7,4,73
4644,Tapiwa Mashingaidze,55,Male,Hwange,High,Individual,64,5,Cash,0,4,1,0,8,4,54
4645,Shingirai Mupunga,64,Male,Chegutu,Low,Family,59,4,Mobile Money,2,3,3,1,7,5,69
4646,Clive Chikwanda,50,Male,Masvingo,Low,Individual,28,2,Mobile Money,5,5,2,0,2,3,100
4647,Kundai Mashingaidze,71,Male,Victoria Falls,Medium,Individual,36,5,Ecocash,8,5,4,3,7,3,100
4648,Kudakwashe Mpofu,49,Male,Marondera,High,Individual,79,5,Ecocash,4,2,0,1,1,4,52
4649,Tafadzwa Chikore,69,Female,Victoria Falls,Low,Individual,20,4,Bank Debit,1,0,1,2,2,1,55
4650,Nyarai Sibanda,69,Female,Bulawayo,Low,Family,38,1,Ecocash,8,4,4,3,7,4,100
4651,Tendai Mupfumi,35,Male,Chegutu,Low,Family,56,4,Cash,4,1,2,1,1,4,65
4652,Shamiso Masuku,65,Male,Kariba,High,Individual,98,1,Cash,3,4,2,1,4,2,95
4653,Ashley Mataruse,35,Female,Kwekwe,Low,Family,111,1,Cash,1,4,0,3,7,2,65
4654,Simbarashe Chirume,26,Male,Chitungwiza,Low,Individual,105,2,Cash,3,1,0,2,7,5,30
4655,Simba Mupamhanga,55,Male,Bindura,Low,Family,56,0,Cash,0,5,0,1,5,1,75
4656,Kudakwashe Dube,24,Male,Chitungwiza,High,Individual,63,2,Ecocash,6,2,1,3,8,3,78
4657,Elton Mataruse,26,Male,Norton,High,Individual,85,3,Bank Debit,9,2,3,0,7,4,100
4658,Takudzwa Mutsvangwa,62,Male,Kwekwe,Medium,Family,112,2,Bank Debit,5,2,1,1,7,1,89
4659,Clive Munyai,74,Female,Chitungwiza,Medium,Individual,71,1,Ecocash,0,1,2,3,1,3,53
4660,Elton Chirume,55,Female,Kadoma,Low,Individual,13,1,Cash,5,1,4,2,5,2,100
4661,Tatenda Nkala,52,Male,Mutare,Medium,Individual,108,2,Cash,7,3,3,3,7,5,94
4662,Ashley Mupamhanga,47,Male,Chitungwiza,Medium,Individual,112,2,Mobile Money,4,1,3,3,5,1,97
4663,Tapiwa Sibanda,28,Male,Hwange,Low,Family,37,1,Mobile Money,0,1,2,3,7,4,43
4664,Tariro Chikore,72,Male,Victoria Falls,Low,Individual,77,2,Bank Debit,9,2,4,1,8,3,100
4665,Rudo Mpofu,40,Male,Hwange,High,Family,38,2,Ecocash,4,4,1,2,6,4,74
4666,Kundai Masuku,58,Male,Bindura,High,Family,47,4,Ecocash,5,3,3,3,5,3,100
4667,Simba Dube,27,Male,Bulawayo,Low,Individual,93,1,Cash,2,5,1,2,5,5,63
4668,Precious Mashiri,68,Female,Kadoma,High,Individual,74,3,Cash,3,5,2,1,9,1,100
4669,Tatenda Mashava,62,Female,Harare,Low,Individual,87,1,Cash,4,5,1,3,8,2,97
4670,Rumbidzai Chikore,24,Male,Bulawayo,Medium,Family,101,1,Ecocash,2,2,1,1,9,2,66
4671,Memory Mupunga,36,Male,Harare,Low,Family,25,0,Mobile Money,4,3,4,2,2,2,100
4672,Faith Matiza,44,Female,Kwekwe,Low,Family,40,5,Ecocash,9,5,2,2,8,5,100
4673,Nyasha Nkomo,71,Female,Bulawayo,High,Individual,15,1,Cash,1,4,0,2,5,4,49
4674,Tapiwa Mataruse,39,Male,Norton,Medium,Individual,103,5,Mobile Money,9,5,2,3,9,1,100
4675,Shingirai Nkomo,39,Female,Norton,Medium,Family,15,3,Ecocash,1,1,3,2,8,2,74
4676,Memory Chikowore,66,Female,Bindura,High,Family,67,3,Bank Debit,7,0,4,0,3,2,100
4677,Rumbidzai Mupfudze,24,Female,Harare,High,Individual,50,2,Ecocash,6,3,2,1,5,4,87
4678,Clive Chirinda,49,Female,Kwekwe,Medium,Family,115,1,Cash,6,0,1,2,6,3,64
4679,Kundai Masuku,32,Male,Victoria Falls,High,Individual,14,4,Mobile Money,8,1,1,2,7,4,73
4680,Simbarashe Masuku,22,Female,Kadoma,Low,Family,30,3,Bank Debit,1,2,2,1,2,1,79
4681,Elton Chikore,62,Female,Masvingo,Low,Individual,18,4,Ecocash,9,2,1,2,5,5,77
4682,Tatenda Mutsvangwa,43,Male,Chegutu,High,Family,109,2,Cash,7,1,2,0,7,1,100
4683,Simba Chikowore,39,Male,Kadoma,High,Individual,54,2,Cash,7,2,3,1,8,3,100
4684,Nyasha Mpofu,70,Female,Kariba,Low,Individual,27,1,Bank Debit,1,2,3,0,6,4,65
4685,Tanaka Mutasa,37,Male,Bindura,Low,Individual,23,5,Ecocash,4,5,3,3,1,3,100
4686,Anesu Mutambara,62,Male,Masvingo,Medium,Family,20,0,Cash,9,1,2,3,3,2,100
4687,Tinashe Dube,69,Female,Victoria Falls,Low,Individual,44,3,Bank Debit,5,0,0,2,3,2,57
4688,Clive Chikwanda,35,Female,Bindura,Medium,Family,19,4,Bank Debit,2,1,2,1,1,3,63
4689,Elton Mutasa,64,Female,Hwange,Low,Family,37,5,Bank Debit,5,3,0,1,8,4,62
4690,Shingirai Chirinda,56,Female,Mutare,High,Individual,66,1,Mobile Money,6,0,4,1,9,2,100
4691,Natsai Mpofu,28,Male,Victoria Falls,Medium,Individual,10,5,Ecocash,1,3,2,0,8,3,70
4692,Tanaka Mupamhanga,64,Female,Marondera,Low,Family,49,1,Bank Debit,9,4,4,2,5,2,100
4693,Nyarai Mupfudze,27,Male,Victoria Falls,Medium,Family,115,1,Cash,1,1,3,2,7,4,58
4694,Kudzai Munyoro,58,Female,Harare,Medium,Individual,115,3,Cash,6,2,2,0,1,5,74
4695,Ashley Chikore,34,Male,Chegutu,Low,Family,27,5,Mobile Money,5,3,1,2,9,2,88
4696,Anesu Matiza,47,Male,Bindura,Medium,Individual,21,5,Bank Debit,4,0,3,0,1,4,68
4697,Kundai Dube,49,Male,Kariba,Low,Family,24,0,Bank Debit,7,1,4,2,8,3,100
4698,Rutendo Dube,60,Male,Kwekwe,High,Family,55,4,Ecocash,5,5,0,1,9,3,84
4699,Tonderai Mupinga,51,Female,Marondera,Medium,Family,57,1,Ecocash,3,4,4,2,6,5,91
4700,Nyasha Mutsvangwa,26,Female,Victoria Falls,Low,Individual,48,4,Ecocash,7,1,2,0,5,1,100
4701,Tinashe Chiweshe,29,Female,Kwekwe,High,Individual,55,5,Ecocash,5,1,1,3,4,2,74
4702,Tendekai Chirume,46,Male,Hwange,High,Individual,37,3,Ecocash,2,2,4,0,3,1,100
4703,Simbarashe Chikwanda,34,Female,Bindura,Medium,Individual,36,1,Mobile Money,8,2,0,1,3,4,70
4704,Rutendo Chikowore,24,Female,Norton,Low,Individual,63,4,Mobile Money,3,3,1,0,4,3,70
4705,Ashley Masuku,74,Female,Chitungwiza,Medium,Individual,13,2,Mobile Money,6,0,4,1,3,1,100
4706,Tendai Nkomo,29,Male,Hwange,Medium,Family,24,4,Bank Debit,3,1,2,1,7,5,50
4707,Kudakwashe Dube,27,Male,Norton,Low,Family,111,1,Mobile Money,7,4,4,0,3,3,100
4708,Fadzai Mashava,18,Male,Kadoma,Medium,Family,96,5,Mobile Money,7,5,1,0,9,3,100
4709,Shingirai Mupamhanga,40,Male,Kwekwe,Medium,Individual,53,1,Ecocash,7,3,1,0,1,1,100
4710,Memory Munyai,51,Female,Kadoma,Low,Individual,71,0,Cash,7,2,3,3,4,1,100
4711,Anesu Ndlovu,49,Female,Mutare,Medium,Family,84,0,Bank Debit,7,5,1,3,9,5,88
4712,Tinashe Munyoro,25,Female,Harare,High,Individual,29,5,Mobile Money,0,3,4,0,8,1,100
4713,Fadzai Mupfudze,52,Female,Marondera,High,Family,37,3,Ecocash,9,4,4,1,2,5,100
4714,Precious Mupamhanga,43,Male,Masvingo,Medium,Family,76,2,Mobile Money,9,2,4,2,4,4,100
4715,Tapiwa Chikore,67,Male,Chitungwiza,Medium,Family,81,5,Mobile Money,8,4,1,1,4,1,100
4716,Tatenda Moyo,28,Male,Kadoma,High,Individual,84,2,Ecocash,3,5,1,1,8,4,76
4717,Tawanda Mashava,56,Female,Chegutu,High,Family,64,1,Mobile Money,9,1,0,1,9,3,76
4718,Simba Ncube,30,Male,Bindura,Medium,Family,62,1,Cash,9,4,2,3,1,1,100
4719,Brian Masango,47,Male,Marondera,Medium,Individual,95,5,Mobile Money,4,0,4,0,9,1,100
4720,Kundai Chigumba,66,Male,Kwekwe,Medium,Individual,28,3,Bank Debit,5,2,0,1,4,5,47
4721,Tafadzwa Masango,63,Female,Bulawayo,Medium,Individual,105,3,Cash,1,0,3,2,7,1,75
4722,Fadzai Masuku,69,Male,Chitungwiza,Medium,Family,29,0,Bank Debit,8,2,4,0,5,2,100
4723,Tafadzwa Mutambara,29,Male,Masvingo,High,Individual,43,4,Ecocash,7,5,3,3,4,1,100
4724,Shingirai Mutizwa,71,Female,Harare,Low,Individual,99,0,Bank Debit,7,1,4,1,8,3,100
4725,Brian Mpofu,38,Male,Harare,Medium,Family,71,1,Ecocash,0,1,0,0,8,2,39
4726,Nyarai Mutambara,62,Male,Chegutu,High,Family,14,3,Bank Debit,8,4,1,2,9,3,100
4727,Tinotenda Mutasa,63,Male,Bindura,High,Family,38,2,Mobile Money,0,2,4,0,9,1,94
4728,Natsai Mutambara,65,Female,Victoria Falls,Medium,Family,45,3,Cash,9,5,4,2,2,5,100
4729,Shamiso Chiweshe,71,Female,Chegutu,Medium,Individual,24,0,Mobile Money,8,1,4,3,3,2,100
4730,Kudakwashe Moyo,18,Female,Chitungwiza,Medium,Family,83,5,Ecocash,0,3,0,0,4,3,45
4731,Natsai Chigumba,23,Male,Kwekwe,Low,Family,78,1,Mobile Money,8,5,2,1,4,4,100
4732,Anesu Mapfumo,41,Male,Gweru,Medium,Individual,81,4,Ecocash,4,1,1,0,9,3,61
4733,Kundai Mupamhanga,35,Male,Kwekwe,Medium,Family,105,1,Mobile Money,4,1,1,1,5,2,69
4734,Tatenda Mupinga,62,Male,Bulawayo,High,Individual,84,1,Ecocash,4,1,1,3,3,4,53
4735,Rutendo Mutsvairo,72,Female,Harare,High,Family,94,1,Ecocash,2,5,3,0,6,1,100
4736,Tinotenda Mupoperi,48,Male,Bulawayo,Low,Family,90,0,Mobile Money,6,5,1,3,5,1,100
4737,Rutendo Mashingaidze,52,Female,Harare,Low,Individual,34,1,Cash,3,0,3,1,9,5,53
4738,Tanaka Chikore,56,Male,Kwekwe,High,Individual,33,0,Ecocash,3,1,4,2,9,1,100
4739,Kudakwashe Munyai,48,Female,Hwange,High,Individual,103,4,Ecocash,6,3,3,0,5,4,97
4740,Nyasha Chiweshe,34,Male,Marondera,High,Individual,10,5,Mobile Money,4,2,4,2,7,2,100
4741,Kudzai Masango,66,Male,Masvingo,Medium,Family,26,3,Bank Debit,8,2,1,0,3,2,96
4742,Tatenda Munyai,27,Male,Victoria Falls,Medium,Individual,84,4,Cash,3,3,4,1,4,3,100
4743,Tapiwa Mupoperi,66,Male,Masvingo,Medium,Individual,36,1,Ecocash,9,1,4,0,3,1,100
4744,Simbarashe Masango,72,Male,Norton,Low,Individual,82,1,Mobile Money,6,3,4,3,2,5,99
4745,Faith Mupfudze,30,Female,Chitungwiza,Medium,Family,47,5,Mobile Money,9,4,2,3,1,4,100
4746,Tendekai Mutizwa,61,Female,Mutare,Low,Family,12,5,Ecocash,9,2,2,3,3,3,100
4747,Natsai Mashava,28,Male,Harare,Medium,Individual,28,0,Cash,8,3,4,3,6,2,100
4748,Clive Mutsvairo,35,Female,Bulawayo,High,Family,18,4,Ecocash,4,4,1,2,5,2,90
4749,Rutendo Mupamhanga,65,Male,Bindura,Medium,Family,102,2,Mobile Money,2,2,4,1,1,3,90
4750,Clive Ndlovu,44,Female,Bulawayo,Medium,Individual,45,3,Mobile Money,6,2,4,2,5,1,100
4751,Tanaka Chibanda,51,Male,Bindura,Medium,Individual,55,5,Cash,2,1,3,1,6,1,87
4752,Natsai Mupunga,63,Female,Chegutu,Low,Individual,59,3,Mobile Money,6,5,1,2,9,4,91
4753,Taurai Chirume,27,Female,Bindura,Low,Individual,45,1,Bank Debit,6,5,4,2,7,1,100
4754,Rumbidzai Mashiri,71,Female,Bindura,Medium,Individual,104,2,Ecocash,4,0,1,1,1,1,72
4755,Shingirai Mupinga,38,Female,Chitungwiza,High,Individual,14,4,Ecocash,8,2,2,2,9,3,98
4756,Memory Mutasa,51,Female,Bindura,Medium,Family,69,0,Cash,7,4,0,1,2,2,95
4757,Fadzai Masuku,53,Male,Kadoma,Low,Family,71,3,Cash,2,3,2,3,5,5,59
4758,Rudo Chiweshe,29,Female,Bindura,Low,Family,64,0,Bank Debit,1,1,3,3,9,4,58
4759,Tanaka Mupunga,55,Male,Victoria Falls,Medium,Individual,115,3,Mobile Money,5,4,0,1,1,3,79
4760,Tafadzwa Sibanda,21,Female,Kadoma,High,Family,96,0,Ecocash,0,1,0,1,4,4,23
4761,Brian Chirume,18,Male,Gweru,Low,Family,69,3,Ecocash,6,5,4,0,8,1,100
4762,Tinashe Mupoperi,42,Male,Kadoma,Medium,Individual,14,3,Bank Debit,5,0,2,2,9,3,69
4763,Elton Mutambara,30,Male,Victoria Falls,Medium,Family,71,5,Bank Debit,9,1,2,2,4,3,96
4764,Tendekai Chibanda,67,Female,Kwekwe,Low,Family,92,2,Bank Debit,7,5,3,1,1,2,100
4765,Shingirai Mupunga,44,Male,Victoria Falls,Low,Family,75,5,Mobile Money,7,3,4,0,9,1,100
4766,Kudakwashe Matiza,59,Male,Chegutu,Low,Family,31,1,Mobile Money,1,3,0,2,5,3,50
4767,Farai Nkomo,28,Female,Victoria Falls,Medium,Individual,24,1,Bank Debit,7,1,4,2,2,4,98
4768,Elton Dube,44,Male,Chegutu,Low,Individual,47,3,Cash,0,4,4,0,4,1,100
4769,Brian Munetsi,22,Female,Mutare,Low,Individual,78,3,Ecocash,1,5,3,0,6,2,100
4770,Tafadzwa Chigumba,69,Female,Bulawayo,Medium,Family,108,1,Cash,3,3,2,1,4,3,80
4771,Tinotenda Mhlanga,51,Female,Hwange,Medium,Family,89,3,Ecocash,6,3,3,1,3,2,100
4772,Ashley Mutizwa,47,Male,Masvingo,High,Individual,23,0,Cash,3,2,1,2,1,1,81
4773,Faith Mashiri,28,Female,Masvingo,Low,Family,69,5,Ecocash,9,3,0,1,8,2,98
4774,Brian Mupamhanga,34,Female,Gweru,Low,Individual,79,0,Bank Debit,3,0,2,3,8,5,43
4775,Tanaka Chigumba,35,Female,Hwange,Low,Family,23,0,Bank Debit,7,3,0,3,5,4,72
4776,Simba Mpofu,58,Male,Kariba,High,Family,79,3,Mobile Money,8,1,1,0,3,3,81
4777,Tendai Mutsvairo,35,Female,Chitungwiza,Medium,Family,108,4,Bank Debit,1,5,2,3,4,5,68
4778,Rudo Chirinda,66,Female,Gweru,High,Family,29,0,Cash,3,4,4,3,2,1,100
4779,Elton Mutizwa,43,Male,Bulawayo,Medium,Individual,48,0,Bank Debit,5,3,0,3,6,5,54
4780,Elton Chikore,38,Female,Kariba,Medium,Individual,87,2,Mobile Money,5,1,4,3,6,5,80
4781,Rutendo Moyo,53,Female,Gweru,High,Family,11,4,Ecocash,2,3,0,3,3,5,39
4782,Simbarashe Chibanda,38,Male,Mutare,Medium,Individual,38,3,Cash,6,3,2,3,4,2,100
4783,Tafadzwa Chigumba,72,Female,Mutare,High,Family,84,5,Mobile Money,0,0,4,1,5,3,64
4784,Tinotenda Mashingaidze,45,Male,Bindura,Medium,Individual,52,5,Mobile Money,9,2,2,2,9,5,87
4785,Rudo Mashiri,57,Male,Masvingo,Medium,Family,105,2,Mobile Money,9,2,4,2,1,1,100
4786,Tinashe Chikwanda,51,Male,Bulawayo,Medium,Individual,108,3,Mobile Money,0,2,3,3,7,2,76
4787,Melody Mupamhanga,69,Male,Bulawayo,Low,Individual,40,0,Ecocash,3,0,0,2,9,2,47
4788,Ashley Masango,63,Male,Hwange,Medium,Individual,18,2,Bank Debit,4,0,4,1,4,3,84
4789,Tinotenda Mutsvangwa,64,Male,Kwekwe,Medium,Individual,69,0,Mobile Money,4,1,3,1,7,5,65
4790,Clive Mutsvairo,33,Female,Hwange,High,Individual,46,5,Ecocash,7,2,2,1,8,3,93
4791,Faith Mashiri,54,Male,Kadoma,Medium,Family,119,2,Ecocash,8,0,0,3,3,2,72
4792,Prince Mutsvairo,72,Male,Mutare,Low,Family,110,1,Cash,4,2,0,1,1,4,52
4793,Simbarashe Chigumba,50,Male,Kariba,High,Family,86,0,Bank Debit,9,0,3,0,9,5,83
4794,Kudzai Nkala,57,Female,Kadoma,Low,Individual,85,4,Ecocash,4,3,2,0,5,3,85
4795,Tatenda Nkomo,58,Female,Bulawayo,Low,Family,119,5,Cash,0,5,4,1,6,4,91
4796,Melody Ncube,26,Female,Victoria Falls,Medium,Family,38,5,Mobile Money,7,3,2,3,5,2,100
4797,Tafadzwa Chirinda,28,Male,Kariba,Low,Family,12,4,Bank Debit,2,1,3,1,1,4,65
4798,Rumbidzai Dube,34,Male,Masvingo,High,Family,42,5,Cash,2,5,0,1,1,5,55
4799,Shamiso Chikowore,58,Male,Chegutu,High,Family,13,3,Mobile Money,2,2,0,2,9,4,40
4800,Tinashe Ndlovu,60,Female,Norton,Medium,Individual,91,1,Cash,8,0,0,0,5,2,72
4801,Tendekai Chikowore,60,Male,Chegutu,Medium,Individual,99,5,Ecocash,5,2,1,0,1,2,83
4802,Kundai Mutambara,51,Female,Chegutu,Medium,Family,89,5,Mobile Money,1,2,2,0,9,4,55
4803,Ashley Moyo,70,Male,Chegutu,Medium,Family,110,5,Mobile Money,1,0,3,2,2,5,43
4804,Farai Chigumba,32,Male,Hwange,High,Individual,74,0,Mobile Money,8,5,1,3,2,5,93
4805,Tendai Chirume,25,Female,Hwange,Low,Individual,28,0,Bank Debit,8,0,3,0,9,5,78
4806,Taurai Mataruse,33,Female,Chitungwiza,Low,Family,25,5,Ecocash,3,0,0,0,1,4,33
4807,Tafadzwa Mpofu,63,Female,Marondera,Low,Family,62,2,Mobile Money,2,2,4,3,7,1,100
4808,Simba Chikafu,55,Female,Bulawayo,High,Family,59,5,Ecocash,2,4,3,0,7,3,92
4809,Nyarai Munyai,39,Female,Marondera,High,Family,108,2,Cash,2,5,4,2,4,3,100
4810,Kudakwashe Moyo,60,Female,Kariba,Medium,Individual,118,1,Mobile Money,0,3,0,3,8,2,53
4811,Brian Nkala,45,Male,Harare,Medium,Individual,31,1,Cash,5,0,3,3,6,5,63
4812,Tendai Mupfumi,48,Male,Hwange,Low,Family,15,2,Mobile Money,0,2,0,1,9,4,30
4813,Tinotenda Mutambara,18,Male,Kariba,Medium,Family,13,3,Cash,3,2,4,2,8,3,93
4814,Nyarai Mutizwa,25,Female,Marondera,Medium,Individual,79,5,Cash,8,1,4,3,6,5,95
4815,Tapiwa Matiza,67,Female,Norton,High,Individual,112,1,Bank Debit,8,2,3,2,8,3,100
4816,Tadiwa Mashava,68,Male,Norton,Medium,Individual,46,0,Cash,9,0,2,0,8,4,81
4817,Prince Dube,60,Male,Chegutu,Low,Individual,89,0,Cash,3,2,0,3,7,1,69
4818,Rumbidzai Moyo,59,Female,Bindura,High,Family,76,3,Bank Debit,7,1,0,0,1,5,52
4819,Tonderai Matiza,52,Female,Mutare,Medium,Individual,64,1,Ecocash,5,2,0,2,6,2,71
4820,Anesu Chikwanda,44,Female,Kwekwe,Low,Family,12,1,Mobile Money,0,4,2,3,6,4,64
4821,Elton Mupinga,49,Male,Kwekwe,High,Family,107,4,Bank Debit,4,4,4,3,6,5,96
4822,Tafadzwa Mpofu,28,Female,Chegutu,Medium,Individual,119,3,Ecocash,3,2,4,0,2,3,93
4823,Natsai Mapfumo,24,Male,Gweru,High,Family,31,4,Mobile Money,5,3,2,2,7,3,90
4824,Melody Chirinda,63,Female,Norton,Medium,Individual,29,1,Cash,9,1,1,3,6,2,94
4825,Tinotenda Mutambara,62,Male,Marondera,Medium,Individual,24,4,Ecocash,7,1,4,1,4,5,90
4826,Prince Chirinda,39,Female,Masvingo,Medium,Family,106,2,Ecocash,5,2,1,3,2,3,73
4827,Rudo Sibanda,67,Male,Kariba,High,Family,77,3,Mobile Money,6,3,1,1,9,3,85
4828,Farai Ncube,53,Male,Victoria Falls,Low,Family,31,1,Ecocash,3,1,2,3,2,5,50
4829,Memory Mutsvairo,44,Male,Victoria Falls,Medium,Individual,41,5,Bank Debit,3,2,1,0,6,2,71
4830,Farai Mupunga,67,Male,Mutare,High,Individual,73,4,Cash,6,3,2,2,7,4,87
4831,Ashley Mupfudze,58,Female,Marondera,High,Individual,65,0,Cash,4,4,3,0,7,5,86
4832,Prince Masango,35,Male,Kariba,Medium,Family,86,0,Ecocash,2,3,4,1,8,1,100
4833,Memory Mashiri,18,Male,Chegutu,Medium,Family,60,3,Mobile Money,2,4,4,1,4,4,94
4834,Tendai Chirume,58,Female,Norton,Low,Individual,33,0,Cash,2,0,3,1,2,5,48
4835,Natsai Chibanda,22,Female,Masvingo,High,Individual,70,2,Mobile Money,1,1,1,0,6,5,30
4836,Precious Mupfudze,61,Female,Mutare,Medium,Family,14,0,Bank Debit,0,1,3,2,6,2,69
4837,Kundai Chikwanda,25,Female,Chitungwiza,Low,Family,87,2,Cash,5,2,3,1,3,2,100
4838,Taurai Sibanda,36,Female,Harare,High,Individual,69,0,Bank Debit,8,3,1,0,7,3,95
4839,Tanaka Nkala,34,Male,Chitungwiza,High,Family,92,1,Mobile Money,7,1,1,2,5,3,76
4840,Nyasha Mpofu,48,Female,Gweru,Medium,Individual,109,2,Ecocash,2,0,3,0,8,4,56
4841,Takudzwa Chigumba,66,Male,Bindura,High,Family,13,4,Mobile Money,4,1,2,2,5,4,63
4842,Taurai Mpofu,38,Female,Gweru,Low,Family,10,4,Mobile Money,1,2,1,0,6,5,37
4843,Simba Mutizwa,37,Male,Gweru,Medium,Individual,98,0,Ecocash,2,3,1,0,6,4,57
4844,Nyarai Mashiri,67,Male,Kwekwe,Medium,Individual,119,4,Mobile Money,5,1,3,1,5,3,86
4845,Nyasha Nkala,52,Female,Chitungwiza,Medium,Family,40,3,Mobile Money,4,5,0,1,2,4,71
4846,Tonderai Mashingaidze,38,Female,Hwange,Low,Individual,111,5,Cash,7,0,2,1,5,2,87
4847,Rudo Chiweshe,18,Male,Kariba,Medium,Individual,75,5,Bank Debit,3,3,0,1,1,3,62
4848,Nyasha Mupunga,18,Female,Kariba,Low,Family,12,4,Ecocash,9,3,0,0,7,1,100
4849,Nyasha Chikwanda,31,Female,Chegutu,High,Individual,119,3,Bank Debit,6,1,1,0,6,3,71
4850,Tinashe Mutambara,30,Male,Norton,Medium,Family,101,4,Bank Debit,3,3,3,1,3,2,98
4851,Melody Mapfumo,26,Female,Bulawayo,Low,Family,82,2,Mobile Money,2,5,0,0,6,5,53
4852,Memory Nkala,24,Male,Kariba,High,Individual,112,5,Mobile Money,6,5,1,3,6,3,99
4853,Tonderai Mhlanga,31,Male,Mutare,High,Individual,94,2,Ecocash,4,4,1,3,4,2,90
4854,Clive Mupfumi,47,Female,Bulawayo,Medium,Family,90,4,Ecocash,3,4,2,2,1,5,73
4855,Kudzai Chibanda,67,Female,Masvingo,High,Family,42,1,Cash,0,1,3,2,8,5,45
4856,Anesu Moyo,32,Female,Bindura,Low,Individual,64,5,Cash,4,2,1,0,2,2,76
4857,Kundai Mashingaidze,38,Male,Kadoma,Medium,Family,102,4,Bank Debit,7,2,1,0,9,3,83
4858,Tafadzwa Mupoperi,33,Male,Bindura,Medium,Individual,46,4,Mobile Money,9,0,0,0,8,3,69
4859,Tendekai Mashava,72,Male,Mutare,Medium,Individual,100,3,Cash,2,4,4,3,2,5,86
4860,Rutendo Munyai,57,Male,Bulawayo,Low,Individual,71,2,Ecocash,0,5,4,0,8,5,83
4861,Precious Moyo,31,Female,Kwekwe,Low,Individual,118,1,Bank Debit,4,0,2,0,6,3,64
4862,Rudo Munetsi,50,Female,Kwekwe,Low,Family,67,4,Mobile Money,5,0,3,0,7,2,87
4863,Farai Chibanda,28,Male,Gweru,Medium,Individual,66,4,Cash,3,2,3,0,2,4,75
4864,Anesu Mutizwa,51,Female,Kariba,Low,Family,29,0,Bank Debit,8,0,0,0,1,1,82
4865,Takudzwa Chirinda,51,Female,Chegutu,Low,Family,10,1,Mobile Money,9,5,4,3,3,2,100
4866,Tinashe Sibanda,36,Male,Mutare,Medium,Individual,117,0,Cash,7,3,2,1,2,5,84
4867,Simbarashe Chikwanda,55,Female,Chitungwiza,Low,Individual,93,4,Mobile Money,4,3,4,2,5,3,100
4868,Elton Munyai,42,Male,Masvingo,Low,Family,28,5,Mobile Money,8,2,2,1,5,4,90
4869,Tinashe Mupinga,30,Female,Hwange,High,Family,81,5,Mobile Money,4,4,0,1,1,5,58
4870,Nyarai Mupoperi,62,Female,Bulawayo,High,Individual,26,5,Mobile Money,6,2,3,2,1,1,100
4871,Rudo Mapfumo,43,Male,Kadoma,Medium,Family,55,5,Mobile Money,7,0,3,3,1,5,75
4872,Tapiwa Chirume,30,Male,Harare,High,Family,10,3,Mobile Money,2,5,4,3,3,3,100
4873,Farai Chigumba,26,Female,Mutare,Low,Individual,45,0,Mobile Money,6,1,1,1,6,4,63
4874,Taurai Masuku,70,Female,Kadoma,Low,Individual,14,5,Cash,9,4,0,0,1,4,91
4875,Shamiso Mutsvangwa,50,Female,Gweru,Low,Family,63,3,Cash,5,5,0,0,6,2,92
4876,Tinotenda Munyoro,53,Male,Marondera,Medium,Individual,26,1,Cash,1,3,3,0,7,4,72
4877,Natsai Mashiri,44,Female,Kariba,High,Family,38,2,Cash,1,2,4,0,2,5,67
4878,Rutendo Mashiri,27,Male,Gweru,High,Individual,85,0,Mobile Money,8,0,1,1,1,1,92
4879,Tendai Moyo,70,Male,Kariba,Low,Individual,26,3,Bank Debit,9,5,2,3,3,2,100
4880,Fadzai Mpofu,64,Female,Chegutu,Medium,Family,75,2,Ecocash,0,1,4,1,9,3,71
4881,Tinashe Ndlovu,44,Female,Mutare,Medium,Family,110,0,Ecocash,4,2,3,0,3,1,100
4882,Blessing Mpofu,34,Female,Kariba,Low,Individual,46,5,Ecocash,3,2,0,3,8,4,45
4883,Takudzwa Mutambara,52,Male,Chitungwiza,Low,Individual,61,0,Mobile Money,8,5,2,3,1,5,100
4884,Rutendo Mashiri,71,Female,Chitungwiza,High,Individual,87,5,Cash,0,0,1,3,6,2,42
4885,Clive Mashingaidze,58,Female,Harare,Low,Family,27,1,Cash,9,4,3,3,9,2,100
4886,Elton Munetsi,70,Male,Marondera,Medium,Individual,69,0,Cash,5,2,3,0,6,1,100
4887,Natsai Mashingaidze,36,Female,Harare,Medium,Family,85,1,Mobile Money,7,5,2,1,9,4,100
4888,Shamiso Chikowore,24,Female,Bulawayo,High,Family,66,0,Bank Debit,6,0,4,1,8,1,100
4889,Kudakwashe Mupinga,41,Male,Bulawayo,Medium,Family,61,5,Ecocash,1,2,1,0,9,1,69
4890,Rumbidzai Chiweshe,70,Male,Kariba,High,Family,24,5,Mobile Money,1,5,4,0,8,5,88
4891,Tendekai Mashiri,37,Male,Marondera,Medium,Family,25,2,Mobile Money,8,3,2,2,9,5,89
4892,Tafadzwa Mashingaidze,27,Male,Kwekwe,Medium,Family,79,3,Mobile Money,7,4,1,2,9,2,100
4893,Faith Munyoro,63,Male,Masvingo,Medium,Family,60,0,Mobile Money,7,5,0,2,5,2,100
4894,Tariro Munyoro,64,Female,Chitungwiza,Medium,Family,46,4,Bank Debit,8,1,4,0,3,5,95
4895,Farai Mutizwa,27,Male,Gweru,High,Family,75,5,Bank Debit,6,2,1,0,5,3,78
4896,Tonderai Mupamhanga,44,Male,Victoria Falls,Medium,Family,114,4,Cash,0,2,1,1,2,3,48
4897,Rutendo Nkomo,32,Male,Chegutu,Medium,Individual,40,4,Mobile Money,7,5,4,1,2,1,100
4898,Tanaka Chikafu,24,Male,Kadoma,Medium,Family,103,2,Mobile Money,2,0,0,1,4,4,26
4899,Clive Munyai,50,Male,Chegutu,High,Family,117,3,Ecocash,4,2,0,1,3,3,58
4900,Elton Mupinga,48,Male,Hwange,High,Individual,103,0,Bank Debit,5,3,0,2,5,5,54
4901,Fadzai Munyai,43,Male,Chitungwiza,High,Individual,11,1,Mobile Money,6,2,3,1,4,2,100
4902,Taurai Munyoro,53,Female,Kadoma,Medium,Individual,100,4,Ecocash,6,3,3,3,3,1,100
4903,Kundai Mutambara,59,Female,Kwekwe,Low,Family,52,1,Cash,0,1,2,3,6,5,35
4904,Tafadzwa Mutsvangwa,46,Female,Gweru,High,Family,34,0,Cash,6,1,1,2,9,2,79
4905,Tendekai Masango,38,Female,Kariba,Low,Family,18,2,Cash,7,5,2,2,4,1,100
4906,Tawanda Munetsi,44,Female,Masvingo,High,Family,58,3,Cash,5,0,4,0,1,1,100
4907,Simba Mhlanga,63,Male,Chegutu,Low,Family,89,3,Mobile Money,6,2,1,2,6,5,62
4908,Tinotenda Mupinga,39,Female,Gweru,Low,Individual,14,1,Cash,9,0,1,0,4,4,71
4909,Elton Mutizwa,22,Male,Mutare,Medium,Individual,23,0,Bank Debit,4,1,2,0,1,5,57
4910,Tariro Mashava,32,Male,Marondera,Medium,Individual,41,5,Ecocash,5,0,1,3,4,1,75
4911,Tonderai Mupfudze,58,Female,Bulawayo,Medium,Family,40,0,Cash,7,5,1,2,4,5,88
4912,Rutendo Chikore,73,Female,Victoria Falls,High,Individual,63,5,Ecocash,1,2,2,3,9,4,55
4913,Fadzai Mashava,31,Male,Masvingo,Low,Family,52,5,Bank Debit,2,1,1,3,2,2,59
4914,Tawanda Ndlovu,43,Male,Kariba,Low,Individual,73,2,Mobile Money,1,3,3,1,7,5,64
4915,Tinashe Munyoro,54,Female,Masvingo,Medium,Family,82,4,Cash,4,3,1,3,9,1,91
4916,Takudzwa Mupoperi,18,Female,Masvingo,Medium,Family,26,2,Mobile Money,7,2,2,3,9,5,77
4917,Prince Munyai,69,Female,Bulawayo,High,Family,27,2,Bank Debit,8,2,2,1,7,5,82
4918,Tendai Munetsi,24,Male,Kariba,Medium,Family,15,3,Cash,4,4,4,3,3,4,100
4919,Kudzai Chirume,23,Female,Bulawayo,High,Individual,33,4,Bank Debit,3,4,0,2,7,1,83
4920,Tadiwa Mupfumi,42,Female,Norton,Medium,Individual,60,1,Mobile Money,9,3,0,3,5,1,100
4921,Tadiwa Chigumba,39,Female,Masvingo,Medium,Individual,117,3,Bank Debit,7,0,1,2,8,2,77
4922,Shingirai Ncube,38,Female,Mutare,Low,Family,118,1,Ecocash,3,5,0,2,4,1,90
4923,Melody Munyai,25,Male,Harare,High,Individual,109,1,Bank Debit,9,1,4,2,2,4,100
4924,Precious Mupfudze,31,Female,Norton,High,Family,23,1,Bank Debit,7,1,1,0,9,3,76
4925,Brian Chikore,27,Female,Gweru,Low,Family,64,3,Cash,8,2,1,0,4,4,80
4926,Elton Moyo,58,Female,Masvingo,Low,Family,87,1,Cash,2,5,4,1,9,3,100
4927,Rumbidzai Munetsi,65,Female,Marondera,Medium,Individual,22,5,Bank Debit,5,1,4,0,8,1,100
4928,Rumbidzai Mupamhanga,62,Female,Norton,Low,Individual,96,3,Mobile Money,8,0,0,0,9,5,48
4929,Tinotenda Sibanda,48,Male,Kariba,High,Individual,34,3,Mobile Money,9,3,0,1,3,4,82
4930,Brian Mataruse,34,Female,Marondera,Low,Family,13,5,Cash,8,1,4,1,2,3,100
4931,Farai Chigumba,68,Male,Chegutu,Low,Family,11,1,Cash,4,2,1,1,6,1,84
4932,Nyasha Chirinda,72,Male,Victoria Falls,Low,Family,56,2,Mobile Money,8,3,3,2,8,3,100
4933,Ashley Mupfudze,58,Male,Mutare,High,Family,81,0,Bank Debit,9,5,2,0,9,1,100
4934,Natsai Mupamhanga,25,Female,Mutare,Low,Family,42,2,Bank Debit,9,4,0,0,6,2,100
4935,Elton Mutizwa,57,Female,Bindura,High,Family,41,3,Mobile Money,8,2,4,1,2,3,100
4936,Rumbidzai Chikowore,43,Male,Masvingo,Medium,Individual,49,2,Bank Debit,2,3,1,0,2,1,81
4937,Shamiso Mupinga,54,Female,Mutare,High,Family,116,5,Mobile Money,3,5,3,0,8,4,96
4938,Fadzai Mhlanga,67,Male,Norton,Low,Individual,42,4,Bank Debit,4,3,1,2,6,3,75
4939,Tinashe Mhlanga,53,Male,Masvingo,Low,Family,75,3,Bank Debit,3,0,2,0,3,5,43
4940,Taurai Sibanda,29,Female,Kwekwe,High,Individual,109,3,Mobile Money,1,2,4,3,3,2,91
4941,Tanaka Mupamhanga,35,Female,Kwekwe,Low,Family,74,3,Ecocash,9,4,4,3,8,1,100
4942,Tinashe Masuku,63,Male,Masvingo,Low,Family,95,0,Ecocash,6,4,4,0,5,3,100
4943,Kundai Dube,66,Female,Gweru,High,Individual,50,3,Ecocash,4,1,4,1,5,1,100
4944,Brian Chibanda,57,Male,Victoria Falls,Medium,Individual,31,3,Bank Debit,8,2,4,2,8,2,100
4945,Shingirai Chikore,29,Female,Mutare,High,Family,86,4,Ecocash,2,3,4,0,9,2,100
4946,Prince Mpofu,31,Female,Gweru,Medium,Individual,58,3,Ecocash,9,0,3,0,2,2,100
4947,Shamiso Moyo,36,Female,Mutare,Medium,Individual,35,1,Ecocash,2,5,4,2,6,4,100
4948,Natsai Chikowore,54,Male,Harare,High,Individual,75,4,Mobile Money,9,2,0,1,9,5,67
4949,Tanaka Dube,60,Female,Gweru,Medium,Individual,85,3,Bank Debit,7,2,0,0,2,2,81
4950,Melody Moyo,66,Male,Norton,Medium,Individual,87,5,Mobile Money,2,2,3,2,7,1,94
4951,Shingirai Chikore,26,Male,Kadoma,Low,Individual,12,0,Ecocash,4,5,1,2,7,5,73
4952,Tinotenda Masango,25,Female,Gweru,Medium,Individual,60,4,Mobile Money,3,5,4,0,2,2,100
4953,Tinashe Mashava,70,Female,Victoria Falls,Medium,Family,88,0,Cash,7,5,3,0,8,5,100
4954,Takudzwa Mashiri,37,Female,Bindura,Low,Individual,114,2,Ecocash,5,2,1,1,7,3,73
4955,Tinashe Mutasa,38,Male,Harare,Low,Individual,58,1,Mobile Money,9,4,4,1,6,1,100
4956,Taurai Mutsvairo,22,Female,Kariba,High,Individual,18,1,Mobile Money,0,2,0,1,8,3,38
4957,Rutendo Chikafu,65,Female,Bindura,Medium,Individual,16,3,Bank Debit,9,4,3,2,3,5,100
4958,Blessing Chirinda,68,Female,Harare,Medium,Family,91,0,Bank Debit,6,0,4,2,1,2,100
4959,Shamiso Munetsi,54,Male,Harare,Low,Individual,30,4,Ecocash,0,4,0,3,5,2,60
4960,Farai Chikafu,52,Male,Bindura,Medium,Family,41,5,Cash,9,2,3,2,7,1,100
4961,Simba Mapfumo,67,Male,Marondera,Low,Individual,43,0,Cash,4,4,0,2,3,1,88
4962,Rutendo Mataruse,60,Female,Kariba,Low,Individual,77,3,Ecocash,5,2,1,1,5,1,89
4963,Farai Mpofu,42,Male,Masvingo,Medium,Family,44,1,Ecocash,0,0,2,1,5,5,28
4964,Rumbidzai Matiza,57,Male,Kariba,High,Individual,44,1,Ecocash,8,0,2,0,5,1,100
4965,Tatenda Munyoro,61,Male,Bindura,High,Individual,25,5,Cash,6,0,1,2,5,4,56
4966,Tafadzwa Masuku,60,Male,Masvingo,Medium,Individual,99,1,Cash,7,1,2,3,1,5,72
4967,Tawanda Munetsi,62,Male,Kariba,Low,Family,20,4,Mobile Money,0,3,3,0,1,1,93
4968,Tapiwa Mashava,63,Female,Kadoma,High,Individual,87,3,Mobile Money,2,5,1,0,9,1,95
4969,Ashley Mutsvangwa,34,Male,Harare,Medium,Family,77,3,Ecocash,7,3,4,0,3,1,100
4970,Melody Chirume,62,Male,Hwange,Low,Individual,45,1,Bank Debit,9,4,2,3,3,1,100
4971,Kudzai Ncube,47,Male,Mutare,Low,Family,26,4,Bank Debit,7,3,4,1,2,4,100
4972,Kudzai Dube,47,Female,Marondera,Low,Individual,93,0,Cash,8,5,3,0,4,3,100
4973,Tadiwa Nkala,74,Female,Norton,High,Family,81,3,Ecocash,2,3,1,3,8,3,65
4974,Elton Chigumba,48,Female,Gweru,High,Individual,94,2,Bank Debit,3,2,4,3,3,2,100
4975,Tonderai Nkala,70,Male,Masvingo,Medium,Family,63,1,Bank Debit,4,0,2,2,8,2,72
4976,Nyarai Masango,67,Female,Hwange,Low,Individual,69,2,Cash,3,0,4,3,7,3,79
4977,Shingirai Ncube,38,Male,Marondera,Low,Family,78,5,Mobile Money,0,1,2,1,5,3,51
4978,Tendekai Sibanda,26,Male,Victoria Falls,High,Family,110,3,Mobile Money,3,4,4,0,9,1,100
4979,Rumbidzai Moyo,24,Female,Hwange,Low,Individual,39,2,Cash,2,2,4,0,1,4,82
4980,Rumbidzai Chirume,22,Female,Masvingo,Low,Individual,18,4,Ecocash,5,4,4,1,1,1,100
4981,Blessing Chirume,22,Female,Bulawayo,Medium,Family,87,0,Bank Debit,7,3,4,0,7,2,100
4982,Brian Mutasa,67,Male,Hwange,Low,Family,82,4,Ecocash,0,3,1,3,9,1,71
4983,Tapiwa Chirume,53,Male,Victoria Falls,Medium,Family,21,3,Ecocash,0,2,0,0,4,4,30
4984,Simba Mashingaidze,73,Male,Bulawayo,Medium,Family,88,5,Mobile Money,1,5,4,0,7,1,100
4985,Simbarashe Mashingaidze,32,Female,Kwekwe,High,Family,18,1,Ecocash,3,4,0,2,8,2,75
4986,Ashley Mashingaidze,35,Female,Chegutu,High,Individual,69,2,Bank Debit,0,5,4,1,1,1,100
4987,Fadzai Munetsi,74,Female,Victoria Falls,High,Family,97,2,Ecocash,1,1,3,0,5,2,74
4988,Shamiso Chikowore,51,Male,Hwange,Medium,Individual,118,4,Ecocash,4,3,3,1,8,3,95
4989,Rumbidzai Ncube,45,Female,Kariba,High,Individual,33,3,Mobile Money,6,1,0,1,1,1,79
4990,Tinotenda Chirume,66,Female,Bulawayo,Low,Individual,18,1,Bank Debit,1,5,0,3,2,3,64
4991,Memory Chiweshe,63,Male,Mutare,Medium,Individual,18,1,Ecocash,5,4,2,2,9,2,100
4992,Kudzai Chigumba,25,Female,Chitungwiza,High,Individual,91,3,Ecocash,2,2,4,1,8,4,80
4993,Tawanda Chikowore,59,Female,Bindura,Medium,Individual,44,4,Bank Debit,1,2,1,0,9,3,53
4994,Shamiso Ndlovu,26,Male,Kadoma,Low,Family,37,3,Cash,7,2,3,0,9,4,95
4995,Natsai Mhlanga,63,Female,Marondera,High,Family,46,3,Mobile Money,9,1,4,0,8,4,100
4996,Farai Munyoro,26,Female,Kariba,High,Family,37,4,Bank Debit,7,0,2,0,5,1,95
4997,Shingirai Mupinga,74,Female,Bindura,Low,Individual,119,4,Ecocash,4,1,1,1,3,5,45
4998,Kudzai Mutasa,42,Female,Kadoma,Medium,Individual,92,3,Ecocash,0,5,3,0,7,2,97
4999,Prince Mutambara,32,Female,Bulawayo,High,Family,81,4,Bank Debit,5,4,3,2,9,2,100
5000,Tanaka Mutizwa,61,Male,Marondera,Medium,Family,47,0,Mobile Money,2,4,1,1,6,5,56
